Farm_ID,State,District,Crop,Season,Farm_Area_Hectares,Rainfall_mm,Avg_Temperature_C,Humidity_pct,Sunlight_Hours_Day,Soil_pH,Soil_Moisture_pct,Nitrogen_kg_ha,Phosphorus_kg_ha,Potassium_kg_ha,Irrigation_Method,Fertilizer_kg_ha,Pesticide_Litre_ha,Seed_Quality_Score,Yield_Tonnes_Ha,Production_Tonnes,Market_Price_INR_Tonne,Total_Cost_INR,Revenue_INR,Profit_INR,Water_Used_m3,Water_Efficiency_t_per_1000m3,Disease_Pest_Risk_pct,Profit_Per_Ha_INR,Cost_Per_Ha_INR,Revenue_Per_Ha_INR
SF10001,Andhra Pradesh,Rajkot,Wheat,Kharif,0.53,486.4,24.3,69.1,5.8,7.14,32.8,75.8,61.3,91.0,Drip,242.7,4.33,0.76,2.46,1.3,23700,42662,30810.0,-11852.0,237,5.485,55.3,-22362.26,80494.34,58132.08
SF10002,Maharashtra,Nalgonda,Maize,Kharif,6.53,855.4,25.7,78.4,5.1,5.2,32.0,82.1,35.4,121.8,Flood,271.4,6.86,0.94,0.3,1.96,20613,492351,40401.0,-451950.0,4953,0.396,49.9,-69211.33,75398.32,6186.98
SF10003,Telangana,Warangal,Pulses,Rabi,4.86,455.6,23.9,56.4,10.3,5.82,8.1,118.5,51.5,117.9,Drip,162.6,6.08,0.98,0.52,2.53,75283,315210,190466.0,-124744.0,1275,1.984,33.7,-25667.49,64858.02,39190.53
SF10004,Telangana,Indore,Rice,Kharif,4.5,753.2,29.7,65.2,6.3,5.98,23.7,138.6,55.6,115.5,Rainfed,182.2,6.39,0.74,1.84,8.28,24244,296444,200740.0,-95704.0,3834,2.16,50.6,-21267.56,65876.44,44608.89
SF10005,Karnataka,Ludhiana,Maize,Zaid,4.21,101.6,34.1,55.2,6.5,6.9,29.3,124.1,69.0,121.4,Flood,244.9,7.61,0.9,2.21,9.3,20818,337959,193607.0,-144352.0,3287,2.829,32.3,-34287.89,80275.3,45987.41
SF10006,Gujarat,Raichur,Pulses,Zaid,5.46,356.0,33.6,49.0,8.3,6.93,11.4,105.1,34.7,78.7,Rainfed,58.8,4.48,0.89,0.72,3.93,68593,302333,269570.0,-32763.0,1093,3.596,57.1,-6000.55,55372.34,49371.79
SF10007,Telangana,Warangal,Wheat,Rabi,8.13,432.2,23.5,50.8,9.5,6.96,24.7,115.8,69.4,109.8,Rainfed,181.6,7.99,0.87,2.53,20.57,22951,513341,472102.0,-41239.0,2368,8.687,31.6,-5072.45,63141.57,58069.13
SF10008,Tamil Nadu,Ludhiana,Pulses,Kharif,5.34,860.2,29.0,64.9,7.9,6.09,36.9,112.7,60.9,115.9,Sprinkler,245.8,5.89,0.7,1.18,6.3,70042,436200,441265.0,5065.0,1704,3.697,54.2,948.5,81685.39,82633.9
SF10009,Karnataka,Guntur,Cotton,Zaid,6.98,624.7,33.4,46.8,7.9,6.41,12.3,66.9,47.6,134.2,Sprinkler,190.7,2.21,0.88,1.53,10.68,70771,525129,755834.0,230705.0,5079,2.103,54.7,33052.29,75233.38,108285.67
SF10010,Tamil Nadu,Raichur,Chilli,Rabi,13.69,415.8,22.3,57.3,8.6,6.6,23.3,117.9,37.2,116.6,Drip,168.8,7.29,0.7,2.29,31.35,94383,1004072,2958907.0,1954835.0,5984,5.239,41.7,142792.91,73343.46,216136.38
SF10011,Maharashtra,Krishna,Wheat,Rabi,4.7,390.8,24.5,43.5,7.8,5.93,25.2,137.9,31.4,70.0,Sprinkler,224.4,5.9,0.89,1.44,6.77,20806,289759,140857.0,-148902.0,2371,2.855,33.5,-31681.28,61650.85,29969.57
SF10012,Telangana,Rajkot,Maize,Rabi,14.07,315.3,24.2,53.7,5.9,5.87,29.4,100.6,50.8,65.8,Drip,178.7,5.34,0.71,1.36,19.14,20120,964512,385097.0,-579415.0,7467,2.563,35.0,-41180.88,68550.96,27370.08
SF10013,Punjab,Indore,Wheat,Rabi,6.04,431.5,24.1,59.8,9.0,8.23,27.0,162.3,60.1,113.0,Rainfed,170.3,4.73,0.91,0.3,1.81,23239,335153,42063.0,-293090.0,1411,1.283,49.6,-48524.83,55488.91,6964.07
SF10014,Gujarat,Indore,Pulses,Kharif,10.5,779.3,29.9,69.8,5.8,6.79,33.8,102.2,45.9,91.7,Rainfed,224.8,5.27,0.69,1.31,13.76,72375,852631,995880.0,143249.0,1556,8.843,50.6,13642.76,81202.95,94845.71
SF10015,Punjab,Indore,Rice,Kharif,4.38,762.0,25.0,80.2,6.7,6.54,36.9,143.8,50.4,92.6,Rainfed,149.8,6.44,0.95,3.32,14.54,21720,286933,315809.0,28876.0,3404,4.271,43.6,6592.69,65509.82,72102.51
SF10016,Andhra Pradesh,Warangal,Maize,Rabi,2.26,494.7,23.7,45.6,8.8,6.98,22.5,119.3,15.0,74.7,Flood,189.2,6.34,0.72,3.21,7.25,18985,182127,137641.0,-44486.0,1455,4.983,29.7,-19684.07,80587.17,60903.1
SF10017,Telangana,Indore,Cotton,Zaid,3.93,80.0,28.4,46.6,5.0,7.08,17.9,121.4,49.3,106.2,Flood,91.1,7.6,0.96,1.0,3.93,64034,218756,251654.0,32898.0,4210,0.933,32.3,8370.99,55663.1,64034.1
SF10018,Maharashtra,Ludhiana,Maize,Rabi,11.04,450.4,21.6,55.3,6.9,5.87,30.7,118.8,93.4,114.4,Rainfed,104.6,5.64,0.79,1.54,17.0,20107,727865,341819.0,-386046.0,3453,4.923,43.0,-34967.93,65929.8,30961.87
SF10019,Punjab,Nalgonda,Groundnut,Kharif,2.46,851.7,29.0,71.8,6.0,5.89,23.5,155.3,40.4,81.9,Drip,128.2,6.95,0.73,1.13,2.78,66966,143907,186165.0,42258.0,1220,2.279,53.1,17178.05,58498.78,75676.83
SF10020,Madhya Pradesh,Krishna,Pulses,Rabi,14.48,415.8,22.3,48.3,9.1,6.67,28.6,68.3,40.3,88.1,Drip,274.2,8.54,0.87,1.1,15.93,69127,1125931,1101193.0,-24738.0,4803,3.317,27.3,-1708.43,77757.67,76049.24
SF10021,Punjab,Ludhiana,Rice,Rabi,0.95,409.8,23.2,58.7,7.0,7.49,24.8,85.6,88.7,83.9,Flood,206.0,2.22,0.94,1.6,1.52,20424,58222,31044.0,-27178.0,1814,0.838,45.8,-28608.42,61286.32,32677.89
SF10022,Punjab,Krishna,Rice,Rabi,5.62,918.7,22.2,66.8,7.5,7.35,22.8,129.7,65.0,93.4,Sprinkler,179.8,7.59,0.79,2.4,13.49,19160,427915,258468.0,-169447.0,8350,1.616,47.7,-30150.71,76141.46,45990.75
SF10023,Andhra Pradesh,Raichur,Wheat,Rabi,12.59,212.6,23.2,72.2,8.6,7.35,28.0,99.3,63.0,65.7,Drip,162.4,8.68,0.9,1.25,15.74,24218,820257,381191.0,-439066.0,6064,2.596,32.0,-34874.19,65151.47,30277.28
SF10024,Andhra Pradesh,Nalgonda,Groundnut,Kharif,2.49,1021.3,26.1,70.1,6.7,7.31,15.6,127.8,60.1,68.1,Flood,129.7,7.95,0.9,1.08,2.69,64375,186339,173169.0,-13170.0,1713,1.57,41.6,-5289.16,74834.94,69545.78
SF10025,Telangana,Nashik,Wheat,Zaid,14.47,430.7,32.3,61.2,8.7,6.58,17.1,101.2,37.7,115.8,Rainfed,233.6,3.37,0.66,2.3,33.28,27284,1203928,908012.0,-295916.0,3869,8.602,64.0,-20450.31,83201.66,62751.35
SF10026,Gujarat,Indore,Pulses,Kharif,13.3,853.0,35.8,85.1,5.2,5.52,25.6,112.5,71.6,98.7,Sprinkler,265.5,4.23,0.67,0.3,3.99,82458,998865,329007.0,-669858.0,5584,0.715,75.8,-50365.26,75102.63,24737.37
SF10027,Madhya Pradesh,Krishna,Rice,Rabi,13.8,578.3,22.3,61.6,7.7,6.21,18.6,89.4,75.3,81.5,Drip,216.4,2.45,0.98,2.9,40.02,25815,744909,1033116.0,288207.0,17866,2.24,56.2,20884.57,53978.91,74863.48
SF10028,Punjab,Rajkot,Rice,Rabi,10.47,93.9,27.3,45.4,7.7,6.89,27.0,115.6,64.9,123.2,Rainfed,210.2,2.42,0.74,2.45,25.65,21364,545453,547987.0,2534.0,9077,2.826,45.7,242.02,52096.75,52338.78
SF10029,Tamil Nadu,Rajkot,Maize,Rabi,12.94,443.1,23.0,45.7,6.3,6.32,24.2,139.3,51.3,92.5,Sprinkler,286.7,8.22,0.97,3.01,38.95,20272,1176978,789594.0,-387384.0,8230,4.733,32.1,-29936.94,90956.57,61019.63
SF10030,Tamil Nadu,Rajkot,Groundnut,Zaid,13.15,565.4,32.7,50.7,7.3,6.65,15.6,158.0,46.8,151.0,Sprinkler,147.4,5.5,0.89,1.94,25.51,49492,695563,1262541.0,566978.0,7423,3.437,30.6,43116.2,52894.52,96010.72
SF10031,Telangana,Nalgonda,Chilli,Rabi,11.96,284.2,24.1,62.1,7.0,6.93,31.7,188.8,47.8,101.6,Rainfed,250.8,4.06,0.66,1.51,18.06,102219,738746,1846075.0,1107329.0,4721,3.825,40.2,92586.04,61768.06,154354.1
SF10032,Madhya Pradesh,Krishna,Groundnut,Zaid,0.69,372.1,31.7,30.8,7.4,7.92,12.2,127.3,66.2,131.1,Drip,139.4,4.39,0.96,0.3,0.21,54155,43431,11373.0,-32058.0,259,0.811,37.4,-46460.87,62943.48,16482.61
SF10033,Madhya Pradesh,Indore,Cotton,Kharif,11.35,1066.8,30.3,76.6,6.4,7.56,35.9,104.2,49.9,106.8,Sprinkler,230.7,4.16,0.7,0.64,7.26,72112,782371,523533.0,-258838.0,9585,0.757,67.7,-22805.11,68931.37,46126.26
SF10034,Andhra Pradesh,Guntur,Maize,Kharif,9.8,849.0,26.4,88.0,8.2,6.03,35.5,154.3,49.1,129.8,Sprinkler,220.2,4.34,0.72,3.65,35.77,21914,782502,783864.0,1362.0,5884,6.079,52.1,138.98,79847.14,79986.12
SF10035,Madhya Pradesh,Ludhiana,Wheat,Rabi,11.57,427.5,24.0,59.3,6.7,6.71,28.5,157.3,71.5,84.3,Sprinkler,186.8,1.13,0.86,3.83,44.31,26126,648827,1157643.0,508816.0,5400,8.206,61.4,43977.18,56078.39,100055.57
SF10036,Madhya Pradesh,Indore,Cotton,Zaid,7.05,179.4,34.1,55.5,8.7,7.0,14.8,94.3,66.8,101.3,Flood,231.5,7.26,0.96,0.75,5.29,66996,511293,354409.0,-156884.0,5944,0.89,29.0,-22253.05,72523.83,50270.78
SF10037,Tamil Nadu,Nalgonda,Cotton,Rabi,3.11,429.3,23.6,60.1,7.9,6.96,20.7,40.0,73.9,114.2,Drip,229.0,6.96,0.68,1.71,5.32,52396,243775,278747.0,34972.0,1780,2.989,33.0,11245.02,78384.24,89629.26
SF10038,Andhra Pradesh,Ludhiana,Cotton,Kharif,2.79,820.1,26.3,74.6,7.5,7.62,31.9,123.2,91.7,80.6,Flood,153.2,5.91,0.68,0.7,1.95,66405,175756,129490.0,-46266.0,3058,0.638,52.5,-16582.8,62994.98,46412.19
SF10039,Telangana,Warangal,Wheat,Kharif,4.69,657.7,27.1,64.9,6.2,7.85,31.9,87.6,87.5,81.5,Drip,218.9,4.78,0.92,0.98,4.6,25408,293568,116877.0,-176691.0,2392,1.923,50.0,-37673.99,62594.46,24920.47
SF10040,Tamil Nadu,Ludhiana,Maize,Kharif,6.12,936.0,31.8,56.3,7.1,7.03,30.3,91.9,48.0,103.6,Rainfed,46.3,8.07,0.79,3.24,19.83,24731,321710,490416.0,168706.0,2144,9.249,46.7,27566.34,52566.99,80133.33
SF10041,Karnataka,Indore,Pulses,Kharif,12.31,768.4,29.0,67.0,6.1,8.22,26.7,69.5,49.1,98.6,Flood,214.2,7.11,0.73,0.3,3.69,95238,791517,351428.0,-440089.0,6153,0.6,54.7,-35750.53,64298.7,28548.17
SF10042,Maharashtra,Erode,Wheat,Zaid,13.35,156.6,30.8,51.7,9.9,6.34,19.5,135.7,75.0,115.5,Sprinkler,158.2,5.76,0.77,1.69,22.56,22869,897488,515925.0,-381563.0,7377,3.058,17.1,-28581.5,67227.57,38646.07
SF10043,Karnataka,Krishna,Rice,Kharif,9.47,639.2,22.6,74.9,4.9,5.73,43.6,66.1,54.9,125.5,Rainfed,313.4,4.78,0.94,0.9,8.52,25346,744619,215948.0,-528671.0,7926,1.075,52.0,-55825.87,78629.25,22803.38
SF10044,Tamil Nadu,Erode,Wheat,Rabi,7.56,460.1,24.0,58.7,6.7,6.6,24.95,96.2,42.9,139.3,Sprinkler,241.9,5.34,0.69,2.6,19.66,24887,550176,489278.0,-60898.0,4545,4.326,44.7,-8055.29,72774.6,64719.31
SF10045,Madhya Pradesh,Krishna,Wheat,Kharif,14.23,853.7,28.2,77.6,6.9,7.04,31.8,109.5,61.7,148.7,Drip,163.7,4.26,0.85,3.35,47.67,23547,980255,1122485.0,142230.0,5966,7.99,55.4,9995.08,68886.51,78881.59
SF10046,Telangana,Erode,Wheat,Kharif,2.14,485.7,28.0,80.1,7.2,8.08,34.7,111.0,56.6,74.9,Drip,146.2,4.25,0.95,0.32,0.68,25224,116463,17152.0,-99311.0,791,0.86,49.4,-46407.01,54421.96,8014.95
SF10047,Andhra Pradesh,Nalgonda,Groundnut,Kharif,5.6,728.5,27.0,76.7,6.9,6.36,27.4,92.2,72.7,80.9,Sprinkler,194.0,4.7,0.71,2.63,14.73,53568,337133,789057.0,451924.0,3052,4.826,63.2,80700.71,60202.32,140903.04
SF10048,Punjab,Ludhiana,Sugarcane,Zaid,7.68,90.0,31.9,52.7,9.8,6.51,18.3,164.0,59.6,54.9,Sprinkler,136.9,8.04,0.76,36.69,281.78,3682,480826,1037514.0,556688.0,13263,21.246,30.0,72485.42,62607.55,135092.97
SF10049,Andhra Pradesh,Erode,Chilli,Zaid,5.52,91.3,34.1,63.0,7.2,5.55,20.9,124.8,75.2,130.8,Rainfed,207.3,4.96,0.87,0.3,1.66,102697,376564,170477.0,-206087.0,1257,1.321,43.9,-37334.6,68218.12,30883.51
SF10050,Madhya Pradesh,Erode,Rice,Rabi,8.8,792.2,21.5,51.4,8.0,7.8,21.8,104.1,61.9,82.3,Flood,223.7,6.7,0.7,0.76,6.69,19703,741670,131813.0,-609857.0,15881,0.421,53.6,-69301.93,84280.68,14978.75
SF10051,Telangana,Warangal,Rice,Zaid,9.82,227.2,29.5,63.5,7.6,6.81,17.8,122.5,54.9,97.0,Flood,162.7,0.62,0.78,2.87,28.18,21316,534995,600685.0,65690.0,16682,1.689,49.4,6689.41,54480.14,61169.55
SF10052,Andhra Pradesh,Rajkot,Pulses,Rabi,8.61,80.0,24.8,60.9,7.5,5.43,28.0,107.1,46.4,137.6,Sprinkler,178.1,4.92,1.0,0.3,2.58,71065,492155,183348.0,-308807.0,3106,0.831,40.2,-35866.09,57160.86,21294.77
SF10053,Gujarat,Indore,Rice,Zaid,11.52,206.2,34.3,50.3,10.0,7.01,32.7,106.7,50.4,98.1,Flood,112.7,6.15,0.87,1.69,19.47,19275,674473,375284.0,-299189.0,20211,0.963,18.9,-25971.27,58548.0,32576.74
SF10054,Telangana,Nalgonda,Maize,Kharif,3.18,591.2,28.1,63.9,6.8,5.66,30.8,126.9,27.6,137.7,Flood,289.5,5.4,0.77,1.11,3.53,17359,254223,61277.0,-192946.0,2327,1.517,39.8,-60674.84,79944.34,19269.5
SF10055,Andhra Pradesh,Raichur,Rice,Rabi,7.08,460.0,22.8,57.4,8.5,7.14,19.2,125.2,30.8,126.7,Flood,115.3,6.38,0.94,2.92,20.67,24229,591425,500813.0,-90612.0,16012,1.291,29.2,-12798.31,83534.6,70736.3
SF10056,Karnataka,Warangal,Groundnut,Rabi,11.7,167.3,26.2,62.4,6.8,6.3,21.8,122.8,27.7,135.0,Drip,240.5,5.39,0.94,1.29,15.09,50837,780159,767130.0,-13029.0,4665,3.235,39.4,-1113.59,66680.26,65566.67
SF10057,Telangana,Nashik,Pulses,Rabi,6.91,489.4,24.0,67.2,9.1,6.46,31.0,121.2,55.7,107.5,Drip,212.0,6.15,0.87,1.49,10.3,70845,462116,729704.0,267588.0,2165,4.758,34.5,38724.75,66876.41,105601.16
SF10058,Telangana,Nashik,Maize,Zaid,7.06,336.9,29.4,62.0,9.0,7.53,11.3,152.4,63.1,106.1,Rainfed,116.8,4.01,0.86,1.16,8.19,22633,430059,185364.0,-244695.0,2031,4.032,33.3,-34659.35,60914.87,26255.52
SF10059,Madhya Pradesh,Raichur,Maize,Zaid,6.62,278.1,31.1,59.3,8.3,7.55,19.1,129.3,82.0,47.0,Flood,168.0,2.1,0.89,1.34,8.87,18651,455124,165434.0,-289690.0,5550,1.598,47.6,-43759.82,68749.85,24990.03
SF10060,Gujarat,Erode,Groundnut,Kharif,10.0,664.7,25.1,72.3,6.8,6.49,32.8,118.6,31.3,69.5,Flood,139.1,5.53,0.76,2.07,20.7,59223,619756,1225916.0,606160.0,7146,2.897,42.2,60616.0,61975.6,122591.6
SF10061,Karnataka,Guntur,Groundnut,Kharif,14.38,1002.0,27.9,63.0,5.5,6.62,30.2,127.4,61.8,86.2,Rainfed,194.4,5.01,0.97,1.73,24.88,53834,972766,1339390.0,366624.0,4408,5.644,66.6,25495.41,67647.15,93142.56
SF10062,Karnataka,Ludhiana,Cotton,Rabi,14.23,404.4,19.4,55.8,7.9,6.99,22.6,182.0,52.9,80.5,Drip,127.2,1.21,0.9,1.8,25.61,70385,815920,1802560.0,986640.0,9798,2.614,50.7,69335.21,57338.02,126673.23
SF10063,Andhra Pradesh,Warangal,Cotton,Zaid,5.46,148.5,31.2,59.9,7.7,6.31,21.5,81.9,56.0,124.3,Flood,157.7,3.34,0.7,0.91,4.97,66056,309945,328298.0,18353.0,4831,1.029,31.8,3361.36,56766.48,60127.84
SF10064,Tamil Nadu,Warangal,Rice,Kharif,3.95,1028.8,24.2,69.2,6.2,5.95,29.4,105.4,48.3,123.3,Flood,136.3,4.4,0.92,1.62,6.4,23591,258728,150982.0,-107746.0,8230,0.778,46.8,-27277.47,65500.76,38223.29
SF10065,Telangana,Indore,Pulses,Kharif,14.43,1012.7,30.2,65.2,7.9,6.71,23.2,102.9,66.6,93.5,Rainfed,276.7,5.63,0.97,0.99,14.29,86381,980375,1234384.0,254009.0,2290,6.24,53.6,17602.84,67940.06,85542.9
SF10066,Maharashtra,Rajkot,Groundnut,Rabi,7.49,234.8,20.5,49.1,8.4,6.55,30.3,84.7,72.9,72.2,Sprinkler,107.5,3.99,0.82,1.42,10.64,60410,506733,642762.0,136029.0,3460,3.075,59.9,18161.42,67654.61,85816.02
SF10067,Tamil Nadu,Rajkot,Wheat,Rabi,7.25,410.0,23.4,61.1,9.4,7.08,28.3,199.3,60.4,66.8,Flood,198.1,7.33,0.8,2.66,19.28,20402,542011,393351.0,-148660.0,4731,4.075,41.4,-20504.83,74760.14,54255.31
SF10068,Maharashtra,Ludhiana,Pulses,Rabi,5.28,498.8,26.9,51.3,7.5,6.21,29.0,152.6,48.9,95.2,Drip,114.7,5.33,0.69,1.37,7.23,71305,292198,515535.0,223337.0,1540,4.695,44.1,42298.67,55340.53,97639.2
SF10069,Andhra Pradesh,Raichur,Rice,Kharif,12.69,851.6,27.7,81.1,6.0,7.6,31.2,124.5,74.6,136.5,Flood,165.3,7.52,0.8,1.59,20.18,20502,865223,413730.0,-451493.0,22011,0.917,48.8,-35578.64,68181.48,32602.84
SF10070,Karnataka,Warangal,Maize,Kharif,2.82,960.7,27.6,68.2,8.9,7.29,35.7,111.9,65.9,104.9,Flood,139.8,2.74,0.66,2.73,7.7,23906,171757,184076.0,12319.0,2056,3.745,59.3,4368.44,60906.74,65275.18
SF10071,Maharashtra,Krishna,Cotton,Rabi,14.72,338.5,21.2,68.5,7.7,6.06,25.7,132.5,15.0,148.5,Drip,145.7,6.76,0.84,1.0,14.72,61717,960387,908474.0,-51913.0,9888,1.489,35.8,-3526.7,65243.68,61716.98
SF10072,Madhya Pradesh,Krishna,Maize,Rabi,1.48,342.0,19.3,62.5,8.2,6.73,31.4,112.7,75.1,112.8,Sprinkler,149.1,6.66,0.7,3.61,5.34,19548,105743,104386.0,-1357.0,916,5.83,29.3,-916.89,71447.97,70531.08
SF10073,Tamil Nadu,Krishna,Cotton,Kharif,7.37,765.5,26.4,89.0,6.4,7.28,30.3,119.2,63.4,140.7,Sprinkler,110.1,7.05,0.73,1.38,10.17,71337,478922,725497.0,246575.0,6169,1.649,55.2,33456.58,64982.63,98439.21
SF10074,Gujarat,Raichur,Maize,Rabi,1.41,80.0,26.2,64.6,7.6,6.76,30.1,85.8,38.5,128.9,Drip,121.9,6.85,0.95,3.26,4.6,19255,84476,88573.0,4097.0,777,5.92,26.7,2905.67,59912.06,62817.73
SF10075,Madhya Pradesh,Nalgonda,Wheat,Kharif,13.3,935.5,28.0,55.6,6.8,7.21,27.3,131.9,48.9,93.9,Drip,149.7,0.64,0.72,2.77,36.84,22812,657906,840394.0,182488.0,5715,6.446,59.0,13720.9,49466.62,63187.52
SF10076,Maharashtra,Guntur,Sugarcane,Kharif,10.64,869.0,33.2,82.3,5.6,6.42,37.4,148.0,104.4,90.2,Flood,212.2,5.8,0.79,62.58,665.85,3651,755288,2431018.0,1675730.0,23608,28.204,58.8,157493.42,70985.71,228479.14
SF10077,Gujarat,Erode,Rice,Kharif,9.53,895.9,29.3,69.4,6.7,6.55,33.2,97.8,56.4,132.2,Flood,194.7,4.54,0.82,3.51,33.45,24003,693617,802900.0,109283.0,15015,2.228,46.1,11467.26,72782.48,84249.74
SF10078,Punjab,Nashik,Rice,Kharif,12.47,752.1,30.0,79.9,7.6,5.69,35.2,107.1,72.0,59.2,Drip,302.2,3.21,0.83,1.21,15.09,20835,870507,314400.0,-556107.0,17522,0.861,52.0,-44595.59,69808.1,25212.51
SF10079,Madhya Pradesh,Nalgonda,Chilli,Rabi,10.0,288.6,23.8,61.1,6.9,6.65,26.4,151.5,67.7,182.6,Flood,154.3,1.94,0.9,2.18,21.8,106176,681239,2314637.0,1633398.0,6656,3.275,48.4,163339.8,68123.9,231463.7
SF10080,Karnataka,Nashik,Sugarcane,Zaid,9.29,353.9,30.6,46.8,9.1,7.31,8.4,126.5,100.8,101.3,Rainfed,167.2,3.45,0.9,33.55,311.68,3955,541528,1232694.0,691166.0,8213,37.95,31.2,74398.92,58291.5,132690.42
SF10081,Gujarat,Ludhiana,Wheat,Rabi,9.89,336.6,21.1,47.1,7.6,6.98,21.9,131.3,60.5,132.2,Drip,137.0,6.19,0.7,2.45,24.23,24188,543083,586075.0,42992.0,4311,5.621,31.4,4347.02,54912.34,59259.35
SF10082,Madhya Pradesh,Nalgonda,Chilli,Kharif,4.98,840.8,28.0,70.9,7.9,5.66,28.3,134.4,46.7,94.8,Flood,151.4,7.02,0.77,0.6,2.99,101883,291542,304630.0,13088.0,4366,0.685,53.4,2628.11,58542.57,61170.68
SF10083,Andhra Pradesh,Raichur,Sugarcane,Rabi,2.46,629.3,23.5,47.5,8.9,6.32,27.2,158.9,44.2,116.8,Rainfed,139.4,6.41,0.83,49.52,121.82,3654,165909,445130.0,279221.0,2611,46.656,35.2,113504.47,67442.68,180947.15
SF10084,Karnataka,Warangal,Pulses,Rabi,7.06,347.6,24.4,51.4,6.9,6.69,19.7,121.2,40.0,78.1,Sprinkler,128.3,4.81,0.76,1.01,7.13,74942,364864,534336.0,169472.0,2392,2.981,44.1,24004.53,51680.45,75684.99
SF10085,Telangana,Guntur,Wheat,Rabi,14.18,306.6,24.3,49.5,7.9,6.68,24.0,161.0,49.7,135.6,Rainfed,173.4,9.13,0.9,2.54,36.02,22904,958688,825002.0,-133686.0,4746,7.59,33.9,-9427.79,67608.46,58180.68
SF10086,Telangana,Krishna,Rice,Kharif,11.43,1007.5,27.9,63.6,6.3,6.4,26.3,83.8,47.9,124.7,Flood,249.6,2.55,0.98,3.33,38.06,17866,836159,679980.0,-156179.0,17890,2.127,54.5,-13663.95,73154.77,59490.81
SF10087,Gujarat,Guntur,Wheat,Kharif,2.94,999.5,31.1,77.8,8.0,6.92,39.9,143.0,51.8,94.6,Sprinkler,132.4,4.74,0.9,2.65,7.79,24206,176531,188565.0,12034.0,1608,4.845,48.3,4093.2,60044.56,64137.76
SF10088,Madhya Pradesh,Warangal,Chilli,Kharif,5.72,931.0,28.2,70.2,8.9,6.93,27.8,77.7,68.9,107.2,Rainfed,236.9,5.57,0.8,1.98,11.33,109884,453409,1244986.0,791577.0,1628,6.959,55.9,138387.59,79267.31,217654.9
SF10089,Andhra Pradesh,Raichur,Chilli,Kharif,13.29,782.6,22.9,55.5,5.9,6.55,37.3,80.3,58.6,92.0,Rainfed,106.8,8.08,0.82,2.19,29.11,92503,635701,2692762.0,2057061.0,4522,6.437,34.3,154782.62,47833.03,202615.65
SF10090,Madhya Pradesh,Indore,Rice,Rabi,13.57,281.2,24.2,49.5,7.6,6.53,20.7,121.1,51.8,83.1,Drip,207.9,4.54,0.99,3.39,46.0,19221,896302,884166.0,-12136.0,20830,2.208,37.6,-894.33,66050.26,65155.93
SF10091,Telangana,Guntur,Cotton,Rabi,10.09,599.6,23.8,66.7,8.0,6.04,28.3,122.9,81.9,73.5,Drip,173.1,7.97,0.8,1.39,14.03,60616,643648,850442.0,206794.0,5719,2.453,46.4,20494.95,63790.68,84285.63
SF10092,Gujarat,Erode,Pulses,Rabi,12.32,683.4,29.7,37.8,7.5,6.7,21.8,111.9,54.0,65.2,Flood,117.7,5.41,0.91,1.58,19.47,58916,727065,1147095.0,420030.0,5323,3.658,35.7,34093.34,59015.02,93108.36
SF10093,Gujarat,Guntur,Sugarcane,Kharif,12.74,973.7,29.9,57.5,7.4,6.65,25.8,110.1,57.6,89.8,Drip,134.0,4.39,0.72,70.23,894.73,3671,856862,3284554.0,2427692.0,18596,48.114,51.9,190556.67,67257.61,257814.29
SF10094,Punjab,Nalgonda,Rice,Zaid,10.27,460.2,31.7,44.2,9.0,6.64,17.3,118.0,55.5,112.6,Flood,247.2,5.92,0.79,3.27,33.58,24002,766612,805987.0,39375.0,18301,1.835,17.1,3833.98,74645.76,78479.75
SF10095,Maharashtra,Indore,Groundnut,Kharif,4.03,1096.7,27.3,82.9,7.6,6.48,32.8,146.1,40.3,82.4,Rainfed,232.1,6.66,0.77,1.5,6.04,64834,258458,391597.0,133139.0,731,8.263,59.4,33036.97,64133.5,97170.47
SF10096,Gujarat,Warangal,Pulses,Kharif,3.76,950.0,25.5,84.0,5.8,6.33,33.7,140.9,62.8,130.3,Flood,150.0,3.28,0.95,1.21,4.55,70036,223965,318664.0,94699.0,1828,2.489,56.8,25185.9,59565.16,84751.06
SF10097,Tamil Nadu,Guntur,Pulses,Kharif,10.41,585.6,29.2,70.1,7.1,7.64,34.6,98.5,72.5,135.0,Drip,164.5,4.97,0.96,0.55,5.73,82936,684024,475223.0,-208801.0,3010,1.904,45.5,-20057.73,65708.36,45650.62
SF10098,Maharashtra,Ludhiana,Groundnut,Kharif,9.1,652.8,25.0,77.5,7.6,7.23,29.9,98.3,42.8,126.9,Rainfed,253.1,3.82,0.79,1.42,12.92,53588,545378,692357.0,146979.0,2681,4.819,61.5,16151.54,59931.65,76083.19
SF10099,Madhya Pradesh,Raichur,Pulses,Kharif,9.9,1121.7,27.6,75.5,6.1,6.85,39.5,107.2,89.9,103.5,Flood,167.8,4.7,0.87,1.06,10.49,88373,588226,927033.0,338807.0,4884,2.148,64.1,34222.93,59416.77,93639.7
SF10100,Madhya Pradesh,Krishna,Wheat,Rabi,13.36,297.6,24.5,63.9,6.4,6.15,22.1,95.1,28.5,132.6,Flood,283.0,4.95,0.74,1.66,22.18,24589,908232,545384.0,-362848.0,9398,2.36,45.9,-27159.28,67981.44,40822.16
SF10101,Andhra Pradesh,Erode,Pulses,Rabi,3.05,585.1,23.0,51.5,7.4,6.26,31.6,142.0,76.6,138.3,Flood,147.9,7.39,0.68,1.09,3.32,67572,207017,224339.0,17322.0,1492,2.225,31.3,5679.34,67874.43,73553.77
SF10102,Karnataka,Guntur,Wheat,Rabi,9.06,482.6,22.6,51.9,7.9,6.41,18.2,93.4,105.9,132.8,Flood,227.7,4.34,0.95,2.21,20.02,26429,549864,529109.0,-20755.0,5961,3.358,30.4,-2290.84,60691.39,58400.55
SF10103,Punjab,Ludhiana,Pulses,Rabi,4.45,703.6,21.8,52.5,5.7,6.48,28.3,121.8,57.4,115.6,Drip,193.1,2.63,0.69,1.35,6.01,86409,250066,519318.0,269252.0,1388,4.33,53.0,60506.07,56194.61,116700.67
SF10104,Tamil Nadu,Nashik,Maize,Kharif,2.35,679.8,30.6,66.0,5.8,7.17,31.4,88.1,67.2,89.4,Sprinkler,193.7,3.09,0.85,3.51,8.25,16408,157988,135366.0,-22622.0,1402,5.884,42.8,-9626.38,67228.94,57602.55
SF10105,Gujarat,Krishna,Wheat,Zaid,12.3,80.0,30.5,61.2,10.2,5.44,16.8,100.3,53.0,125.6,Flood,302.3,5.9,0.87,0.3,3.69,26773,1063989,98792.0,-965197.0,9826,0.376,31.3,-78471.3,86503.17,8031.87
SF10106,Telangana,Warangal,Groundnut,Kharif,13.44,981.1,27.2,78.8,8.2,6.5,25.0,114.7,39.9,76.1,Rainfed,194.3,6.1,0.9,1.79,24.06,52927,857391,1273424.0,416033.0,3856,6.24,55.7,30954.84,63793.97,94748.81
SF10107,Madhya Pradesh,Guntur,Groundnut,Zaid,11.21,241.9,32.0,37.0,9.3,7.28,21.3,119.5,42.9,98.4,Drip,347.9,10.76,0.89,1.0,11.21,58908,979301,660359.0,-318942.0,4291,2.612,5.0,-28451.56,87359.59,58908.03
SF10108,Maharashtra,Krishna,Groundnut,Kharif,0.73,758.7,29.5,95.0,5.0,5.2,25.6,75.5,44.9,89.9,Drip,172.9,3.64,0.9,0.3,0.22,52598,44813,11572.0,-33241.0,301,0.731,59.5,-45535.62,61387.67,15852.05
SF10109,Maharashtra,Rajkot,Cotton,Rabi,11.07,248.7,26.3,49.9,8.4,6.13,38.1,164.6,41.2,153.2,Drip,205.6,3.36,0.86,1.19,13.17,70978,655991,934780.0,278789.0,6911,1.906,44.5,25184.19,59258.45,84442.64
SF10110,Telangana,Indore,Maize,Rabi,4.05,478.5,23.1,73.2,8.5,7.09,23.2,130.0,50.9,120.0,Drip,341.6,6.2,0.85,3.95,16.0,19804,279751,316864.0,37113.0,2055,7.786,44.9,9163.7,69074.32,78238.02
SF10111,Maharashtra,Ludhiana,Pulses,Kharif,13.42,926.2,26.6,80.5,6.5,6.69,30.1,156.0,88.3,98.3,Drip,96.2,4.16,0.89,1.73,23.22,73297,584910,1701956.0,1117046.0,3763,6.171,58.5,83237.41,43584.95,126822.35
SF10112,Andhra Pradesh,Rajkot,Groundnut,Rabi,5.8,410.9,23.5,51.4,6.3,7.08,27.4,141.7,76.5,73.7,Drip,181.6,5.67,0.7,1.89,10.96,66100,384950,724456.0,339506.0,2058,5.326,42.7,58535.52,66370.69,124906.21
SF10113,Andhra Pradesh,Rajkot,Maize,Rabi,1.03,489.2,18.4,58.0,9.3,6.25,21.8,128.1,48.7,103.4,Rainfed,98.1,7.9,0.66,2.44,2.51,21424,60695,53774.0,-6921.0,291,8.625,20.3,-6719.42,58927.18,52207.77
SF10114,Tamil Nadu,Rajkot,Sugarcane,Rabi,14.35,740.8,24.8,72.5,7.9,7.0,26.3,87.3,30.2,107.6,Sprinkler,147.1,2.23,0.92,58.06,833.16,3807,847509,3171840.0,2324331.0,27123,30.718,64.2,161974.29,59059.86,221034.15
SF10115,Andhra Pradesh,Ludhiana,Pulses,Kharif,11.89,937.3,22.8,72.9,6.8,6.89,23.1,61.3,62.8,140.9,Rainfed,174.4,1.89,0.69,0.99,11.77,74584,840145,877854.0,37709.0,2683,4.387,64.9,3171.49,70659.8,73831.29
SF10116,Tamil Nadu,Raichur,Rice,Rabi,0.58,566.9,21.6,51.7,8.2,5.41,17.8,141.3,71.4,133.8,Drip,221.4,7.55,0.94,0.5,0.29,22660,40401,6571.0,-33830.0,849,0.342,37.1,-58327.59,69656.9,11329.31
SF10117,Andhra Pradesh,Warangal,Maize,Kharif,13.77,850.2,31.2,57.4,8.3,5.8,29.8,109.1,57.8,140.6,Flood,129.9,2.9,0.92,1.43,19.69,21209,705327,417605.0,-287722.0,8861,2.222,55.4,-20894.84,51222.0,30327.16
SF10118,Andhra Pradesh,Nalgonda,Rice,Zaid,13.6,327.7,26.9,42.8,10.0,7.34,15.7,118.0,32.6,59.6,Sprinkler,235.3,6.63,0.67,1.54,20.94,20763,955996,434777.0,-521219.0,20384,1.027,31.4,-38324.93,70293.82,31968.9
SF10119,Karnataka,Nashik,Pulses,Rabi,11.2,346.3,23.4,32.4,7.2,6.91,25.0,129.4,34.7,104.6,Sprinkler,129.0,6.4,0.81,1.12,12.54,69488,668822,871380.0,202558.0,3842,3.264,32.6,18085.54,59716.25,77801.79
SF10120,Karnataka,Erode,Groundnut,Kharif,13.76,968.7,27.3,71.1,5.7,6.88,27.0,96.8,62.5,128.4,Sprinkler,232.2,1.55,0.88,1.91,26.28,40712,964006,1069911.0,105905.0,7261,3.619,74.9,7696.58,70058.58,77755.16
SF10121,Gujarat,Rajkot,Groundnut,Kharif,11.46,619.1,24.5,83.3,6.6,6.71,30.4,84.1,46.5,113.3,Rainfed,184.4,4.84,0.84,2.07,23.72,65653,811732,1557289.0,745557.0,2898,8.185,60.2,65057.33,70831.76,135889.09
SF10122,Maharashtra,Erode,Cotton,Kharif,3.26,896.1,34.8,69.5,7.2,5.55,31.0,63.3,59.8,144.8,Sprinkler,164.3,4.67,0.98,0.3,0.98,57631,193353,56478.0,-136875.0,2439,0.402,51.3,-41986.2,59310.74,17324.54
SF10123,Madhya Pradesh,Warangal,Rice,Rabi,4.65,227.6,24.9,55.9,6.8,7.8,26.3,97.5,96.6,97.0,Flood,162.3,3.82,0.95,0.66,3.07,26404,294129,81060.0,-213069.0,8874,0.346,36.6,-45821.29,63253.55,17432.26
SF10124,Punjab,Indore,Pulses,Kharif,2.54,499.7,29.6,76.4,7.2,7.74,30.7,112.7,42.4,125.0,Drip,201.3,4.02,0.97,0.4,1.02,73000,182833,74460.0,-108373.0,895,1.14,51.3,-42666.54,71981.5,29314.96
SF10125,Madhya Pradesh,Rajkot,Pulses,Kharif,14.46,763.3,32.5,77.0,6.3,7.23,27.2,158.4,51.1,56.6,Rainfed,206.5,4.14,0.97,0.78,11.28,79479,1012756,896523.0,-116233.0,2927,3.854,65.4,-8038.24,70038.45,62000.21
SF10126,Maharashtra,Nalgonda,Chilli,Rabi,8.45,575.8,24.3,57.8,7.5,7.02,18.5,115.2,67.5,125.0,Sprinkler,197.3,4.51,0.93,2.34,19.77,90018,532885,1779656.0,1246771.0,5842,3.384,57.1,147546.86,63063.31,210610.18
SF10127,Telangana,Guntur,Wheat,Rabi,3.75,99.6,27.2,56.7,6.8,6.08,26.1,160.8,66.3,46.8,Rainfed,101.6,4.45,0.97,1.6,6.0,23135,192862,138810.0,-54052.0,1165,5.15,41.7,-14413.87,51429.87,37016.0
SF10128,Tamil Nadu,Erode,Wheat,Rabi,11.28,281.9,23.4,69.3,7.4,6.62,27.2,154.3,28.4,95.3,Rainfed,154.9,5.89,0.68,2.24,25.27,27337,702245,690806.0,-11439.0,3065,8.245,31.0,-1014.1,62255.76,61241.67
SF10129,Maharashtra,Raichur,Maize,Rabi,10.33,606.2,21.7,46.6,9.5,6.73,33.2,121.8,60.8,92.8,Drip,166.9,3.5,0.84,4.89,50.51,19769,685674,998532.0,312858.0,5130,9.846,48.8,30286.35,66376.96,96663.31
SF10130,Maharashtra,Nalgonda,Pulses,Rabi,3.95,296.0,23.2,68.3,8.3,6.93,17.0,77.0,76.7,68.9,Sprinkler,114.9,9.35,0.74,1.01,3.99,86219,272305,344014.0,71709.0,1545,2.583,22.2,18154.18,68937.97,87092.15
SF10131,Tamil Nadu,Nalgonda,Wheat,Kharif,4.55,759.9,26.9,78.0,8.1,6.17,32.2,115.5,63.7,55.6,Flood,127.0,5.57,0.91,2.73,12.42,23075,292455,286592.0,-5863.0,3187,3.897,47.0,-1288.57,64275.82,62987.25
SF10132,Karnataka,Guntur,Cotton,Kharif,6.85,1044.5,26.3,73.7,7.1,7.12,31.5,153.5,70.0,88.9,Sprinkler,178.3,4.87,0.96,1.86,12.74,67026,398694,853911.0,455217.0,5482,2.324,46.2,66455.04,58203.5,124658.54
SF10133,Telangana,Warangal,Sugarcane,Kharif,3.83,1158.2,27.2,68.4,7.0,7.4,32.2,84.3,51.2,95.2,Sprinkler,252.4,5.08,0.82,29.47,112.87,3123,263380,352493.0,89113.0,6337,17.811,53.9,23267.1,68767.62,92034.73
SF10134,Telangana,Indore,Chilli,Rabi,5.69,765.3,22.2,56.6,7.4,6.42,21.5,139.4,72.6,128.8,Flood,227.4,5.88,0.87,1.88,10.7,117774,375375,1260182.0,884807.0,5136,2.083,37.9,155502.11,65971.0,221473.11
SF10135,Tamil Nadu,Ludhiana,Cotton,Rabi,8.33,537.6,20.5,63.2,7.2,7.31,30.0,126.6,82.2,98.2,Drip,201.8,3.16,0.7,1.11,9.25,62535,460863,578449.0,117586.0,5878,1.574,41.0,14115.97,55325.69,69441.66
SF10136,Telangana,Erode,Cotton,Rabi,4.29,812.8,28.0,56.6,8.7,7.65,27.6,126.0,43.4,158.3,Rainfed,272.7,5.64,0.97,0.51,2.19,71950,281826,157570.0,-124256.0,1849,1.184,57.3,-28964.1,65693.71,36729.6
SF10137,Madhya Pradesh,Nashik,Groundnut,Rabi,5.33,582.1,22.4,44.7,8.0,5.2,19.5,133.4,63.0,125.4,Flood,139.1,4.68,0.94,0.3,1.6,52984,278482,84774.0,-193708.0,3109,0.515,36.6,-36342.96,52248.03,15905.07
SF10138,Maharashtra,Krishna,Wheat,Kharif,6.37,672.2,25.3,66.5,8.6,6.73,37.6,115.8,60.6,108.7,Drip,137.3,6.29,0.91,4.38,27.9,23998,417483,669544.0,252061.0,3243,8.603,46.9,39570.02,65538.93,105108.95
SF10139,Telangana,Ludhiana,Wheat,Rabi,13.3,752.6,26.9,45.1,8.4,5.74,24.4,154.8,81.9,91.4,Drip,124.1,4.74,0.76,1.49,19.82,22320,912967,442382.0,-470585.0,6473,3.062,30.3,-35382.33,68644.14,33261.8
SF10140,Punjab,Erode,Wheat,Rabi,9.85,586.7,28.3,56.9,7.8,6.96,21.9,140.5,70.9,147.9,Flood,147.6,3.67,0.78,3.16,31.13,21067,752982,655816.0,-97166.0,7671,4.058,44.3,-9864.57,76444.87,66580.3
SF10141,Tamil Nadu,Warangal,Groundnut,Kharif,8.76,443.7,28.8,77.7,8.4,8.4,32.3,139.5,47.3,96.8,Drip,281.3,2.15,0.99,0.3,2.63,59496,557065,156474.0,-400591.0,4202,0.626,66.0,-45729.57,63591.89,17862.33
SF10142,Madhya Pradesh,Nashik,Wheat,Kharif,11.36,695.0,25.8,67.0,5.6,7.19,31.1,134.4,69.3,108.5,Rainfed,245.2,6.07,0.89,2.17,24.65,19736,649416,486492.0,-162924.0,3334,7.394,38.8,-14341.9,57166.9,42825.0
SF10143,Andhra Pradesh,Rajkot,Wheat,Kharif,5.98,873.4,28.0,75.4,6.5,6.82,21.3,122.8,55.8,55.4,Rainfed,161.4,4.38,0.71,2.54,15.19,27576,333731,418879.0,85148.0,1807,8.406,49.4,14238.8,55807.86,70046.66
SF10144,Tamil Nadu,Nalgonda,Rice,Rabi,2.07,336.3,24.0,48.2,10.1,6.71,17.9,124.5,59.7,166.8,Sprinkler,147.6,2.53,0.74,3.98,8.24,20254,146114,166893.0,20779.0,2491,3.308,36.9,10038.16,70586.47,80624.64
SF10145,Gujarat,Ludhiana,Chilli,Rabi,14.69,159.9,22.3,47.4,9.2,6.06,18.8,192.2,58.9,131.2,Flood,178.5,6.0,0.91,1.39,20.42,107756,1018941,2200378.0,1181437.0,12655,1.614,34.2,80424.57,69362.9,149787.47
SF10146,Karnataka,Krishna,Wheat,Kharif,13.57,922.3,28.0,87.4,6.0,6.07,27.3,111.3,54.5,104.8,Flood,184.9,6.25,0.74,1.98,26.87,20998,864572,564216.0,-300356.0,9147,2.938,48.1,-22133.82,63712.01,41578.19
SF10147,Telangana,Erode,Cotton,Rabi,11.52,537.2,26.2,63.9,7.0,7.63,22.4,121.3,44.7,124.1,Flood,159.7,9.77,0.72,0.66,7.6,65554,894553,498210.0,-396343.0,10714,0.709,35.4,-34404.77,77652.17,43247.4
SF10148,Madhya Pradesh,Krishna,Chilli,Kharif,1.07,880.4,33.3,71.7,8.2,7.84,40.9,146.0,71.8,109.1,Flood,118.5,5.35,0.87,0.47,0.5,89501,71809,44750.0,-27059.0,742,0.674,47.4,-25288.79,67111.21,41822.43
SF10149,Maharashtra,Krishna,Groundnut,Rabi,2.86,108.0,27.9,78.3,9.4,6.97,23.2,153.2,85.1,100.1,Flood,166.9,4.18,0.78,1.49,4.26,59116,188358,251834.0,63476.0,1704,2.5,42.0,22194.41,65859.44,88053.85
SF10150,Telangana,Erode,Groundnut,Kharif,13.86,878.5,29.8,81.4,6.3,7.65,30.1,83.4,84.4,152.7,Flood,204.1,3.38,0.94,0.72,9.98,60346,1025521,602253.0,-423268.0,9248,1.079,70.8,-30538.82,73991.41,43452.6
SF10151,Punjab,Nalgonda,Chilli,Rabi,2.99,587.0,27.9,46.2,8.2,6.5,20.2,141.7,74.9,51.5,Drip,320.8,5.61,0.99,3.02,9.03,80884,250199,730383.0,480184.0,1595,5.661,32.3,160596.66,83678.6,244275.25
SF10152,Maharashtra,Nalgonda,Rice,Rabi,10.27,240.1,22.1,76.7,6.4,6.62,22.8,150.0,69.9,134.6,Sprinkler,164.7,4.52,0.96,3.2,32.86,17570,598738,577350.0,-21388.0,13621,2.412,30.7,-2082.57,58299.71,56217.14
SF10153,Karnataka,Krishna,Pulses,Kharif,8.5,634.4,23.6,52.2,6.1,7.95,28.8,159.3,50.2,143.5,Drip,151.5,4.78,0.72,0.31,2.64,67989,464484,179491.0,-284993.0,2785,0.948,35.0,-33528.59,54645.18,21116.59
SF10154,Punjab,Guntur,Rice,Kharif,6.24,896.0,28.4,65.9,5.8,7.92,25.6,162.5,70.1,79.7,Drip,133.7,4.96,0.79,0.73,4.56,21168,314286,96526.0,-217760.0,8937,0.51,55.4,-34897.44,50366.35,15468.91
SF10155,Telangana,Ludhiana,Sugarcane,Kharif,9.12,932.6,29.3,65.5,8.7,6.38,34.0,40.0,69.1,113.1,Flood,229.1,4.19,0.82,47.88,436.67,3550,751898,1550178.0,798280.0,21550,20.263,54.4,87530.7,82444.96,169975.66
SF10156,Madhya Pradesh,Guntur,Sugarcane,Kharif,4.5,867.9,27.3,66.6,7.2,6.17,38.2,115.9,48.2,91.2,Drip,225.6,4.01,0.82,62.09,279.41,3089,290078,863097.0,573019.0,8473,32.977,48.7,127337.56,64461.78,191799.33
SF10157,Punjab,Ludhiana,Sugarcane,Kharif,14.42,457.0,27.8,54.9,7.0,5.2,25.9,107.6,42.6,118.4,Rainfed,167.8,4.06,0.72,4.19,60.42,3027,907734,182891.0,-724843.0,13244,4.562,52.8,-50266.5,62949.65,12683.15
SF10158,Andhra Pradesh,Nashik,Cotton,Zaid,5.4,80.0,30.2,64.5,7.8,7.14,28.8,48.2,93.3,114.5,Flood,219.6,3.56,0.8,0.8,4.32,67951,342108,293548.0,-48560.0,5863,0.737,34.8,-8992.59,63353.33,54360.74
SF10159,Tamil Nadu,Warangal,Pulses,Kharif,13.92,1197.9,22.3,74.6,7.2,7.84,24.0,108.1,92.6,132.5,Flood,64.1,8.65,0.67,0.3,4.18,84840,1020899,354631.0,-666268.0,5884,0.71,49.9,-47864.08,73340.45,25476.36
SF10160,Karnataka,Guntur,Rice,Rabi,1.46,80.0,22.5,67.8,6.9,6.47,26.5,90.2,75.4,114.8,Rainfed,134.3,0.75,0.88,2.37,3.46,22447,88554,77667.0,-10887.0,1462,2.367,50.4,-7456.85,60653.42,53196.58
SF10161,Maharashtra,Nalgonda,Rice,Kharif,2.76,820.3,27.4,80.6,6.8,5.25,22.7,87.5,61.7,51.9,Flood,140.1,6.72,0.93,0.3,0.83,22344,185413,18546.0,-166867.0,5573,0.149,63.4,-60459.06,67178.62,6719.57
SF10162,Maharashtra,Nashik,Rice,Rabi,12.53,442.9,20.5,53.0,7.6,6.06,25.2,128.5,63.6,100.6,Sprinkler,76.8,6.87,0.87,2.33,29.19,24451,855715,713725.0,-141990.0,18604,1.569,29.7,-11332.0,68293.3,56961.29
SF10163,Telangana,Krishna,Maize,Zaid,1.58,313.9,27.7,41.8,9.0,6.87,16.5,142.9,59.9,99.3,Sprinkler,143.5,8.86,0.81,3.69,5.83,20761,121054,121037.0,-17.0,662,8.807,25.6,-10.76,76616.46,76605.7
SF10164,Madhya Pradesh,Erode,Pulses,Zaid,3.55,445.9,29.7,61.1,8.2,5.58,20.0,98.2,25.5,139.1,Flood,194.7,2.7,0.89,0.66,2.34,58920,206701,137873.0,-68828.0,1837,1.274,44.3,-19388.17,58225.63,38837.46
SF10165,Telangana,Guntur,Sugarcane,Rabi,4.0,391.2,25.6,59.8,8.7,7.19,21.8,76.7,74.6,111.1,Rainfed,189.6,7.85,0.67,36.91,147.64,3771,259517,556750.0,297233.0,3618,40.807,24.0,74308.25,64879.25,139187.5
SF10166,Andhra Pradesh,Erode,Wheat,Kharif,13.1,795.3,24.5,55.5,6.3,8.34,30.9,124.8,46.3,149.8,Flood,161.7,7.08,0.97,0.3,3.93,21813,871765,85725.0,-786040.0,10261,0.383,44.8,-60003.05,66546.95,6543.89
SF10167,Maharashtra,Warangal,Chilli,Kharif,14.99,697.7,27.4,61.3,6.5,5.53,26.2,172.2,76.6,104.8,Sprinkler,172.4,5.59,0.99,0.7,10.49,102884,940792,1079253.0,138461.0,8999,1.166,48.6,9236.89,62761.31,71998.2
SF10168,Tamil Nadu,Nashik,Rice,Rabi,8.43,407.1,21.3,60.1,8.0,6.59,24.4,116.4,70.6,128.5,Flood,301.1,2.9,0.98,3.22,27.14,18202,706137,494002.0,-212135.0,13146,2.065,33.7,-25164.29,83764.77,58600.47
SF10169,Karnataka,Erode,Chilli,Zaid,8.99,142.5,37.1,65.7,7.6,6.47,20.0,104.1,52.9,124.6,Drip,199.5,7.2,0.76,1.19,10.7,116560,644651,1247192.0,602541.0,4758,2.249,33.9,67023.47,71707.56,138731.03
SF10170,Maharashtra,Erode,Cotton,Rabi,4.65,520.0,20.1,58.6,8.0,6.32,31.3,85.4,85.2,69.1,Drip,69.1,4.84,0.89,1.43,6.65,70386,222809,468067.0,245258.0,2992,2.223,42.7,52743.66,47915.91,100659.57
SF10171,Maharashtra,Rajkot,Maize,Kharif,7.86,699.2,31.4,73.3,8.7,6.71,31.3,113.7,59.6,117.1,Flood,231.6,3.08,0.73,4.2,33.01,20755,430506,685123.0,254617.0,6532,5.054,47.7,32394.02,54771.76,87165.78
SF10172,Punjab,Warangal,Groundnut,Rabi,12.38,542.7,19.9,61.5,7.0,6.5,31.8,87.3,47.8,144.1,Flood,258.0,3.65,0.87,1.54,19.07,53882,963373,1027530.0,64157.0,8914,2.139,39.5,5182.31,77816.88,82999.19
SF10173,Maharashtra,Nashik,Pulses,Kharif,5.96,621.6,27.7,76.0,8.2,6.8,24.6,111.3,51.8,111.1,Rainfed,44.8,0.65,0.8,1.47,8.76,67101,213412,587805.0,374393.0,1242,7.053,59.3,62817.62,35807.38,98625.0
SF10174,Gujarat,Warangal,Rice,Rabi,4.76,464.9,21.6,62.5,8.1,5.86,20.0,40.0,58.0,52.8,Flood,191.3,2.86,0.96,1.11,5.28,21916,312302,115716.0,-196586.0,7861,0.672,46.0,-41299.58,65609.66,24310.08
SF10175,Telangana,Indore,Wheat,Kharif,2.03,1085.5,28.9,77.9,6.4,6.69,31.9,156.5,35.2,111.4,Rainfed,100.5,5.38,0.98,3.21,6.52,23900,127691,155828.0,28137.0,577,11.3,63.9,13860.59,62901.97,76762.56
SF10176,Karnataka,Guntur,Pulses,Zaid,2.53,80.0,34.0,56.9,8.8,7.99,22.8,131.0,39.9,129.8,Flood,262.9,6.8,0.99,0.3,0.76,67343,179667,51181.0,-128486.0,1363,0.558,35.4,-50784.98,71014.62,20229.64
SF10177,Karnataka,Warangal,Chilli,Zaid,13.38,117.8,31.6,43.9,6.4,7.07,19.4,182.1,34.4,122.0,Rainfed,158.9,4.95,0.78,1.5,20.07,92244,788466,1851337.0,1062871.0,4313,4.653,43.7,79437.29,58928.7,138365.99
SF10178,Gujarat,Nashik,Groundnut,Rabi,12.77,520.5,27.1,55.7,7.4,6.18,31.3,89.9,72.2,109.1,Rainfed,269.9,1.63,0.72,1.19,15.2,55049,974498,836745.0,-137753.0,4087,3.719,53.7,-10787.24,76311.51,65524.28
SF10179,Madhya Pradesh,Erode,Pulses,Rabi,7.05,356.7,27.0,49.5,6.2,5.2,14.4,156.7,45.1,164.2,Rainfed,116.3,8.18,0.99,0.3,2.11,76299,557552,160991.0,-396561.0,1334,1.582,21.6,-56249.79,79085.39,22835.6
SF10180,Maharashtra,Raichur,Rice,Zaid,10.65,177.6,31.5,43.6,8.0,7.55,18.2,144.8,31.1,122.8,Flood,184.8,5.33,0.9,1.0,10.65,17097,808697,182083.0,-626614.0,21888,0.487,28.0,-58837.0,75933.99,17097.0
SF10181,Tamil Nadu,Raichur,Wheat,Zaid,3.71,576.2,29.3,48.9,8.0,6.67,20.9,152.4,69.7,78.9,Rainfed,40.0,3.98,0.97,2.3,8.53,22539,163945,192258.0,28313.0,992,8.599,44.0,7631.54,44190.03,51821.56
SF10182,Madhya Pradesh,Nashik,Wheat,Rabi,7.42,532.6,24.4,65.0,6.8,6.94,25.9,83.0,50.6,92.5,Sprinkler,144.3,5.24,0.85,2.89,21.44,25961,476065,556604.0,80539.0,3382,6.339,45.8,10854.31,64159.7,75014.02
SF10183,Telangana,Nalgonda,Rice,Rabi,14.58,641.7,21.3,61.8,7.5,6.65,22.6,99.8,40.7,134.7,Flood,289.4,3.74,0.96,3.1,45.2,25564,1035362,1155493.0,120131.0,23605,1.915,43.4,8239.44,71012.48,79251.92
SF10184,Maharashtra,Krishna,Chilli,Kharif,11.4,815.8,28.6,80.2,8.8,6.61,37.0,133.2,69.6,100.5,Rainfed,145.7,9.41,0.76,2.38,27.13,102137,710093,2770977.0,2060884.0,3802,7.136,37.8,180779.3,62288.86,243068.16
SF10185,Telangana,Erode,Pulses,Kharif,1.95,1072.4,25.9,71.1,5.7,5.95,34.2,48.2,98.5,146.8,Drip,241.7,9.25,0.88,0.64,1.25,77841,134547,97301.0,-37246.0,628,1.99,46.9,-19100.51,68998.46,49897.95
SF10186,Maharashtra,Guntur,Rice,Zaid,7.74,271.1,36.0,49.9,6.5,7.22,16.9,112.5,39.0,152.0,Sprinkler,137.0,3.85,0.95,1.84,14.24,23621,593150,336363.0,-256787.0,11788,1.208,42.9,-33176.61,76634.37,43457.75
SF10187,Tamil Nadu,Indore,Rice,Rabi,2.39,432.75,21.3,55.5,8.4,7.08,30.0,103.3,53.4,102.7,Flood,177.5,6.51,0.77,2.41,5.76,22588,171055,130107.0,-40948.0,3882,1.484,43.3,-17133.05,71571.13,54438.08
SF10188,Telangana,Indore,Wheat,Kharif,1.44,927.2,27.3,75.8,7.2,6.61,36.9,188.9,61.6,121.1,Drip,215.6,4.27,0.74,3.53,5.08,24563,117305,124780.0,7475.0,666,7.628,72.6,5190.97,81461.81,86652.78
SF10189,Madhya Pradesh,Indore,Pulses,Rabi,5.67,358.4,25.1,59.5,7.5,6.62,30.1,151.4,39.8,124.4,Drip,184.6,4.55,0.81,1.27,7.2,73052,389581,525974.0,136393.0,1597,4.508,40.6,24055.2,68709.17,92764.37
SF10190,Tamil Nadu,Krishna,Groundnut,Kharif,2.04,927.0,27.7,70.9,5.0,6.97,31.8,154.2,68.9,113.4,Flood,257.7,8.39,0.67,2.06,4.2,52915,140715,222243.0,81528.0,1093,3.843,43.9,39964.71,68977.94,108942.65
SF10191,Tamil Nadu,Indore,Chilli,Kharif,2.16,1068.9,29.7,73.0,7.1,6.97,30.6,148.9,50.1,126.2,Sprinkler,308.3,6.18,0.83,1.7,3.67,102163,183052,374938.0,191886.0,1427,2.572,60.7,88836.11,84746.3,173582.41
SF10192,Madhya Pradesh,Rajkot,Wheat,Rabi,12.63,275.6,25.3,59.8,8.1,6.75,29.7,93.9,58.2,76.2,Rainfed,260.6,6.26,0.77,2.09,26.4,27106,850962,715598.0,-135364.0,3909,6.754,32.2,-10717.66,67376.25,56658.59
SF10193,Maharashtra,Ludhiana,Rice,Rabi,7.76,432.0,19.9,72.8,6.9,6.37,24.5,136.6,43.7,161.8,Drip,180.0,3.09,0.93,3.1,24.06,26456,533300,636531.0,103231.0,9887,2.433,43.4,13302.96,68724.23,82027.19
SF10194,Tamil Nadu,Nashik,Rice,Kharif,9.19,756.7,30.1,82.9,6.8,7.24,29.1,172.5,71.9,155.2,Flood,140.2,4.73,0.92,3.24,29.78,24484,589790,729134.0,139344.0,21159,1.407,72.7,15162.57,64177.37,79339.93
SF10195,Maharashtra,Raichur,Pulses,Rabi,12.32,371.0,24.4,50.4,8.3,7.25,25.7,80.0,28.9,96.8,Rainfed,224.9,2.66,0.94,0.67,8.25,79182,799704,653252.0,-146452.0,2643,3.121,39.6,-11887.34,64911.04,53023.7
SF10196,Andhra Pradesh,Erode,Cotton,Kharif,1.06,702.0,22.4,57.3,6.7,6.93,34.9,91.7,63.1,105.8,Flood,227.4,5.51,0.75,1.72,1.82,76512,76346,139252.0,62906.0,1005,1.811,42.2,59345.28,72024.53,131369.81
SF10197,Andhra Pradesh,Raichur,Rice,Kharif,4.53,1118.6,25.9,69.2,7.0,6.35,31.6,150.2,79.1,95.8,Sprinkler,202.0,7.96,0.97,3.08,13.95,26403,301726,368322.0,66596.0,6984,1.997,42.7,14701.1,66606.18,81307.28
SF10198,Madhya Pradesh,Erode,Wheat,Kharif,7.71,636.3,25.7,76.2,7.4,5.79,40.8,90.9,61.2,144.1,Drip,212.6,2.51,0.74,1.44,11.1,27940,498280,310134.0,-188146.0,3735,2.972,66.5,-24402.85,64627.76,40224.9
SF10199,Madhya Pradesh,Guntur,Wheat,Kharif,5.9,516.3,26.7,70.4,4.9,7.41,34.4,110.5,78.1,148.2,Flood,138.8,6.57,0.71,2.02,11.92,22196,430850,264576.0,-166274.0,3837,3.107,44.9,-28182.03,73025.42,44843.39
SF10200,Telangana,Indore,Rice,Kharif,9.01,1096.9,28.7,67.7,7.8,6.99,29.6,87.6,42.0,109.5,Rainfed,198.9,2.56,0.75,3.1,27.93,18625,573606,520196.0,-53410.0,5948,4.696,57.5,-5927.86,63663.26,57735.41
SF10201,Punjab,Ludhiana,Wheat,Rabi,5.61,227.1,22.6,77.0,8.4,6.19,30.3,148.9,56.1,91.2,Rainfed,213.6,7.57,0.98,1.44,8.08,20443,386380,165179.0,-221201.0,1481,5.456,19.7,-39429.77,68873.44,29443.67
SF10202,Telangana,Rajkot,Chilli,Kharif,4.29,720.0,27.5,71.6,6.9,8.13,26.0,160.9,62.8,100.2,Sprinkler,171.6,6.88,0.79,0.3,1.29,94967,274657,122507.0,-152150.0,2873,0.449,43.2,-35466.2,64022.61,28556.41
SF10203,Telangana,Nalgonda,Rice,Kharif,6.06,1331.9,29.0,64.2,7.1,5.67,33.9,106.4,55.6,76.4,Flood,205.5,7.46,0.77,0.68,4.12,20981,435383,86442.0,-348941.0,11662,0.353,57.5,-57581.02,71845.38,14264.36
SF10204,Telangana,Nalgonda,Wheat,Rabi,1.01,598.1,25.9,78.9,7.8,6.21,23.1,150.6,41.0,80.4,Flood,82.0,6.12,0.71,2.23,2.25,22156,60567,49851.0,-10716.0,694,3.242,49.5,-10609.9,59967.33,49357.43
SF10205,Andhra Pradesh,Guntur,Rice,Kharif,11.88,1083.4,24.2,62.5,6.2,8.13,38.7,110.9,52.6,56.4,Sprinkler,223.9,6.87,0.74,0.3,3.56,21194,733733,75451.0,-658282.0,18603,0.191,48.3,-55410.94,61762.04,6351.09
SF10206,Maharashtra,Raichur,Pulses,Rabi,2.9,387.8,19.8,63.0,7.5,7.1,20.5,95.2,66.5,171.8,Sprinkler,266.4,7.25,0.91,0.89,2.58,79398,255473,204847.0,-50626.0,984,2.622,32.4,-17457.24,88094.14,70636.9
SF10207,Telangana,Erode,Chilli,Kharif,13.11,888.3,29.6,52.4,5.2,6.23,34.0,125.8,52.3,80.1,Rainfed,129.2,3.3,0.71,1.77,23.2,105502,842025,2447646.0,1605621.0,4471,5.189,51.1,122473.0,64227.69,186700.69
SF10208,Gujarat,Indore,Wheat,Kharif,12.21,1074.1,27.2,66.7,6.6,6.64,36.0,130.7,76.2,96.2,Sprinkler,129.8,4.76,0.82,3.55,43.35,24703,914406,1070875.0,156469.0,7034,6.163,70.6,12814.82,74889.93,87704.75
SF10209,Andhra Pradesh,Indore,Chilli,Kharif,7.95,938.3,27.7,77.0,6.3,5.98,26.1,203.7,42.8,118.3,Rainfed,255.3,5.86,0.94,1.39,11.05,96896,521704,1070701.0,548997.0,2770,3.989,50.0,69056.23,65623.14,134679.37
SF10210,Maharashtra,Rajkot,Chilli,Rabi,14.57,521.6,24.7,60.1,7.5,7.46,29.4,168.3,51.8,93.8,Drip,155.4,5.78,0.89,1.42,20.69,111232,981067,2301390.0,1320323.0,8577,2.412,44.3,90619.29,67334.73,157954.02
SF10211,Tamil Nadu,Indore,Groundnut,Kharif,2.3,1057.3,27.6,64.9,6.3,6.85,31.8,138.3,60.2,111.1,Flood,213.4,7.08,0.68,1.89,4.35,56093,174691,244005.0,69314.0,1524,2.854,54.7,30136.52,75952.61,106089.13
SF10212,Tamil Nadu,Erode,Cotton,Zaid,10.3,318.6,33.7,47.5,8.2,7.62,15.0,111.4,51.8,120.7,Sprinkler,199.4,4.91,0.75,0.52,5.36,47673,679477,255527.0,-423950.0,7236,0.741,34.3,-41160.19,65968.64,24808.45
SF10213,Maharashtra,Krishna,Cotton,Zaid,0.66,667.2,32.2,57.5,9.3,6.69,17.0,112.1,57.0,96.1,Drip,161.4,7.77,0.76,1.93,1.27,64259,51256,81609.0,30353.0,414,3.068,35.3,45989.39,77660.61,123650.0
SF10214,Punjab,Krishna,Wheat,Kharif,11.89,657.1,27.7,64.3,6.6,7.16,37.0,129.9,39.4,130.1,Flood,174.7,7.55,0.77,2.84,33.77,23847,744612,805313.0,60701.0,7869,4.292,46.2,5105.21,62625.06,67730.28
SF10215,Punjab,Krishna,Rice,Kharif,13.64,634.6,28.6,78.5,7.1,6.29,22.7,119.6,45.3,97.4,Flood,307.0,8.86,0.99,3.59,48.97,20045,1201172,981604.0,-219568.0,31242,1.567,40.5,-16097.36,88062.46,71965.1
SF10216,Karnataka,Ludhiana,Maize,Zaid,8.28,402.2,32.2,39.1,8.6,5.54,16.4,91.9,60.5,83.7,Flood,200.0,2.95,0.94,0.53,4.39,17593,581982,77233.0,-504749.0,5444,0.806,43.4,-60960.02,70287.68,9327.66
SF10217,Punjab,Warangal,Maize,Rabi,7.77,477.4,22.7,58.5,7.5,7.77,24.8,103.6,41.1,138.8,Flood,269.7,7.32,0.96,0.9,6.99,19175,580465,134033.0,-446432.0,5864,1.192,30.8,-57455.86,74705.92,17250.06
SF10218,Gujarat,Warangal,Maize,Rabi,10.74,354.1,30.7,53.1,8.4,6.94,20.8,135.2,60.2,93.5,Rainfed,378.9,5.07,0.72,2.9,31.15,22268,854715,693648.0,-161067.0,3457,9.011,37.5,-14996.93,79582.4,64585.47
SF10219,Telangana,Nashik,Rice,Rabi,13.51,429.3,21.5,53.0,8.7,6.72,24.9,139.1,50.1,65.1,Drip,220.9,4.77,0.88,3.62,48.91,18502,1021676,904933.0,-116743.0,19127,2.557,39.5,-8641.23,75623.69,66982.46
SF10220,Punjab,Raichur,Wheat,Kharif,11.24,917.5,27.2,87.7,7.6,6.29,32.8,161.6,47.9,100.1,Flood,132.5,4.03,0.74,3.06,34.39,19691,684228,677173.0,-7055.0,7308,4.706,58.8,-627.67,60874.38,60246.71
SF10221,Punjab,Nalgonda,Wheat,Kharif,14.91,582.5,25.1,80.6,6.4,7.92,29.4,121.4,35.7,76.6,Rainfed,137.0,3.71,0.74,0.5,7.46,21510,843471,160465.0,-683006.0,3891,1.917,53.4,-45808.58,56570.82,10762.24
SF10222,Punjab,Rajkot,Pulses,Rabi,12.64,397.3,22.2,39.7,6.1,5.95,22.7,109.6,58.5,139.0,Sprinkler,182.9,6.11,0.81,0.57,7.2,68344,807725,492077.0,-315648.0,4935,1.459,25.9,-24972.15,63902.29,38930.14
SF10223,Maharashtra,Nashik,Sugarcane,Rabi,11.44,699.6,24.7,50.6,7.4,6.82,23.0,146.2,69.9,61.9,Rainfed,177.6,0.73,0.72,72.54,829.86,3876,638104,3216537.0,2578433.0,12436,66.73,58.0,225387.5,55778.32,281165.82
SF10224,Maharashtra,Erode,Groundnut,Rabi,11.68,662.0,26.9,55.4,8.6,6.76,20.5,129.6,42.3,81.8,Drip,284.1,3.59,0.81,2.31,26.98,48397,752579,1305751.0,553172.0,5070,5.321,60.1,47360.62,64433.13,111793.75
SF10225,Maharashtra,Nashik,Wheat,Rabi,11.73,631.8,24.3,59.5,6.4,5.8,25.5,146.0,31.5,128.9,Sprinkler,236.4,1.65,1.0,1.15,13.49,26910,688355,363016.0,-325339.0,6446,2.093,57.7,-27735.64,58683.29,30947.66
SF10226,Punjab,Indore,Rice,Rabi,14.85,93.2,23.1,57.7,7.0,6.52,24.7,169.6,36.8,77.0,Sprinkler,109.7,0.5,0.76,2.32,34.45,20864,754599,718765.0,-35834.0,21415,1.609,45.6,-2413.06,50814.75,48401.68
SF10227,Karnataka,Raichur,Maize,Rabi,1.07,569.7,22.8,61.5,7.7,7.05,27.1,161.9,69.4,72.6,Drip,278.3,1.92,0.97,4.38,4.69,24139,74863,113212.0,38349.0,607,7.727,53.5,35840.19,69965.42,105805.61
SF10228,Gujarat,Warangal,Sugarcane,Kharif,6.03,859.1,31.4,63.4,7.2,5.86,27.7,158.8,47.2,133.9,Rainfed,84.2,3.19,0.7,26.01,156.84,4457,302565,699036.0,396471.0,6273,25.002,53.8,65749.75,50176.62,115926.37
SF10229,Andhra Pradesh,Nalgonda,Cotton,Rabi,4.99,427.5,25.5,66.0,7.7,6.67,16.7,130.9,70.3,65.0,Drip,183.0,6.98,0.67,1.81,9.03,64283,363381,580475.0,217094.0,3228,2.797,43.0,43505.81,72821.84,116327.66
SF10230,Andhra Pradesh,Rajkot,Cotton,Rabi,8.12,525.4,23.1,48.3,8.4,7.6,24.9,139.2,42.9,106.7,Drip,269.7,8.1,0.99,0.75,6.09,69342,533293,422293.0,-111000.0,4611,1.321,12.6,-13669.95,65676.48,52006.53
SF10231,Maharashtra,Indore,Sugarcane,Rabi,4.03,443.6,25.0,80.0,8.7,8.02,29.3,66.1,48.4,168.5,Flood,151.4,5.38,0.67,6.4,25.79,2814,272172,72573.0,-199599.0,9527,2.707,51.1,-49528.29,67536.48,18008.19
SF10232,Punjab,Warangal,Rice,Rabi,3.04,762.2,24.1,74.1,8.0,5.9,28.4,169.0,19.9,66.1,Flood,124.6,2.59,0.84,1.88,5.72,19143,206700,109498.0,-97202.0,6612,0.865,61.6,-31974.34,67993.42,36019.08
SF10233,Tamil Nadu,Ludhiana,Wheat,Rabi,7.06,413.9,20.6,59.6,9.3,6.57,17.3,40.0,52.3,67.6,Rainfed,128.4,5.16,0.73,1.86,13.13,22016,356320,289070.0,-67250.0,1948,6.74,38.2,-9525.5,50470.25,40944.76
SF10234,Andhra Pradesh,Raichur,Groundnut,Zaid,9.37,593.0,28.3,45.1,9.3,6.03,16.4,147.2,50.1,115.4,Flood,112.6,6.51,0.78,1.11,10.4,49981,568865,519802.0,-49063.0,6123,1.699,38.7,-5236.18,60711.31,55475.13
SF10235,Punjab,Krishna,Maize,Rabi,13.85,322.4,24.3,49.9,7.4,6.79,21.4,101.7,55.0,125.8,Flood,177.6,6.81,0.88,3.57,49.44,21954,927022,1085406.0,158384.0,9586,5.158,17.2,11435.67,66933.0,78368.66
SF10236,Punjab,Erode,Cotton,Kharif,9.47,842.2,27.5,65.3,5.8,6.12,32.9,125.6,53.7,95.8,Sprinkler,192.6,4.22,0.66,1.48,14.02,66486,543335,932134.0,388799.0,7638,1.836,55.9,41055.86,57374.34,98430.2
SF10237,Madhya Pradesh,Nashik,Rice,Kharif,1.06,666.6,27.6,66.1,7.0,7.01,25.2,134.4,48.4,111.2,Flood,245.2,1.8,0.92,4.2,4.45,19831,71828,88248.0,16420.0,1875,2.373,68.8,15490.57,67762.26,83252.83
SF10238,Andhra Pradesh,Warangal,Cotton,Kharif,9.61,868.3,27.0,55.1,5.3,6.52,32.5,114.8,45.5,108.9,Rainfed,305.0,10.04,0.94,1.78,17.11,76635,744664,1311225.0,566561.0,4191,4.083,41.7,58955.36,77488.45,136443.81
SF10239,Tamil Nadu,Indore,Cotton,Kharif,14.86,831.2,26.2,83.4,5.1,6.48,26.8,98.7,63.4,81.3,Sprinkler,98.0,3.55,0.78,1.75,26.0,68849,724874,1790074.0,1065200.0,11571,2.247,57.4,71682.37,48780.22,120462.58
SF10240,Telangana,Raichur,Groundnut,Kharif,11.06,987.5,28.8,86.8,7.4,5.98,40.4,147.4,75.4,112.5,Drip,93.7,0.5,0.75,1.45,16.04,54909,560869,880740.0,319871.0,4046,3.964,73.5,28921.43,50711.48,79632.91
SF10241,Gujarat,Ludhiana,Groundnut,Kharif,11.73,864.6,29.4,64.3,6.0,7.03,37.2,143.3,55.8,103.4,Drip,216.4,6.38,0.94,2.15,25.22,55478,825852,1399155.0,573303.0,6297,4.005,45.4,48874.94,70405.12,119280.05
SF10242,Madhya Pradesh,Krishna,Wheat,Kharif,10.28,882.0,27.0,74.5,6.2,6.52,27.6,197.1,92.2,113.2,Sprinkler,177.5,2.4,0.7,3.7,38.04,23909,692487,909498.0,217011.0,6501,5.851,66.4,21110.02,67362.55,88472.57
SF10243,Maharashtra,Guntur,Chilli,Rabi,0.97,365.1,22.0,59.2,7.1,6.93,22.6,147.7,59.8,156.6,Drip,110.6,3.41,0.73,2.74,2.66,129624,63010,344800.0,281790.0,565,4.708,46.0,290505.15,64958.76,355463.92
SF10244,Telangana,Indore,Cotton,Kharif,5.8,1042.7,30.8,69.5,6.6,6.98,25.7,89.4,74.9,162.7,Flood,218.1,4.96,0.95,1.56,9.05,81028,435462,733303.0,297841.0,5518,1.64,63.7,51351.9,75079.66,126431.55
SF10245,Gujarat,Nashik,Cotton,Kharif,8.7,301.8,25.1,62.3,7.1,7.01,31.5,171.9,55.7,122.5,Flood,81.9,6.25,0.81,1.64,14.27,78943,542130,1126517.0,584387.0,7544,1.892,42.9,67170.92,62313.79,129484.71
SF10246,Tamil Nadu,Nashik,Maize,Zaid,7.23,589.9,30.3,46.3,9.2,6.72,18.7,145.3,71.0,114.7,Sprinkler,143.0,6.7,0.91,4.0,28.92,23402,463524,676786.0,213262.0,4998,5.786,34.3,29496.82,64111.2,93608.02
SF10247,Telangana,Nashik,Wheat,Kharif,10.39,853.1,28.7,69.4,6.1,7.01,39.2,109.7,62.3,118.3,Rainfed,178.9,3.73,0.93,2.43,25.25,26639,641176,672635.0,31459.0,2782,9.076,67.3,3027.82,61710.88,64738.69
SF10248,Maharashtra,Krishna,Chilli,Kharif,14.86,566.3,27.6,69.4,6.4,6.41,30.1,166.0,28.7,104.4,Flood,199.3,7.14,0.69,3.09,45.92,105082,1283161,4825365.0,3542204.0,12869,3.568,40.2,238371.74,86350.0,324721.74
SF10249,Andhra Pradesh,Raichur,Rice,Kharif,10.08,815.3,25.2,70.3,7.0,6.83,36.9,84.9,42.8,99.3,Flood,167.7,5.96,0.79,2.88,29.03,24070,884269,698752.0,-185517.0,17417,1.667,45.6,-18404.46,87725.1,69320.63
SF10250,Gujarat,Ludhiana,Pulses,Rabi,9.13,523.9,23.7,72.0,10.0,6.61,19.5,144.0,95.1,106.5,Drip,263.8,3.09,0.9,1.51,13.79,69559,695453,959219.0,263766.0,3257,4.234,50.7,28890.03,76172.29,105062.32
SF10251,Telangana,Raichur,Wheat,Kharif,6.11,1073.4,29.7,91.5,6.1,7.3,27.5,174.3,69.2,145.0,Flood,101.7,9.55,0.7,2.05,12.53,23410,390120,293327.0,-96793.0,3748,3.343,55.3,-15841.73,63849.43,48007.69
SF10252,Karnataka,Nashik,Wheat,Rabi,7.27,358.0,21.1,72.4,7.9,6.53,19.4,130.2,52.0,110.4,Rainfed,186.5,0.63,0.69,2.07,15.05,23711,434624,356851.0,-77773.0,1897,7.934,55.3,-10697.8,59783.22,49085.42
SF10253,Tamil Nadu,Ludhiana,Groundnut,Kharif,5.18,761.4,28.7,75.3,7.3,6.13,29.1,125.5,78.6,142.1,Rainfed,177.7,5.62,0.84,1.42,7.36,52109,340725,383522.0,42797.0,1083,6.796,49.7,8261.97,65777.03,74039.0
SF10254,Tamil Nadu,Ludhiana,Sugarcane,Zaid,5.93,297.3,33.3,61.0,9.4,6.61,17.8,173.1,40.7,95.7,Drip,210.9,5.35,0.83,62.76,372.17,3595,385870,1337951.0,952081.0,10283,36.193,58.7,160553.29,65070.83,225624.11
SF10255,Tamil Nadu,Guntur,Chilli,Kharif,3.02,851.4,28.5,74.7,7.1,5.92,33.8,167.4,92.0,96.9,Drip,224.2,3.85,0.76,1.09,3.29,108364,216704,356518.0,139814.0,1863,1.766,60.5,46296.03,71756.29,118052.32
SF10256,Andhra Pradesh,Guntur,Wheat,Kharif,5.86,1003.4,28.5,72.1,6.0,6.12,26.7,121.0,84.8,75.8,Rainfed,220.9,6.73,0.73,1.5,8.79,24053,415353,211426.0,-203927.0,1629,5.396,53.4,-34799.83,70879.35,36079.52
SF10257,Maharashtra,Rajkot,Maize,Kharif,2.35,881.7,30.5,74.0,7.0,6.36,19.1,121.9,80.6,102.6,Flood,96.8,6.78,0.7,3.64,8.55,22106,173694,189006.0,15312.0,1596,5.357,50.8,6515.74,73912.34,80428.09
SF10258,Punjab,Krishna,Chilli,Zaid,10.77,227.5,34.8,37.3,9.7,7.4,18.7,93.8,51.0,93.0,Sprinkler,246.0,3.31,0.89,0.79,8.51,105325,835467,896316.0,60849.0,7801,1.091,52.9,5649.86,77573.54,83223.4
SF10259,Gujarat,Raichur,Maize,Kharif,10.77,673.7,30.2,70.6,5.3,5.9,26.8,112.3,53.3,142.7,Drip,130.9,8.28,0.66,2.42,26.06,18503,687574,482188.0,-205386.0,5059,5.151,43.9,-19070.19,63841.6,44771.4
SF10260,Maharashtra,Nashik,Chilli,Rabi,8.75,648.9,21.3,67.1,9.0,6.07,25.2,70.8,59.2,114.8,Drip,245.5,6.75,1.0,1.38,12.08,115078,614924,1390142.0,775218.0,4203,2.874,48.0,88596.34,70277.03,158873.37
SF10261,Andhra Pradesh,Indore,Cotton,Kharif,1.94,956.0,26.8,71.7,6.7,5.89,27.7,94.4,54.0,75.4,Flood,96.5,7.43,0.81,0.84,1.63,60257,147405,98219.0,-49186.0,1563,1.043,55.3,-25353.61,75981.96,50628.35
SF10262,Punjab,Warangal,Pulses,Zaid,7.15,366.1,25.6,50.9,7.5,5.92,14.4,116.0,62.9,84.6,Drip,160.6,3.62,0.81,0.45,3.22,79258,389681,255211.0,-134470.0,2476,1.3,33.9,-18806.99,54500.84,35693.85
SF10263,Karnataka,Warangal,Rice,Kharif,7.67,427.9,29.1,78.1,7.6,5.37,31.6,117.2,52.4,73.2,Drip,252.2,5.61,0.78,0.45,3.45,17959,498588,61959.0,-436629.0,9465,0.365,40.8,-56926.86,65004.95,8078.1
SF10264,Maharashtra,Ludhiana,Chilli,Rabi,13.95,866.6,27.4,49.1,8.5,7.13,29.5,183.9,48.2,78.0,Sprinkler,182.4,3.33,0.85,2.53,35.29,112997,828217,3987664.0,3159447.0,8108,4.352,56.3,226483.66,59370.39,285854.05
SF10265,Maharashtra,Rajkot,Wheat,Rabi,13.89,545.1,24.4,59.6,8.5,6.59,17.3,77.6,88.6,135.9,Flood,233.3,4.44,0.83,3.06,42.5,24636,878128,1047030.0,168902.0,9998,4.251,51.0,12159.97,63220.16,75380.13
SF10266,Gujarat,Indore,Rice,Rabi,0.57,536.7,24.5,66.0,5.1,6.04,29.5,138.8,52.1,159.3,Rainfed,211.9,3.66,0.92,2.14,1.22,19550,35833,23851.0,-11982.0,494,2.47,49.4,-21021.05,62864.91,41843.86
SF10267,Punjab,Krishna,Wheat,Rabi,2.96,275.4,21.6,77.5,7.9,6.19,23.5,188.5,48.6,80.4,Flood,239.0,2.45,0.94,1.52,4.5,25497,179355,114736.0,-64619.0,2064,2.18,52.9,-21830.74,60592.91,38762.16
SF10268,Punjab,Raichur,Cotton,Zaid,11.51,80.0,32.4,60.4,9.7,7.1,17.7,128.6,37.9,116.7,Sprinkler,199.6,7.84,0.7,0.89,10.24,70893,718052,725944.0,7892.0,7255,1.411,34.6,685.66,62385.06,63070.72
SF10269,Andhra Pradesh,Raichur,Maize,Rabi,11.49,318.9,25.7,55.8,8.8,7.67,26.7,104.4,69.0,90.3,Flood,257.1,6.58,0.77,1.14,13.1,22919,994488,300239.0,-694249.0,8047,1.628,49.9,-60422.02,86552.48,26130.46
SF10270,Maharashtra,Rajkot,Maize,Kharif,10.27,923.0,27.6,76.1,9.0,7.28,24.2,69.6,31.5,108.9,Rainfed,250.5,4.46,0.8,1.93,19.82,19022,803191,377016.0,-426175.0,2747,7.215,50.2,-41497.08,78207.5,36710.42
SF10271,Punjab,Warangal,Sugarcane,Rabi,8.99,472.7,23.0,49.1,7.3,6.45,21.6,97.3,42.7,104.4,Drip,310.4,1.44,0.99,69.71,626.69,3101,680014,1943366.0,1263352.0,13059,47.989,52.8,140528.59,75641.16,216169.74
SF10272,Karnataka,Erode,Groundnut,Kharif,6.25,850.4,33.0,76.6,7.6,5.73,27.3,105.7,31.5,80.6,Sprinkler,161.9,6.4,0.74,0.45,2.81,57815,445735,162460.0,-283275.0,2848,0.987,44.8,-45324.0,71317.6,25993.6
SF10273,Punjab,Rajkot,Maize,Rabi,9.96,426.1,23.4,58.7,8.2,6.0,18.5,101.2,72.2,55.1,Flood,154.2,3.01,0.76,2.25,22.41,23140,591624,518567.0,-73057.0,7916,2.831,44.2,-7335.04,59400.0,52064.96
SF10274,Maharashtra,Nashik,Cotton,Kharif,10.1,1047.1,27.0,73.4,6.4,6.56,31.9,108.5,40.8,85.8,Rainfed,263.8,2.8,0.83,1.44,14.54,67923,579815,987600.0,407785.0,4445,3.271,66.0,40374.75,57407.43,97782.18
SF10275,Tamil Nadu,Ludhiana,Rice,Kharif,8.66,786.7,26.5,62.7,5.0,5.48,39.0,151.6,37.3,92.4,Flood,166.1,7.64,0.94,0.69,5.98,21738,686032,129993.0,-556039.0,17097,0.35,39.1,-64207.74,79218.48,15010.74
SF10276,Karnataka,Nalgonda,Cotton,Rabi,5.97,384.7,19.5,73.4,7.1,6.96,28.6,111.1,64.2,110.7,Flood,162.4,4.84,0.76,1.26,7.52,67143,336560,504915.0,168355.0,6239,1.205,52.9,28200.17,56375.21,84575.38
SF10277,Punjab,Rajkot,Wheat,Zaid,5.89,496.4,35.0,60.6,10.6,7.37,9.3,173.3,57.2,112.3,Flood,209.8,4.68,0.97,1.61,9.48,25369,485236,240498.0,-244738.0,4280,2.215,53.8,-41551.44,82383.02,40831.58
SF10278,Madhya Pradesh,Warangal,Pulses,Kharif,12.34,761.1,30.5,84.5,6.7,6.99,35.7,73.3,104.2,106.1,Sprinkler,234.8,6.1,0.97,1.52,18.76,66645,771910,1250260.0,478350.0,3148,5.959,64.1,38764.18,62553.48,101317.67
SF10279,Punjab,Guntur,Rice,Rabi,5.01,554.0,21.8,59.2,7.6,5.68,28.9,99.2,48.1,91.8,Sprinkler,250.9,8.15,0.98,0.97,4.86,22112,318690,107464.0,-211226.0,6835,0.711,20.5,-42160.88,63610.78,21449.9
SF10280,Tamil Nadu,Rajkot,Pulses,Kharif,5.83,682.7,25.4,78.1,5.8,6.21,32.8,159.2,51.9,124.5,Flood,138.7,4.13,0.88,1.3,7.58,67952,409290,515076.0,105786.0,2628,2.884,61.0,18145.11,70204.12,88349.23
SF10281,Gujarat,Indore,Maize,Rabi,11.24,341.7,17.3,58.6,7.6,7.14,27.6,162.9,63.7,145.0,Flood,247.3,6.37,0.77,2.54,28.55,20979,959734,598950.0,-360784.0,7130,4.004,39.1,-32098.22,85385.59,53287.37
SF10282,Telangana,Warangal,Wheat,Zaid,14.96,126.9,31.3,58.9,9.8,6.88,17.4,80.1,51.6,77.0,Sprinkler,249.5,3.67,0.83,1.84,27.53,22234,1014951,612102.0,-402849.0,8645,3.184,47.4,-26928.41,67844.32,40915.91
SF10283,Andhra Pradesh,Nalgonda,Cotton,Kharif,4.67,1182.2,30.4,82.4,8.3,7.57,35.8,175.0,80.7,162.0,Flood,200.9,5.73,0.71,0.63,2.94,76487,376848,224872.0,-151976.0,3547,0.829,61.5,-32543.04,80695.5,48152.46
SF10284,Gujarat,Rajkot,Maize,Kharif,12.39,578.9,27.8,71.2,6.2,6.48,39.1,84.7,65.7,119.9,Flood,127.8,2.52,0.88,3.39,42.0,26140,866233,1097880.0,231647.0,10156,4.135,41.0,18696.29,69913.88,88610.17
SF10285,Punjab,Warangal,Pulses,Rabi,4.58,320.1,25.2,47.4,9.4,5.55,25.4,151.6,66.1,89.2,Rainfed,80.9,0.5,0.97,0.3,1.37,71750,211886,98298.0,-113588.0,875,1.566,64.3,-24800.87,46263.32,21462.45
SF10286,Maharashtra,Warangal,Rice,Rabi,2.9,405.4,19.9,46.0,6.8,6.19,27.5,98.1,76.3,65.5,Rainfed,124.5,5.98,0.97,1.91,5.54,22564,176959,125005.0,-51954.0,2271,2.439,23.9,-17915.17,61020.34,43105.17
SF10287,Tamil Nadu,Indore,Maize,Kharif,12.36,1034.9,36.5,82.8,8.9,7.49,36.6,64.9,75.3,67.7,Flood,137.3,3.32,0.76,1.23,15.2,21733,716009,330342.0,-385667.0,8787,1.73,73.5,-31202.83,57929.53,26726.7
SF10288,Gujarat,Guntur,Wheat,Rabi,12.6,460.95000000000005,22.9,56.0,7.0,6.51,26.1,150.6,52.2,86.2,Drip,186.9,3.64,0.77,3.46,43.6,23714,689733,1033930.0,344197.0,5158,8.453,50.0,27317.22,54740.71,82057.94
SF10289,Maharashtra,Indore,Groundnut,Kharif,11.71,1004.0,28.9,55.2,5.6,7.44,31.5,161.4,59.1,73.7,Sprinkler,199.7,7.69,0.87,1.43,16.75,63360,713481,1061280.0,347799.0,7231,2.316,47.1,29701.02,60929.21,90630.23
SF10290,Madhya Pradesh,Raichur,Rice,Kharif,2.86,1011.4,28.9,95.0,6.6,6.91,29.6,119.9,88.4,50.0,Rainfed,170.3,6.68,0.84,3.03,8.67,24972,188064,216507.0,28443.0,2364,3.668,48.8,9945.1,65756.64,75701.75
SF10291,Maharashtra,Erode,Rice,Kharif,11.5,663.3,34.3,67.3,6.0,7.01,37.2,106.8,95.3,93.7,Rainfed,157.3,5.03,0.87,3.38,38.87,27717,793916,1077360.0,283444.0,9497,4.093,47.5,24647.3,69036.17,93683.48
SF10292,Maharashtra,Erode,Cotton,Rabi,0.63,248.7,22.6,65.5,7.3,6.74,19.6,136.9,43.9,90.9,Sprinkler,89.7,5.07,0.82,1.48,0.93,62638,33774,58253.0,24479.0,423,2.199,45.9,38855.56,53609.52,92465.08
SF10293,Tamil Nadu,Guntur,Chilli,Rabi,6.11,508.4,24.2,55.8,7.8,5.51,33.0,88.2,49.6,105.1,Rainfed,266.1,6.99,0.99,0.35,2.14,107507,452267,230065.0,-222202.0,2232,0.959,33.0,-36366.94,74020.79,37653.85
SF10294,Andhra Pradesh,Nashik,Chilli,Rabi,12.94,508.4,22.9,53.1,7.6,6.54,26.4,134.3,53.9,121.3,Drip,91.5,4.16,0.71,2.19,28.34,97175,735429,2753940.0,2018511.0,6402,4.427,48.3,155990.03,56833.77,212823.8
SF10295,Gujarat,Guntur,Maize,Rabi,10.44,535.9,22.0,47.0,6.3,6.43,29.0,116.6,43.8,96.4,Flood,214.4,5.14,0.75,3.38,35.29,21170,701150,747089.0,45939.0,6222,5.672,32.6,4400.29,67159.96,71560.25
SF10296,Andhra Pradesh,Warangal,Pulses,Kharif,1.13,614.7,31.2,90.6,5.2,6.61,29.1,127.7,53.4,76.9,Sprinkler,40.0,6.76,0.81,1.51,1.71,90561,82180,154859.0,72679.0,416,4.111,51.1,64317.7,72725.66,137043.36
SF10297,Karnataka,Warangal,Wheat,Rabi,2.43,461.8,21.1,55.5,7.7,6.24,28.4,115.1,83.9,55.6,Flood,196.3,7.23,0.7,1.96,4.76,22971,155312,109342.0,-45970.0,1710,2.784,33.0,-18917.7,63914.4,44996.71
SF10298,Andhra Pradesh,Ludhiana,Groundnut,Rabi,14.61,756.7,21.0,52.8,8.0,6.5,24.9,130.5,62.5,91.0,Sprinkler,235.4,6.4,0.87,1.9,27.76,59091,982758,1640366.0,657608.0,7408,3.747,43.5,45010.81,67266.12,112276.93
SF10299,Punjab,Erode,Sugarcane,Kharif,8.87,878.7,28.5,76.0,6.8,7.02,34.9,122.4,57.8,68.2,Sprinkler,220.9,4.83,0.9,71.83,637.13,3461,676634,2205107.0,1528473.0,14945,42.632,52.6,172319.39,76283.43,248602.82
SF10300,Karnataka,Krishna,Rice,Kharif,13.44,772.0,25.3,78.7,7.3,6.52,38.5,142.3,52.1,114.9,Sprinkler,266.4,6.65,0.82,4.3,57.79,24485,1121156,1414988.0,293832.0,19584,2.951,43.8,21862.5,83419.35,105281.85
SF10301,Gujarat,Krishna,Groundnut,Kharif,4.28,782.7,28.7,70.4,5.9,7.25,30.2,135.1,96.0,112.8,Rainfed,237.5,5.02,0.85,1.6,6.85,52680,244113,360858.0,116745.0,1165,5.88,47.1,27276.87,57035.75,84312.62
SF10302,Punjab,Krishna,Sugarcane,Kharif,14.92,684.9,30.6,60.8,6.2,6.08,31.7,91.1,56.1,87.4,Flood,163.6,6.19,0.82,45.71,681.99,3500,1103823,2386965.0,1283142.0,25870,26.362,51.8,86001.47,73982.77,159984.25
SF10303,Telangana,Warangal,Pulses,Kharif,2.98,914.9,33.2,81.3,6.0,8.23,26.7,130.1,28.1,94.8,Flood,144.6,7.6,0.73,0.3,0.89,83926,182599,74694.0,-107905.0,1396,0.638,38.4,-36209.73,61274.83,25065.1
SF10304,Tamil Nadu,Raichur,Sugarcane,Zaid,14.36,475.9,33.5,54.4,8.0,7.09,14.7,117.0,32.5,113.8,Drip,254.1,4.82,0.82,38.78,556.88,3749,1153131,2087743.0,934612.0,22104,25.194,46.0,65084.4,80301.6,145386.0
SF10305,Andhra Pradesh,Warangal,Rice,Kharif,2.12,1040.1,25.4,76.8,7.9,6.7,29.5,135.5,40.9,104.7,Rainfed,257.5,4.24,0.67,2.96,6.28,19355,118052,121549.0,3497.0,1741,3.607,50.7,1649.53,55684.91,57334.43
SF10306,Karnataka,Nalgonda,Chilli,Zaid,9.82,505.7,29.0,51.2,8.9,7.16,16.9,91.9,25.2,116.5,Drip,225.0,4.53,0.71,1.56,15.32,97132,748307,1488062.0,739755.0,4997,3.066,47.4,75331.47,76202.34,151533.81
SF10307,Tamil Nadu,Nalgonda,Sugarcane,Zaid,0.91,158.7,28.0,49.6,9.2,6.4,13.8,147.8,65.1,145.5,Sprinkler,143.9,5.38,0.76,49.31,44.87,3751,61468,168307.0,106839.0,1780,25.208,38.1,117405.49,67547.25,184952.75
SF10308,Gujarat,Indore,Sugarcane,Rabi,8.12,342.0,21.9,62.9,6.1,6.92,27.1,174.0,81.2,105.7,Flood,272.8,1.76,0.65,52.5,426.3,3061,542008,1304904.0,762896.0,19933,21.387,41.7,93952.71,66749.75,160702.46
SF10309,Maharashtra,Warangal,Sugarcane,Rabi,7.83,340.8,21.1,58.9,6.8,6.28,24.2,120.5,39.3,113.7,Drip,186.2,3.78,0.99,41.38,324.01,3157,495786,1022900.0,527114.0,12275,26.396,33.8,67319.8,63318.77,130638.57
SF10310,Telangana,Ludhiana,Wheat,Zaid,4.23,226.7,30.8,45.5,10.6,6.11,25.3,48.1,34.7,96.6,Flood,207.7,8.18,0.89,1.12,4.74,19674,331941,93255.0,-238686.0,2632,1.801,18.4,-56426.95,78473.05,22046.1
SF10311,Karnataka,Raichur,Chilli,Rabi,8.88,924.5,23.4,61.1,7.1,5.56,22.7,104.9,69.1,121.2,Drip,164.9,5.64,0.69,0.46,4.08,111544,614083,455100.0,-158983.0,5986,0.682,47.3,-17903.49,69153.49,51250.0
SF10312,Tamil Nadu,Indore,Cotton,Kharif,6.99,1001.0,25.5,67.5,8.6,7.01,33.8,75.0,100.1,90.0,Drip,277.4,5.04,0.75,1.79,12.51,65072,448934,814051.0,365117.0,5005,2.5,56.4,52234.19,64225.18,116459.37
SF10313,Punjab,Indore,Rice,Kharif,9.74,1029.2,29.3,90.2,5.3,6.2,33.8,98.7,59.8,142.9,Sprinkler,199.0,2.84,0.99,2.8,27.27,23869,699879,650908.0,-48971.0,17594,1.55,80.3,-5027.82,71856.16,66828.34
SF10314,Telangana,Raichur,Groundnut,Rabi,2.8,592.3,28.3,59.5,9.1,7.18,26.6,131.1,38.4,117.3,Sprinkler,157.4,5.49,0.83,1.75,4.9,59662,176849,292344.0,115495.0,1278,3.834,40.3,41248.21,63160.36,104408.57
SF10315,Gujarat,Indore,Rice,Zaid,6.31,337.1,30.6,51.2,7.8,6.07,19.8,107.4,42.7,72.8,Rainfed,174.6,6.91,0.82,1.38,8.71,23478,346570,204493.0,-142077.0,4924,1.769,32.2,-22516.16,54923.93,32407.77
SF10316,Karnataka,Raichur,Rice,Zaid,7.48,229.5,33.3,53.0,7.4,6.48,15.2,134.3,56.8,103.6,Drip,62.1,6.7,0.85,2.3,17.2,21871,375759,376181.0,422.0,8601,2.0,39.7,56.42,50235.16,50291.58
SF10317,Punjab,Raichur,Groundnut,Rabi,8.91,582.7,28.5,54.3,8.7,6.31,23.6,143.6,44.4,98.3,Rainfed,228.7,5.69,0.96,1.54,13.72,53288,588508,731111.0,142603.0,2776,4.942,51.2,16004.83,66050.28,82055.11
SF10318,Maharashtra,Indore,Rice,Kharif,1.19,873.2,30.0,69.3,7.9,7.73,32.6,130.8,41.0,82.6,Rainfed,236.3,6.67,0.72,0.93,1.11,22725,76362,25225.0,-51137.0,891,1.246,55.8,-42972.27,64169.75,21197.48
SF10319,Gujarat,Erode,Wheat,Zaid,2.3,246.5,32.4,61.3,8.3,6.47,19.4,102.3,68.6,119.1,Flood,157.0,4.6,0.78,1.88,4.32,22122,129621,95567.0,-34054.0,1644,2.628,31.4,-14806.09,56356.96,41550.87
SF10320,Punjab,Raichur,Groundnut,Kharif,9.15,767.5,26.5,75.4,6.7,6.1,30.4,87.3,81.8,130.5,Drip,309.3,4.28,0.89,1.62,14.82,58340,669624,864599.0,194975.0,4270,3.471,60.9,21308.74,73182.95,94491.69
SF10321,Maharashtra,Raichur,Chilli,Kharif,3.41,748.0,29.3,70.7,7.2,7.0,30.7,104.3,75.3,72.1,Flood,152.9,3.49,0.68,2.87,9.79,113770,241239,1113808.0,872569.0,2898,3.378,68.6,255885.34,70744.57,326629.91
SF10322,Andhra Pradesh,Warangal,Maize,Kharif,14.87,1125.6,27.3,82.1,6.1,5.52,30.2,83.6,59.2,84.1,Sprinkler,78.7,6.75,0.88,0.61,9.07,19625,770947,177999.0,-592948.0,10761,0.843,55.9,-39875.45,51845.8,11970.34
SF10323,Madhya Pradesh,Krishna,Rice,Zaid,4.49,383.1,33.8,50.1,8.5,7.97,16.0,136.6,89.8,144.2,Flood,151.0,5.31,0.67,0.42,1.89,23385,243970,44198.0,-199772.0,9468,0.2,44.3,-44492.65,54336.3,9843.65
SF10324,Karnataka,Erode,Rice,Kharif,7.02,978.4,30.9,66.1,6.5,6.77,33.5,164.0,59.0,38.6,Rainfed,307.9,7.16,0.8,3.01,21.13,22344,610824,472129.0,-138695.0,5559,3.801,45.7,-19757.12,87011.97,67254.84
SF10325,Karnataka,Ludhiana,Sugarcane,Zaid,14.07,80.0,32.7,49.7,6.4,6.88,18.4,152.7,44.6,82.6,Drip,253.2,4.73,0.92,41.51,584.05,3670,942002,2143464.0,1201462.0,22813,25.602,30.1,85391.76,66951.1,152342.86
SF10326,Maharashtra,Nashik,Maize,Rabi,7.96,477.9,22.1,64.3,9.0,7.17,30.5,118.3,52.7,112.3,Flood,223.6,4.73,0.88,2.39,19.02,20060,596875,381541.0,-215334.0,4794,3.967,40.5,-27052.01,74984.3,47932.29
SF10327,Tamil Nadu,Krishna,Sugarcane,Rabi,2.35,533.6,20.6,57.1,6.2,6.23,22.0,114.4,76.9,109.1,Sprinkler,189.4,2.98,0.95,49.62,116.61,3585,171900,418047.0,246147.0,4305,27.087,51.1,104743.4,73148.94,177892.34
SF10328,Telangana,Indore,Groundnut,Rabi,6.23,87.1,27.3,45.3,7.8,6.05,24.3,93.7,47.6,98.3,Flood,108.3,5.88,0.95,1.1,6.85,46950,454076,321608.0,-132468.0,4504,1.521,33.7,-21262.92,72885.39,51622.47
SF10329,Gujarat,Guntur,Groundnut,Kharif,2.76,1059.6,29.3,64.0,7.1,7.11,36.1,151.2,52.3,99.4,Flood,223.1,5.61,0.83,1.6,4.42,65416,201733,289139.0,87406.0,1748,2.529,55.6,31668.84,73091.67,104760.51
SF10330,Karnataka,Krishna,Maize,Kharif,0.77,1112.0,28.1,91.0,6.1,7.4,33.3,89.7,35.3,76.1,Drip,115.1,8.59,0.85,1.79,1.38,24141,45482,33315.0,-12167.0,356,3.876,54.7,-15801.3,59067.53,43266.23
SF10331,Madhya Pradesh,Erode,Groundnut,Rabi,11.17,159.6,25.7,71.8,8.0,6.3,19.9,132.3,71.0,94.7,Rainfed,199.4,8.73,0.77,1.16,12.96,57693,716530,747701.0,31171.0,2785,4.654,23.4,2790.6,64147.72,66938.32
SF10332,Andhra Pradesh,Nalgonda,Chilli,Kharif,13.02,976.8,31.6,85.8,6.3,6.47,32.9,125.6,75.2,116.2,Rainfed,331.4,4.56,0.73,1.71,22.26,81627,1038653,1817017.0,778364.0,4197,5.304,76.1,59782.18,79773.66,139555.84
SF10333,Punjab,Raichur,Groundnut,Kharif,3.54,707.6,27.9,89.2,7.8,6.75,34.3,132.5,88.2,159.6,Rainfed,199.2,4.97,0.85,2.45,8.67,57291,250741,496713.0,245972.0,980,8.847,64.4,69483.62,70830.79,140314.41
SF10334,Maharashtra,Erode,Pulses,Kharif,9.67,947.9,26.8,64.4,5.8,5.59,29.8,115.6,51.1,46.2,Flood,153.7,6.41,0.67,0.3,2.9,61274,653536,177695.0,-475841.0,4255,0.682,63.5,-49207.96,67583.87,18375.9
SF10335,Maharashtra,Warangal,Cotton,Rabi,8.26,359.0,19.0,51.5,9.4,7.7,26.3,40.0,20.2,95.3,Flood,237.5,3.9,0.74,0.31,2.56,66614,601583,170532.0,-431051.0,7092,0.361,30.4,-52185.35,72830.87,20645.52
SF10336,Andhra Pradesh,Nalgonda,Chilli,Kharif,2.64,956.5,27.9,57.9,7.4,7.74,38.6,40.0,54.1,81.5,Drip,124.5,4.84,0.88,0.6,1.58,96947,190964,153176.0,-37788.0,1562,1.012,55.8,-14313.64,72334.85,58021.21
SF10337,Punjab,Warangal,Rice,Rabi,9.57,686.3,26.1,70.3,8.6,6.41,22.8,132.2,63.9,79.0,Rainfed,212.7,5.19,0.71,3.75,35.89,24394,712789,875501.0,162712.0,8495,4.225,55.6,17002.3,74481.61,91483.91
SF10338,Madhya Pradesh,Raichur,Pulses,Kharif,4.49,1050.8,30.7,77.2,7.8,6.2,32.4,179.1,75.8,82.2,Drip,210.9,4.21,0.8,1.16,5.21,66648,285507,347236.0,61729.0,1369,3.806,64.6,13748.11,63587.31,77335.41
SF10339,Punjab,Indore,Wheat,Kharif,13.89,860.8,28.2,95.0,7.2,6.0,31.9,149.1,34.1,103.7,Flood,148.7,5.98,0.82,1.95,27.09,19374,1105642,524842.0,-580800.0,10158,2.667,61.0,-41814.25,79599.86,37785.6
SF10340,Andhra Pradesh,Guntur,Rice,Kharif,3.65,970.5,25.5,65.1,7.1,7.68,29.8,122.6,56.2,74.4,Sprinkler,209.6,4.03,0.77,1.01,3.69,22047,238220,81353.0,-156867.0,5926,0.623,55.1,-42977.26,65265.75,22288.49
SF10341,Madhya Pradesh,Guntur,Rice,Rabi,1.28,185.1,23.4,57.1,6.7,7.14,22.8,149.8,70.7,111.1,Sprinkler,162.8,3.66,1.0,2.37,3.03,24733,88834,74941.0,-13893.0,1802,1.681,44.1,-10853.91,69401.56,58547.66
SF10342,Maharashtra,Krishna,Groundnut,Rabi,3.06,637.0,22.9,59.3,8.7,6.58,20.1,105.2,50.3,96.8,Rainfed,217.6,7.05,0.93,1.66,5.08,56471,195594,286873.0,91279.0,732,6.94,47.8,29829.74,63919.61,93749.35
SF10343,Karnataka,Rajkot,Sugarcane,Rabi,8.49,80.0,24.4,60.5,7.4,7.25,25.1,79.5,42.5,89.1,Sprinkler,171.5,3.43,0.68,32.8,278.47,3349,465569,932596.0,467027.0,16970,16.41,33.7,55009.07,54837.34,109846.41
SF10344,Telangana,Krishna,Pulses,Kharif,12.85,851.7,27.3,71.8,7.4,6.23,34.7,88.5,75.1,114.0,Drip,138.1,3.01,0.78,1.38,17.73,66617,695842,1181119.0,485277.0,3412,5.196,57.6,37764.75,54151.13,91915.88
SF10345,Telangana,Ludhiana,Cotton,Kharif,1.87,562.0,29.5,59.7,6.0,6.69,31.1,121.5,56.9,81.7,Drip,159.2,6.21,0.82,2.28,4.26,68312,131840,291009.0,159169.0,1077,3.955,37.6,85117.11,70502.67,155619.79
SF10346,Madhya Pradesh,Krishna,Maize,Kharif,11.53,768.8,25.6,71.5,7.9,6.71,32.7,120.2,73.0,97.8,Rainfed,180.9,1.59,0.93,4.72,54.42,20185,722506,1098468.0,375962.0,3831,14.205,65.1,32607.29,62663.14,95270.42
SF10347,Punjab,Raichur,Wheat,Kharif,4.67,557.9,30.4,79.6,7.3,6.58,23.7,116.5,43.2,163.8,Rainfed,84.3,3.58,0.83,2.33,10.88,23233,237291,252775.0,15484.0,1361,7.994,68.1,3315.63,50811.78,54127.41
SF10348,Tamil Nadu,Nashik,Rice,Kharif,4.23,907.0,31.2,66.9,6.8,6.09,34.8,145.6,57.0,94.3,Drip,172.4,3.36,0.72,2.53,10.7,22463,276134,240354.0,-35780.0,5365,1.994,67.3,-8458.63,65279.91,56821.28
SF10349,Karnataka,Indore,Pulses,Rabi,13.23,312.8,23.2,73.0,7.3,6.44,13.5,130.7,57.0,122.2,Flood,209.5,2.15,0.83,1.08,14.29,72779,801427,1040012.0,238585.0,6611,2.162,49.4,18033.64,60576.49,78610.13
SF10350,Gujarat,Nalgonda,Maize,Zaid,2.77,146.7,32.6,61.9,8.8,6.83,20.2,135.5,46.6,95.5,Drip,204.5,1.79,0.76,2.74,7.59,21348,185091,162031.0,-23060.0,1494,5.08,38.2,-8324.91,66819.86,58494.95
SF10351,Madhya Pradesh,Nashik,Rice,Kharif,2.18,822.5,28.9,85.0,7.0,7.47,38.4,134.4,57.2,113.1,Rainfed,104.4,5.35,0.94,1.76,3.84,23459,125890,90083.0,-35807.0,1787,2.149,55.6,-16425.23,57747.71,41322.48
SF10352,Punjab,Indore,Rice,Kharif,12.73,909.6,29.3,79.5,7.6,8.31,29.8,40.0,96.5,72.6,Flood,219.3,4.6,0.97,0.3,3.82,18814,929221,71869.0,-857352.0,22531,0.17,68.8,-67348.94,72994.58,5645.64
SF10353,Tamil Nadu,Rajkot,Maize,Zaid,5.58,352.0,27.9,62.3,9.5,7.46,17.8,136.3,49.8,74.0,Rainfed,125.8,1.74,0.95,1.42,7.92,25935,296682,205405.0,-91277.0,1923,4.119,52.3,-16357.89,53168.82,36810.93
SF10354,Madhya Pradesh,Nashik,Maize,Kharif,12.95,268.1,25.6,67.9,6.2,7.04,29.7,80.5,16.5,116.6,Rainfed,162.3,4.53,0.99,2.67,34.58,24570,844970,849631.0,4661.0,4344,7.96,42.9,359.92,65248.65,65608.57
SF10355,Maharashtra,Guntur,Cotton,Rabi,4.61,345.0,25.7,50.1,8.6,7.07,35.8,161.8,15.0,109.6,Drip,228.8,5.55,0.67,1.51,6.96,74230,353949,516641.0,162692.0,2933,2.373,24.8,35291.11,76778.52,112069.63
SF10356,Gujarat,Nashik,Cotton,Kharif,5.1,1011.5,26.1,67.8,5.4,6.14,23.1,104.7,40.3,98.1,Sprinkler,127.8,1.9,0.8,1.29,6.58,63004,315919,414566.0,98647.0,4344,1.515,64.1,19342.55,61944.9,81287.45
SF10357,Madhya Pradesh,Nalgonda,Maize,Kharif,2.6,897.6,32.5,50.2,8.0,6.88,33.0,103.5,70.1,130.3,Sprinkler,175.9,4.42,0.67,4.14,10.76,18324,161663,197166.0,35503.0,1707,6.303,48.5,13655.0,62178.08,75833.08
SF10358,Punjab,Warangal,Sugarcane,Rabi,14.74,589.1,24.2,54.5,8.0,6.81,19.1,151.3,80.3,127.8,Sprinkler,187.3,4.43,0.98,84.75,1249.21,3483,972119,4350998.0,3378879.0,23936,52.19,43.8,229231.95,65951.09,295183.04
SF10359,Andhra Pradesh,Krishna,Maize,Kharif,9.24,958.2,29.0,54.6,7.6,6.94,32.0,150.3,66.7,124.4,Drip,156.4,5.87,0.87,4.56,42.13,18442,562151,776961.0,214810.0,4826,8.73,53.4,23247.84,60838.85,84086.69
SF10360,Gujarat,Raichur,Chilli,Rabi,13.19,221.2,24.3,53.7,7.5,7.3,17.3,89.5,48.1,147.2,Drip,149.4,4.32,0.94,1.24,16.36,96870,739537,1584793.0,845256.0,7742,2.113,30.8,64083.09,56068.01,120151.1
SF10361,Telangana,Nalgonda,Wheat,Kharif,0.53,717.9,32.9,94.3,6.7,7.49,33.7,122.6,46.1,87.7,Rainfed,160.9,5.75,0.65,1.21,0.64,23493,40202,15036.0,-25166.0,177,3.616,37.5,-47483.02,75852.83,28369.81
SF10362,Tamil Nadu,Warangal,Maize,Rabi,12.28,890.2,23.3,54.3,7.6,6.41,20.7,132.8,55.2,97.9,Rainfed,156.2,8.52,0.83,3.77,46.3,22637,753494,1048093.0,294599.0,3016,15.351,34.4,23990.15,61359.45,85349.59
SF10363,Punjab,Rajkot,Rice,Kharif,7.76,621.7,31.3,78.7,6.6,8.31,35.2,139.8,29.1,122.7,Flood,290.6,2.17,0.76,0.3,2.33,25024,579940,58306.0,-521634.0,14045,0.166,61.6,-67220.88,74734.54,7513.66
SF10364,Karnataka,Rajkot,Maize,Kharif,8.95,1180.1,25.4,65.3,6.8,6.49,40.5,87.5,51.9,90.6,Flood,76.2,4.25,1.0,3.27,29.27,20802,385486,608875.0,223389.0,6307,4.641,57.8,24959.66,43071.06,68030.73
SF10365,Maharashtra,Krishna,Maize,Kharif,3.51,638.5,25.7,73.0,7.8,7.84,37.1,76.1,77.8,129.4,Rainfed,133.7,3.2,0.78,0.88,3.09,23146,193464,71521.0,-121943.0,925,3.341,53.5,-34741.6,55117.95,20376.35
SF10366,Gujarat,Rajkot,Maize,Kharif,10.31,1149.3,27.9,66.9,7.1,6.96,33.4,97.1,48.5,110.7,Sprinkler,242.3,7.64,0.67,3.62,37.32,17220,785711,642650.0,-143061.0,5679,6.572,40.7,-13875.95,76208.63,62332.69
SF10367,Tamil Nadu,Nalgonda,Rice,Rabi,1.52,361.3,28.8,41.3,8.2,7.07,22.8,113.5,26.2,75.0,Flood,40.0,4.3,0.99,3.0,4.56,20594,71752,93909.0,22157.0,2889,1.578,37.3,14576.97,47205.26,61782.24
SF10368,Maharashtra,Warangal,Maize,Rabi,7.38,758.1,25.8,66.5,7.1,6.03,11.7,111.2,67.4,71.2,Rainfed,177.0,5.14,0.91,2.69,19.85,24734,538921,490970.0,-47951.0,2365,8.393,54.6,-6497.43,73024.53,66527.1
SF10369,Telangana,Ludhiana,Maize,Rabi,6.97,494.6,24.4,49.8,6.9,7.48,22.8,159.1,96.1,125.8,Flood,158.8,4.3,0.98,1.68,11.71,20650,408886,241812.0,-167074.0,5493,2.132,45.8,-23970.44,58663.7,34693.26
SF10370,Maharashtra,Rajkot,Pulses,Zaid,3.64,511.4,29.9,44.5,7.5,7.59,27.0,128.3,70.1,105.0,Drip,154.0,6.07,0.67,0.58,2.11,65636,220371,138492.0,-81879.0,1047,2.015,34.5,-22494.23,60541.48,38047.25
SF10371,Tamil Nadu,Nalgonda,Chilli,Rabi,4.23,454.8,24.8,64.8,9.3,6.68,25.5,91.5,66.9,139.5,Drip,189.7,5.17,0.72,2.43,10.28,97381,256357,1001077.0,744720.0,2225,4.62,38.2,176056.74,60604.49,236661.23
SF10372,Maharashtra,Raichur,Cotton,Kharif,5.54,961.9,30.1,53.9,5.5,6.06,31.3,106.9,34.8,89.8,Drip,305.4,5.17,0.72,1.01,5.6,73541,429603,411830.0,-17773.0,3122,1.794,49.9,-3208.12,77545.67,74337.55
SF10373,Gujarat,Ludhiana,Wheat,Kharif,8.91,830.6,29.6,75.8,6.1,6.44,33.5,124.0,67.7,149.6,Flood,269.8,1.13,0.81,3.02,26.91,28373,562055,763517.0,201462.0,5995,4.489,61.3,22610.77,63081.37,85692.14
SF10374,Andhra Pradesh,Erode,Cotton,Rabi,7.73,470.5,24.6,63.9,8.1,6.77,15.8,133.0,43.8,84.1,Drip,148.5,4.46,0.88,2.16,16.7,68296,466151,1140543.0,674392.0,4662,3.582,50.7,87243.47,60304.14,147547.61
SF10375,Karnataka,Krishna,Rice,Rabi,10.35,500.9,27.1,41.6,8.5,6.94,26.0,70.2,84.1,46.3,Rainfed,225.3,2.95,0.88,3.0,31.05,19328,643304,600134.0,-43170.0,8897,3.49,33.3,-4171.01,62154.98,57983.96
SF10376,Andhra Pradesh,Erode,Pulses,Zaid,10.74,80.0,31.4,55.0,5.7,6.79,20.5,69.8,50.8,121.1,Rainfed,70.7,3.45,0.85,0.72,7.73,80356,580909,621152.0,40243.0,2015,3.836,42.8,3747.02,54088.36,57835.38
SF10377,Maharashtra,Ludhiana,Wheat,Kharif,14.29,872.2,27.3,70.9,5.5,6.65,28.6,193.7,45.4,136.4,Flood,229.2,6.28,0.79,3.74,53.44,26616,1033483,1422359.0,388876.0,9456,5.651,46.5,27213.16,72322.11,99535.27
SF10378,Tamil Nadu,Guntur,Chilli,Kharif,1.15,780.6,30.9,73.6,6.1,5.84,28.7,40.0,60.9,129.9,Rainfed,283.6,2.13,0.97,0.79,0.91,114111,70973,103841.0,32868.0,409,2.225,70.4,28580.87,61715.65,90296.52
SF10379,Karnataka,Warangal,Maize,Kharif,10.2,1003.0,29.8,85.0,6.2,6.52,36.7,119.0,58.3,69.1,Flood,343.2,4.15,0.78,4.1,41.82,22998,779375,961776.0,182401.0,8738,4.786,61.4,17882.45,76409.31,94291.76
SF10380,Punjab,Guntur,Wheat,Kharif,11.77,1071.4,29.4,70.6,6.4,6.21,31.0,126.9,86.7,112.5,Sprinkler,197.5,0.5,0.71,2.52,29.66,20764,708666,615860.0,-92806.0,6853,4.328,67.2,-7884.96,60209.52,52324.55
SF10381,Karnataka,Indore,Maize,Rabi,9.56,126.2,27.6,73.5,8.0,6.72,29.8,167.9,52.4,63.0,Sprinkler,183.9,8.14,0.93,3.39,32.41,18968,602709,614753.0,12044.0,5404,5.997,36.4,1259.83,63044.87,64304.71
SF10382,Tamil Nadu,Erode,Pulses,Rabi,6.17,537.3,19.5,69.2,6.5,8.26,23.9,161.8,66.7,168.6,Drip,280.7,3.65,0.87,0.3,1.85,83112,483204,153757.0,-329447.0,1840,1.005,40.0,-53394.98,78315.07,24920.1
SF10383,Punjab,Erode,Chilli,Rabi,14.63,332.0,22.1,69.1,8.1,6.83,18.9,96.0,43.5,134.5,Flood,179.1,4.43,0.85,2.1,30.72,88550,888938,2720256.0,1831318.0,12485,2.461,43.8,125175.53,60761.31,185936.84
SF10384,Gujarat,Erode,Chilli,Kharif,7.75,450.4,32.9,58.7,9.1,7.33,31.7,201.9,62.3,142.7,Flood,246.6,3.83,0.95,1.53,11.86,107332,566160,1272958.0,706798.0,6393,1.855,39.2,91199.74,73052.9,164252.65
SF10385,Madhya Pradesh,Nashik,Cotton,Kharif,9.06,856.6,26.2,64.3,8.1,7.07,39.9,111.7,73.9,44.4,Rainfed,132.2,6.74,0.7,1.5,13.59,70487,543229,957918.0,414689.0,3627,3.747,35.5,45771.41,59959.05,105730.46
SF10386,Telangana,Nalgonda,Wheat,Zaid,3.45,537.2,33.0,55.7,8.4,6.75,15.8,159.3,63.0,71.9,Sprinkler,269.1,5.02,0.87,2.96,10.21,21001,308439,214420.0,-94019.0,1657,6.162,50.5,-27251.88,89402.61,62150.72
SF10387,Karnataka,Indore,Wheat,Kharif,1.24,995.3,28.5,69.5,6.3,5.83,32.2,148.6,78.3,102.6,Flood,156.6,4.3,0.75,1.05,1.3,21490,74716,27937.0,-46779.0,903,1.44,70.8,-37725.0,60254.84,22529.84
SF10388,Maharashtra,Guntur,Chilli,Zaid,7.95,263.2,27.0,48.1,8.0,6.92,21.0,131.5,53.1,118.8,Drip,149.6,7.79,1.0,1.95,15.5,92669,496596,1436370.0,939774.0,4385,3.535,28.9,118210.57,62464.91,180675.47
SF10389,Maharashtra,Guntur,Pulses,Kharif,13.68,797.9,28.1,73.5,8.2,7.82,30.9,131.9,34.3,120.0,Sprinkler,235.7,8.03,0.78,0.33,4.51,72226,923634,325739.0,-597895.0,5379,0.838,42.9,-43705.77,67517.11,23811.33
SF10390,Karnataka,Warangal,Groundnut,Rabi,2.22,668.0,23.0,44.4,6.0,6.58,20.9,153.9,78.7,61.3,Flood,95.9,6.41,0.67,2.36,5.24,59022,132630,309275.0,176645.0,1343,3.902,36.6,79569.82,59743.24,139313.06
SF10391,Madhya Pradesh,Warangal,Chilli,Rabi,11.2,506.0,22.8,58.3,8.2,6.12,25.0,151.9,79.1,97.5,Drip,169.2,4.88,0.69,1.71,19.15,89959,812218,1722715.0,910497.0,6816,2.81,32.2,81294.38,72519.46,153813.84
SF10392,Maharashtra,Warangal,Cotton,Rabi,11.29,419.2,20.9,32.1,6.6,6.92,16.4,157.5,41.6,106.2,Drip,188.0,6.03,0.71,1.44,16.26,71823,861316,1167842.0,306526.0,7174,2.267,19.8,27150.22,76290.17,103440.39
SF10393,Telangana,Krishna,Rice,Rabi,4.56,143.6,22.9,59.9,7.9,5.92,20.8,138.3,41.7,100.8,Flood,247.7,6.31,0.69,1.35,6.16,21354,351602,131541.0,-220061.0,8987,0.685,24.0,-48258.99,77105.7,28846.71
SF10394,Andhra Pradesh,Nashik,Cotton,Zaid,3.63,505.2,28.6,52.6,4.9,8.03,21.1,82.3,57.0,62.7,Sprinkler,174.3,7.2,0.8,0.3,1.09,79549,267215,86708.0,-180507.0,2833,0.385,17.8,-49726.45,73612.95,23886.5
SF10395,Madhya Pradesh,Nalgonda,Cotton,Kharif,8.39,620.2,26.7,70.7,6.9,5.92,30.2,66.4,68.0,125.3,Drip,226.5,5.32,0.95,0.96,8.05,67373,552210,542353.0,-9857.0,6223,1.294,52.4,-1174.85,65817.64,64642.79
SF10396,Maharashtra,Nashik,Rice,Zaid,2.2,80.0,33.9,52.3,7.5,6.49,16.0,119.6,96.6,115.8,Flood,243.6,4.71,0.7,2.07,4.55,21174,154319,96342.0,-57977.0,4502,1.011,43.1,-26353.18,70145.0,43791.82
SF10397,Punjab,Erode,Cotton,Zaid,3.48,256.7,31.0,58.6,8.4,5.75,25.2,118.9,35.9,142.0,Drip,104.8,4.78,0.9,0.43,1.5,68030,236379,102045.0,-134334.0,2326,0.645,30.4,-38601.72,67925.0,29323.28
SF10398,Andhra Pradesh,Guntur,Wheat,Kharif,5.56,855.5,24.4,84.3,6.5,7.36,35.1,163.2,67.0,147.4,Drip,298.8,6.1,0.89,2.18,12.12,21494,469824,260507.0,-209317.0,2695,4.497,63.2,-37646.94,84500.72,46853.78
SF10399,Telangana,Raichur,Pulses,Kharif,14.75,888.7,27.1,69.7,5.4,7.14,24.9,118.3,57.3,110.4,Sprinkler,204.5,6.85,0.85,1.32,19.47,68200,1133339,1327854.0,194515.0,4617,4.217,41.2,13187.46,76836.54,90024.0
SF10400,Andhra Pradesh,Erode,Pulses,Kharif,8.67,879.2,26.5,69.9,7.3,6.52,35.8,165.1,41.8,73.0,Flood,136.6,2.36,0.81,1.47,12.74,70352,620548,896284.0,275736.0,4195,3.037,59.5,31803.46,71574.16,103377.62
SF10401,Punjab,Erode,Pulses,Zaid,8.91,521.4,32.0,43.7,8.6,6.03,21.1,93.1,58.0,73.4,Rainfed,176.3,2.79,0.87,0.66,5.88,68052,420584,400146.0,-20438.0,2007,2.93,39.3,-2293.83,47203.59,44909.76
SF10402,Gujarat,Warangal,Groundnut,Rabi,1.07,378.6,18.3,57.4,7.6,6.57,30.6,98.2,69.9,100.5,Drip,240.6,5.22,0.66,1.9,2.03,55920,82155,113518.0,31363.0,500,4.06,31.9,29311.21,76780.37,106091.59
SF10403,Andhra Pradesh,Warangal,Chilli,Kharif,7.78,719.0,27.3,86.9,7.8,7.58,36.3,128.1,75.2,109.4,Drip,163.7,2.44,0.83,1.43,11.13,106697,466547,1187538.0,720991.0,4446,2.503,79.1,92672.37,59967.48,152639.85
SF10404,Maharashtra,Erode,Pulses,Kharif,3.24,997.5,27.2,75.0,6.0,7.45,33.2,123.9,43.4,84.9,Flood,219.0,5.99,0.77,0.64,2.07,62947,179285,130300.0,-48985.0,1540,1.344,56.7,-15118.83,55334.88,40216.05
SF10405,Madhya Pradesh,Indore,Groundnut,Kharif,1.25,982.9,28.7,69.0,7.4,7.58,36.5,63.5,49.1,85.9,Drip,282.5,8.04,0.81,0.71,0.89,56780,88048,50534.0,-37514.0,539,1.651,43.3,-30011.2,70438.4,40427.2
SF10406,Punjab,Warangal,Rice,Rabi,11.27,357.4,25.8,58.7,8.1,6.22,20.3,98.6,50.0,111.7,Rainfed,143.8,7.18,0.71,2.46,27.72,17765,730400,492446.0,-237954.0,7899,3.509,25.6,-21113.93,64809.23,43695.3
SF10407,Maharashtra,Guntur,Wheat,Rabi,6.03,524.3,28.5,39.3,7.1,6.3,25.8,54.5,62.9,130.7,Rainfed,250.0,1.08,0.69,2.26,13.63,26194,381283,357024.0,-24259.0,1820,7.489,45.4,-4023.05,63231.01,59207.96
SF10408,Tamil Nadu,Raichur,Wheat,Kharif,14.01,1153.3,29.9,83.9,6.4,7.18,30.5,102.8,42.8,129.7,Drip,179.1,2.85,0.99,1.96,27.46,23786,996586,653164.0,-343422.0,6822,4.025,81.1,-24512.63,71133.9,46621.27
SF10409,Telangana,Raichur,Wheat,Kharif,7.12,871.6500000000001,28.7,67.9,8.1,6.67,23.8,134.8,31.8,110.0,Drip,246.6,5.94,0.68,3.55,25.28,22480,479043,568294.0,89251.0,2902,8.711,42.8,12535.25,67281.32,79816.57
SF10410,Karnataka,Raichur,Chilli,Rabi,5.83,408.5,24.5,56.1,8.7,7.19,24.8,107.9,59.1,143.5,Rainfed,102.6,8.25,0.66,1.82,10.61,88133,306404,935091.0,628687.0,2117,5.012,38.8,107836.54,52556.43,160392.97
SF10411,Punjab,Raichur,Chilli,Zaid,0.83,494.4,31.3,55.6,6.7,6.89,27.3,160.8,68.9,93.9,Rainfed,124.5,4.92,0.74,1.74,1.44,98537,51450,141893.0,90443.0,280,5.143,34.6,108967.47,61987.95,170955.42
SF10412,Tamil Nadu,Indore,Groundnut,Kharif,8.23,690.9,28.8,55.1,7.4,5.98,37.3,124.9,48.0,114.9,Drip,242.8,0.5,0.73,1.56,12.84,46461,504340,596559.0,92219.0,4188,3.066,48.0,11205.22,61280.68,72485.91
SF10413,Telangana,Ludhiana,Rice,Rabi,3.87,291.0,25.5,67.9,7.2,6.54,31.8,125.2,68.1,141.0,Rainfed,219.4,1.36,0.96,2.76,10.68,19271,208303,205814.0,-2489.0,3402,3.139,44.4,-643.15,53825.06,53181.91
SF10414,Tamil Nadu,Erode,Chilli,Kharif,12.2,1117.2,25.2,62.9,7.5,6.68,30.5,137.6,57.7,133.0,Drip,214.4,5.63,0.7,2.53,30.87,114738,852962,3541962.0,2689000.0,5906,5.227,56.2,220409.84,69914.92,290324.75
SF10415,Andhra Pradesh,Nalgonda,Cotton,Rabi,13.67,370.2,23.4,50.5,6.6,7.18,26.5,137.9,56.5,130.2,Rainfed,225.5,5.35,0.7,1.04,14.22,74137,784240,1054228.0,269988.0,5057,2.812,26.4,19750.4,57369.42,77119.82
SF10416,Madhya Pradesh,Indore,Groundnut,Kharif,14.89,986.9,30.9,66.4,5.4,8.1,34.5,120.0,83.3,136.0,Rainfed,229.2,1.18,0.91,0.3,4.47,55565,934981,248376.0,-686605.0,4230,1.057,60.7,-46111.82,62792.55,16680.73
SF10417,Gujarat,Erode,Rice,Kharif,12.33,814.2,26.7,58.6,6.8,6.14,24.7,92.4,40.6,129.8,Flood,155.5,7.8,0.8,2.25,27.74,22047,890657,611584.0,-279073.0,24144,1.149,35.8,-22633.66,72234.96,49601.3
SF10418,Maharashtra,Erode,Pulses,Kharif,2.9,801.0,28.6,63.1,6.3,7.06,32.1,118.6,57.8,92.4,Drip,127.9,6.92,0.7,1.35,3.92,64237,161769,251809.0,90040.0,888,4.414,40.4,31048.28,55782.41,86830.69
SF10419,Andhra Pradesh,Indore,Pulses,Rabi,11.5,415.8,18.8,48.9,7.9,6.15,23.5,138.4,62.1,106.6,Rainfed,211.4,8.26,0.8,0.69,7.94,80196,634370,636756.0,2386.0,2211,3.591,30.0,207.48,55162.61,55370.09
SF10420,Tamil Nadu,Ludhiana,Rice,Kharif,13.99,888.2,31.4,76.9,4.1,6.33,31.3,126.6,41.8,97.4,Sprinkler,231.7,6.81,0.68,2.61,36.51,23950,1141031,874414.0,-266617.0,18813,1.941,62.8,-19057.68,81560.47,62502.79
SF10421,Madhya Pradesh,Krishna,Wheat,Rabi,5.15,682.2,21.9,55.5,7.8,6.26,25.0,127.1,46.8,75.5,Drip,168.4,4.08,0.86,2.52,12.98,28283,337325,367113.0,29788.0,2689,4.827,46.4,5784.08,65500.0,71284.08
SF10422,Madhya Pradesh,Ludhiana,Maize,Rabi,8.28,80.0,21.6,53.8,5.6,6.35,20.5,96.1,47.9,159.6,Drip,148.4,3.61,0.73,2.61,21.61,22977,536063,496533.0,-39530.0,4442,4.865,33.4,-4774.15,64741.91,59967.75
SF10423,Andhra Pradesh,Raichur,Chilli,Rabi,0.95,514.7,21.2,51.1,6.4,7.1,22.9,109.4,72.6,116.4,Rainfed,271.0,3.7,0.98,1.8,1.71,112567,58865,192490.0,133625.0,341,5.015,48.9,140657.89,61963.16,202621.05
SF10424,Gujarat,Nalgonda,Pulses,Rabi,3.35,425.6,29.0,75.7,7.4,6.77,28.5,108.0,40.4,106.3,Sprinkler,247.8,6.15,0.9,1.31,4.39,72404,273969,317854.0,43885.0,1228,3.575,27.6,13100.0,81781.79,94881.79
SF10425,Madhya Pradesh,Guntur,Rice,Zaid,11.56,326.4,26.5,47.9,7.4,6.44,21.5,120.8,43.6,97.8,Flood,216.8,7.32,0.72,2.46,28.44,23155,815618,658528.0,-157090.0,24934,1.141,31.4,-13589.1,70555.19,56966.09
SF10426,Gujarat,Erode,Wheat,Kharif,12.17,770.4,24.9,71.9,6.6,7.07,24.1,94.3,60.1,123.2,Flood,207.2,6.93,0.89,2.71,32.98,24613,983846,811737.0,-172109.0,8688,3.796,41.9,-14142.07,80841.91,66699.84
SF10427,Punjab,Raichur,Rice,Kharif,12.91,750.6,27.8,70.7,5.0,5.97,37.8,98.5,49.6,60.8,Rainfed,231.7,5.44,0.95,1.85,23.88,23268,897964,555640.0,-342324.0,12178,1.961,54.2,-26516.19,69555.69,43039.5
SF10428,Andhra Pradesh,Warangal,Maize,Kharif,3.2,877.4,26.6,70.1,6.2,7.01,33.7,107.4,48.3,95.3,Flood,170.5,7.36,0.7,4.08,13.06,19036,252472,248610.0,-3862.0,2145,6.089,43.3,-1206.88,78897.5,77690.62
SF10429,Tamil Nadu,Indore,Wheat,Rabi,13.42,548.8,28.3,42.5,5.9,7.11,25.6,106.4,88.9,114.3,Flood,151.8,6.31,0.81,2.46,33.01,26029,750453,859217.0,108764.0,8950,3.688,39.2,8104.62,55920.49,64025.11
SF10430,Punjab,Krishna,Cotton,Kharif,8.29,601.9,25.4,82.9,7.4,7.65,39.3,156.7,32.1,105.4,Sprinkler,205.9,1.84,0.75,0.79,6.55,71940,571954,471207.0,-100747.0,6770,0.968,59.3,-12152.83,68993.24,56840.41
SF10431,Telangana,Guntur,Groundnut,Zaid,14.9,388.2,33.7,60.7,8.1,6.49,16.3,155.6,44.8,113.8,Rainfed,178.7,5.65,0.69,1.26,18.77,53111,1019506,996893.0,-22613.0,4302,4.363,33.2,-1517.65,68423.22,66905.57
SF10432,Tamil Nadu,Guntur,Cotton,Kharif,11.03,750.2,25.4,71.4,5.8,6.95,30.0,113.1,68.7,73.2,Flood,200.3,3.65,0.8,1.74,19.19,79898,593487,1533243.0,939756.0,9921,1.934,60.3,85200.0,53806.62,139006.62
SF10433,Tamil Nadu,Indore,Rice,Zaid,7.7,692.6,27.4,42.6,9.1,5.46,9.5,166.4,55.5,122.3,Drip,195.4,5.93,0.78,0.73,5.62,22388,566270,125821.0,-440449.0,10787,0.521,28.4,-57201.17,73541.56,16340.39
SF10434,Madhya Pradesh,Nashik,Rice,Zaid,14.79,453.3,31.7,55.1,9.5,6.42,21.6,94.9,76.2,155.2,Rainfed,148.1,8.67,0.88,2.59,38.31,19164,1005973,734173.0,-271800.0,13024,2.941,48.6,-18377.28,68017.11,49639.82
SF10435,Tamil Nadu,Rajkot,Cotton,Rabi,1.79,80.0,22.5,75.0,7.0,6.31,27.9,89.7,68.2,92.7,Sprinkler,224.3,6.24,0.8,0.99,1.77,78391,118657,138752.0,20095.0,1485,1.192,38.6,11226.26,66288.83,77515.08
SF10436,Madhya Pradesh,Warangal,Groundnut,Kharif,1.66,842.0,28.0,77.5,6.4,7.7,26.7,74.2,56.6,39.4,Sprinkler,72.7,6.77,0.87,0.6,1.0,56045,94790,56045.0,-38745.0,853,1.172,43.6,-23340.36,57102.41,33762.05
SF10437,Andhra Pradesh,Rajkot,Wheat,Kharif,2.79,1058.5,29.8,82.7,7.5,7.11,23.8,189.1,75.0,96.9,Rainfed,156.6,0.85,0.7,3.04,8.48,22229,150875,188502.0,37627.0,833,10.18,83.2,13486.38,54077.06,67563.44
SF10438,Karnataka,Warangal,Sugarcane,Rabi,13.47,395.2,23.0,70.3,7.4,6.79,18.9,130.8,42.7,60.7,Rainfed,112.8,4.21,0.79,46.59,627.57,3093,716200,1941074.0,1224874.0,13394,46.855,44.7,90933.48,53170.01,144103.49
SF10439,Maharashtra,Nalgonda,Groundnut,Kharif,6.02,797.8,31.1,84.1,6.8,6.07,26.8,96.7,62.3,95.2,Sprinkler,51.5,5.58,0.93,1.25,7.52,55790,252308,419541.0,167233.0,2580,2.915,44.1,27779.57,41911.63,69691.2
SF10440,Tamil Nadu,Ludhiana,Maize,Zaid,11.9,180.6,33.0,55.1,10.1,6.48,20.3,112.5,63.3,92.4,Rainfed,184.4,5.89,0.83,1.87,22.25,19000,829408,422750.0,-406658.0,4084,5.448,32.6,-34172.94,69698.15,35525.21
SF10441,Telangana,Indore,Chilli,Kharif,12.51,899.7,24.1,68.1,6.6,7.57,27.0,127.0,55.5,86.2,Sprinkler,234.0,4.66,0.87,0.98,12.26,99972,789444,1225657.0,436213.0,6322,1.939,50.3,34869.14,63105.04,97974.18
SF10442,Maharashtra,Raichur,Cotton,Kharif,3.5,725.8,28.7,73.8,6.5,6.31,28.0,103.9,65.3,109.5,Flood,174.7,3.63,0.78,1.87,6.54,64270,196330,420326.0,223996.0,3638,1.798,50.5,63998.86,56094.29,120093.14
SF10443,Andhra Pradesh,Erode,Pulses,Zaid,13.75,353.4,32.0,38.8,10.3,7.41,12.5,139.4,82.8,126.1,Drip,238.6,2.55,0.9,0.65,8.94,70790,826934,632863.0,-194071.0,4400,2.032,41.1,-14114.25,60140.65,46026.4
SF10444,Tamil Nadu,Indore,Cotton,Kharif,5.22,1042.2,32.0,82.8,6.1,6.34,36.1,96.8,67.1,68.4,Rainfed,188.9,5.66,0.86,1.03,5.38,74440,404297,400487.0,-3810.0,2149,2.503,58.2,-729.89,77451.53,76721.65
SF10445,Andhra Pradesh,Krishna,Wheat,Kharif,8.21,566.1,27.0,62.7,7.0,5.39,29.2,93.6,75.2,109.2,Drip,114.9,6.23,0.8,0.49,4.02,23285,521072,93606.0,-427466.0,3426,1.173,55.0,-52066.5,63467.97,11401.46
SF10446,Tamil Nadu,Nalgonda,Rice,Kharif,3.94,807.7,24.2,70.3,7.4,6.81,33.6,104.8,41.7,143.7,Sprinkler,202.0,4.42,0.73,3.7,14.58,19052,249210,277778.0,28568.0,5343,2.729,55.6,7250.76,63251.27,70502.03
SF10447,Maharashtra,Krishna,Rice,Kharif,11.01,1089.5,25.8,70.0,5.2,5.99,39.4,147.2,31.7,114.0,Sprinkler,106.0,6.64,0.93,2.08,22.9,20782,658968,475908.0,-183060.0,16496,1.388,47.1,-16626.7,59851.77,43225.07
SF10448,Maharashtra,Krishna,Pulses,Zaid,7.59,530.4,30.8,61.6,4.7,6.9,21.6,120.3,56.6,97.9,Flood,225.1,3.81,0.76,1.05,7.97,72546,524863,578192.0,53329.0,3560,2.239,49.4,7026.22,69151.91,76178.13
SF10449,Karnataka,Nalgonda,Chilli,Kharif,3.02,827.0,25.3,66.3,6.9,7.36,30.7,126.4,54.8,126.1,Flood,101.6,2.43,0.68,1.62,4.89,86938,175184,425127.0,249943.0,2308,2.119,58.9,82762.58,58007.95,140770.53
SF10450,Maharashtra,Nalgonda,Pulses,Rabi,6.5,461.4,18.7,62.4,6.4,7.05,21.9,130.1,64.4,132.3,Rainfed,112.3,7.52,0.76,1.11,7.22,64918,374518,468708.0,94190.0,1325,5.449,32.9,14490.77,57618.15,72108.92
SF10451,Andhra Pradesh,Indore,Rice,Kharif,11.68,871.6,28.5,76.2,5.4,6.54,31.1,139.0,52.4,81.1,Drip,197.7,2.89,0.84,4.08,47.65,23823,682376,1135166.0,452790.0,16083,2.963,51.1,38766.27,58422.6,97188.87
SF10452,Gujarat,Rajkot,Groundnut,Kharif,1.14,1123.0,23.9,63.0,7.4,6.61,29.4,154.5,53.3,119.7,Rainfed,222.9,6.34,0.86,1.62,1.85,52605,90760,97319.0,6559.0,294,6.293,38.6,5753.51,79614.04,85367.54
SF10453,Tamil Nadu,Raichur,Sugarcane,Rabi,3.02,512.2,21.1,56.0,8.6,6.52,26.3,126.9,64.1,58.3,Sprinkler,222.7,3.78,0.77,60.35,182.26,3002,193810,547145.0,353335.0,5425,33.596,49.5,116998.34,64175.5,181173.84
SF10454,Maharashtra,Nalgonda,Chilli,Kharif,3.55,873.6,25.7,69.6,5.2,6.71,35.4,93.9,82.9,65.5,Flood,172.1,6.24,0.83,2.54,9.02,108184,235637,975820.0,740183.0,2768,3.259,47.0,208502.25,66376.62,274878.87
SF10455,Maharashtra,Guntur,Maize,Kharif,3.98,616.4,25.6,72.7,9.5,5.85,34.5,152.0,46.2,129.5,Drip,166.2,4.5,0.77,1.9,7.56,24066,213465,181939.0,-31526.0,2032,3.72,49.0,-7921.11,53634.42,45713.32
SF10456,Telangana,Rajkot,Rice,Kharif,13.66,673.9,30.0,58.2,6.8,6.23,39.7,172.8,45.7,85.7,Drip,141.5,3.66,0.78,3.61,49.31,19455,680610,959326.0,278716.0,19776,2.493,47.0,20403.81,49825.04,70228.84
SF10457,Punjab,Raichur,Cotton,Zaid,2.16,174.1,33.4,59.3,6.7,6.43,16.4,51.2,74.1,120.6,Rainfed,159.1,5.47,0.73,0.97,2.1,76123,135355,159858.0,24503.0,755,2.781,30.5,11343.98,62664.35,74008.33
SF10458,Karnataka,Guntur,Groundnut,Kharif,1.63,902.4,28.6,71.0,7.3,7.24,27.5,126.2,65.2,118.9,Flood,99.4,6.14,0.71,1.34,2.18,51010,100392,111202.0,10810.0,1066,2.045,63.7,6631.9,61590.18,68222.09
SF10459,Punjab,Guntur,Pulses,Kharif,3.88,827.4,28.5,62.7,6.6,6.7,28.3,121.5,42.9,104.5,Rainfed,184.9,5.06,0.88,1.31,5.08,76542,267967,388833.0,120866.0,726,6.997,46.7,31151.03,69063.66,100214.69
SF10460,Madhya Pradesh,Erode,Sugarcane,Rabi,7.39,315.2,23.7,71.6,7.7,6.46,16.2,100.7,40.8,90.5,Sprinkler,90.1,5.47,0.82,49.71,367.36,3628,367881,1332782.0,964901.0,15146,24.255,54.3,130568.47,49780.92,180349.39
SF10461,Telangana,Rajkot,Maize,Rabi,9.09,191.9,20.8,67.1,7.4,6.52,27.4,197.7,58.5,110.8,Flood,214.3,7.65,0.74,3.15,28.63,19272,690390,551757.0,-138633.0,6339,4.516,35.1,-15251.16,75950.5,60699.34
SF10462,Karnataka,Nashik,Chilli,Zaid,10.31,207.8,34.9,41.3,9.0,7.24,17.7,183.3,58.5,37.7,Drip,102.7,8.12,0.74,1.2,12.37,88865,506899,1099260.0,592361.0,5738,2.156,38.9,57455.0,49165.76,106620.76
SF10463,Andhra Pradesh,Raichur,Groundnut,Kharif,5.04,983.7,28.6,66.6,5.7,6.98,24.6,141.0,60.0,53.4,Flood,125.7,5.49,0.96,1.61,8.11,59868,335375,485529.0,150154.0,3661,2.215,56.3,29792.46,66542.66,96335.12
SF10464,Gujarat,Guntur,Rice,Kharif,14.67,401.5,29.3,63.0,7.1,6.71,28.0,74.2,81.3,93.7,Drip,187.9,5.69,0.75,3.52,51.64,20280,985460,1047259.0,61799.0,17502,2.951,39.7,4212.61,67175.19,71387.8
SF10465,Telangana,Rajkot,Wheat,Rabi,14.12,495.9,23.4,54.0,9.1,6.61,27.0,126.9,67.0,67.2,Drip,250.7,3.41,0.91,3.17,44.76,24211,855141,1083684.0,228543.0,6110,7.326,53.7,16185.76,60562.39,76748.16
SF10466,Tamil Nadu,Warangal,Wheat,Rabi,2.97,457.5,24.7,69.7,8.0,5.86,25.2,102.4,43.0,140.8,Sprinkler,157.2,5.6,0.98,1.48,4.4,23413,180000,103017.0,-76983.0,1685,2.611,47.0,-25920.2,60606.06,34685.86
SF10467,Karnataka,Nashik,Maize,Rabi,11.4,426.1,23.8,62.3,6.8,7.2,22.8,147.5,61.8,168.9,Flood,124.6,4.79,0.82,3.71,42.29,20990,787157,887667.0,100510.0,8263,5.118,51.6,8816.67,69048.86,77865.53
SF10468,Tamil Nadu,Warangal,Maize,Kharif,4.08,935.3,28.5,76.2,6.4,6.02,31.3,99.9,82.2,63.5,Flood,154.5,7.7,0.68,2.37,9.67,20838,295548,201503.0,-94045.0,2990,3.234,50.3,-23050.25,72438.24,49387.99
SF10469,Telangana,Nalgonda,Rice,Kharif,10.3,979.6,33.0,62.1,5.1,6.1,33.9,103.6,68.4,138.9,Rainfed,176.0,6.12,0.71,1.59,16.38,20110,662505,329402.0,-333103.0,9131,1.794,46.5,-32340.1,64320.87,31980.78
SF10470,Maharashtra,Nashik,Wheat,Rabi,13.57,80.0,25.1,55.6,7.0,6.06,23.9,136.6,60.9,34.6,Drip,178.6,4.0,0.7,1.38,18.73,24996,829621,468175.0,-361446.0,5894,3.178,30.8,-26635.67,61136.4,34500.74
SF10471,Madhya Pradesh,Warangal,Maize,Kharif,2.33,1045.3,30.6,80.7,5.0,7.47,29.7,87.8,58.3,99.9,Rainfed,93.1,7.54,0.85,1.47,3.43,24344,148397,83500.0,-64897.0,857,4.002,66.1,-27852.79,63689.7,35836.91
SF10472,Tamil Nadu,Krishna,Wheat,Kharif,3.13,766.5,26.9,73.9,8.6,7.26,31.1,137.4,52.9,119.2,Rainfed,194.9,2.1,0.73,2.06,6.45,28396,183003,183154.0,151.0,1070,6.028,49.9,48.24,58467.41,58515.65
SF10473,Gujarat,Nashik,Chilli,Kharif,11.52,914.7,29.8,82.8,7.5,7.26,24.6,113.0,62.7,136.9,Drip,250.7,4.54,0.98,1.7,19.58,100321,834625,1964285.0,1129660.0,6285,3.115,78.0,98060.76,72450.09,170510.85
SF10474,Maharashtra,Nalgonda,Wheat,Kharif,11.96,712.7,32.8,71.9,7.2,7.1,30.6,111.8,85.5,118.9,Flood,132.7,2.92,0.8,3.22,38.51,18783,788679,723333.0,-65346.0,7719,4.989,65.6,-5463.71,65943.06,60479.35
SF10475,Karnataka,Nashik,Groundnut,Zaid,14.85,80.0,27.9,57.7,7.1,7.08,25.8,90.8,60.7,128.7,Sprinkler,155.2,5.4,0.83,1.01,15.0,50798,978661,761970.0,-216691.0,7130,2.104,37.3,-14591.99,65903.1,51311.11
SF10476,Telangana,Rajkot,Pulses,Zaid,13.77,157.7,31.9,47.6,7.7,5.89,18.7,118.1,65.1,115.4,Rainfed,175.9,3.6,0.98,0.39,5.37,69972,785441,375750.0,-409691.0,2790,1.925,43.0,-29752.43,57040.01,27287.58
SF10477,Karnataka,Warangal,Cotton,Kharif,5.56,482.8,26.0,59.6,7.1,6.67,42.1,135.7,78.6,107.8,Rainfed,162.9,2.73,0.96,1.68,9.34,76530,404523,714790.0,310267.0,2230,4.188,45.7,55803.42,72755.94,128559.35
SF10478,Punjab,Raichur,Chilli,Kharif,9.86,872.1,29.2,65.5,7.6,6.71,35.3,82.8,60.3,126.4,Flood,130.0,4.92,0.8,2.88,28.4,107122,626835,3042265.0,2415430.0,7076,4.014,48.2,244972.62,63573.53,308546.15
SF10479,Andhra Pradesh,Guntur,Pulses,Rabi,14.63,590.0,29.0,60.6,9.5,6.78,21.0,150.3,69.9,91.0,Rainfed,95.2,4.52,0.96,1.2,17.56,66216,869084,1162753.0,293669.0,3264,5.38,49.6,20073.07,59404.24,79477.31
SF10480,Andhra Pradesh,Krishna,Rice,Zaid,13.64,100.9,31.1,47.9,9.2,6.64,19.0,112.2,33.7,67.4,Rainfed,67.8,5.64,0.67,2.03,27.69,19178,976614,531039.0,-445575.0,11253,2.461,39.3,-32666.79,71599.27,38932.48
SF10481,Punjab,Ludhiana,Rice,Kharif,12.91,1046.7,27.9,83.5,6.0,7.79,32.2,152.8,80.0,115.3,Rainfed,180.5,6.45,0.9,0.95,12.26,19552,875412,239708.0,-635704.0,9885,1.24,45.5,-49241.21,67808.83,18567.62
SF10482,Telangana,Nalgonda,Cotton,Kharif,10.7,529.5,29.6,67.3,6.6,6.41,34.2,158.3,90.8,122.0,Drip,164.0,8.91,0.9,2.18,23.33,74906,861543,1747557.0,886014.0,5355,4.357,37.4,82805.05,80518.04,163323.08
SF10483,Punjab,Rajkot,Maize,Rabi,11.25,528.2,20.1,63.1,8.7,5.2,23.0,74.1,65.4,122.9,Drip,239.0,1.65,0.84,0.3,3.38,20680,675097,69898.0,-605199.0,6058,0.558,43.4,-53795.47,60008.62,6213.16
SF10484,Karnataka,Erode,Rice,Kharif,12.01,1049.4,28.6,80.7,6.0,6.93,33.6,101.0,25.2,108.8,Drip,248.7,6.91,0.71,3.01,36.15,21691,960213,784130.0,-176083.0,14203,2.545,62.1,-14661.37,79951.12,65289.76
SF10485,Maharashtra,Warangal,Rice,Kharif,2.57,519.2,31.0,69.6,4.4,7.28,27.7,87.3,46.4,123.5,Rainfed,292.3,5.73,0.66,1.83,4.7,18249,201659,85770.0,-115889.0,2332,2.015,46.2,-45093.0,78466.54,33373.54
SF10486,Tamil Nadu,Guntur,Wheat,Rabi,12.56,502.3,27.7,76.1,9.2,7.66,30.6,88.4,83.5,111.3,Rainfed,176.9,3.24,0.75,0.85,10.68,26319,807350,281087.0,-526263.0,3646,2.929,55.9,-41899.92,64279.46,22379.54
SF10487,Andhra Pradesh,Guntur,Sugarcane,Zaid,8.95,252.9,31.4,51.1,7.4,6.51,21.0,93.6,63.4,84.8,Flood,166.8,2.38,0.93,49.8,445.71,2762,621204,1231051.0,609847.0,18738,23.786,52.3,68139.33,69408.27,137547.6
SF10488,Karnataka,Krishna,Maize,Rabi,1.94,397.8,21.1,59.7,7.1,6.79,18.5,152.2,56.2,92.0,Drip,249.0,2.8,0.73,3.72,7.22,21992,127790,158782.0,30992.0,971,7.436,44.0,15975.26,65871.13,81846.39
SF10489,Maharashtra,Indore,Chilli,Kharif,5.19,874.0,28.5,70.0,7.1,7.26,31.8,117.6,89.0,90.4,Sprinkler,292.0,9.58,0.76,1.74,9.03,106242,401120,959365.0,558245.0,3752,2.407,37.2,107561.66,77287.09,184848.75
SF10490,Telangana,Rajkot,Sugarcane,Kharif,2.24,815.4,26.4,93.4,6.6,6.56,41.5,55.4,55.3,132.7,Drip,168.5,7.35,0.67,66.68,149.36,2972,131684,443898.0,312214.0,3626,41.191,43.9,139381.25,58787.5,198168.75
SF10491,Karnataka,Erode,Pulses,Rabi,11.01,400.9,21.3,51.4,7.0,6.44,33.3,117.6,47.7,141.3,Rainfed,196.3,1.23,0.84,1.02,11.23,70499,607232,791704.0,184472.0,2520,4.456,39.0,16754.95,55152.77,71907.72
SF10492,Punjab,Indore,Maize,Zaid,7.34,80.0,32.2,51.0,6.5,6.6,20.3,98.6,54.8,75.6,Rainfed,128.0,3.47,0.71,2.33,17.1,20212,481663,345625.0,-136038.0,2060,8.301,34.7,-18533.79,65621.66,47087.87
SF10493,Tamil Nadu,Warangal,Maize,Kharif,5.91,785.0,31.9,79.9,8.4,6.42,23.2,120.7,28.6,109.1,Drip,259.4,5.3,0.94,4.48,26.48,23060,381893,610629.0,228736.0,3393,7.804,56.8,38703.21,64618.1,103321.32
SF10494,Karnataka,Krishna,Sugarcane,Rabi,4.3,797.1,26.3,44.6,9.2,6.43,24.6,104.7,84.1,77.3,Rainfed,199.3,7.21,0.72,46.28,199.0,3433,292191,683167.0,390976.0,4333,45.927,47.6,90924.65,67951.4,158876.05
SF10495,Andhra Pradesh,Erode,Maize,Kharif,9.58,843.3,24.3,70.9,7.8,5.48,17.6,137.6,65.4,113.5,Drip,61.8,7.04,0.92,0.79,7.57,20945,528986,158554.0,-370432.0,4447,1.702,49.4,-38667.22,55217.75,16550.52
SF10496,Andhra Pradesh,Warangal,Groundnut,Kharif,2.61,796.6,24.2,71.8,6.5,7.31,27.0,155.6,76.8,128.2,Rainfed,222.7,5.99,0.9,1.35,3.52,54099,209221,190428.0,-18793.0,636,5.535,49.1,-7200.38,80161.3,72960.92
SF10497,Tamil Nadu,Rajkot,Pulses,Zaid,0.51,279.7,31.2,68.7,8.0,5.39,22.1,103.4,54.2,80.9,Flood,191.9,8.24,0.75,0.3,0.15,79617,41910,11943.0,-29967.0,232,0.647,40.3,-58758.82,82176.47,23417.65
SF10498,Madhya Pradesh,Nashik,Rice,Kharif,12.44,1122.2,30.2,62.3,7.5,7.48,30.3,162.4,53.5,62.4,Drip,154.4,3.1,0.94,1.46,18.16,24070,879647,437111.0,-442536.0,18560,0.978,66.6,-35573.63,70711.17,35137.54
SF10499,Telangana,Krishna,Maize,Zaid,8.23,249.9,28.2,50.8,7.6,6.77,24.5,160.4,41.1,143.7,Sprinkler,236.9,3.67,0.96,3.43,28.23,23175,714788,654230.0,-60558.0,3747,7.534,45.0,-7358.2,86851.52,79493.32
SF10500,Maharashtra,Ludhiana,Pulses,Rabi,14.85,363.6,22.0,46.2,5.4,7.46,15.7,110.6,75.0,172.2,Rainfed,113.4,7.64,0.65,0.51,7.57,67608,835560,511793.0,-323767.0,3442,2.199,35.1,-21802.49,56266.67,34464.18
SF10501,Karnataka,Nalgonda,Chilli,Zaid,4.5,340.7,32.1,41.6,8.7,5.29,20.1,112.8,57.7,115.9,Flood,155.5,6.22,0.87,0.3,1.35,102732,260067,138688.0,-121379.0,4027,0.335,43.2,-26973.11,57792.67,30819.56
SF10502,Tamil Nadu,Guntur,Groundnut,Zaid,14.52,170.1,29.6,44.3,8.6,6.55,11.7,104.0,61.0,97.0,Flood,204.1,3.44,0.86,1.22,17.71,55722,800432,986837.0,186405.0,7715,2.296,52.7,12837.81,55126.17,67963.98
SF10503,Karnataka,Nalgonda,Sugarcane,Rabi,14.39,543.4,18.1,60.5,8.3,7.16,22.6,122.8,66.5,110.9,Drip,250.5,1.88,0.75,41.94,603.52,3085,1041379,1861859.0,820480.0,28185,21.413,37.4,57017.37,72368.24,129385.62
SF10504,Madhya Pradesh,Ludhiana,Sugarcane,Kharif,3.09,769.4,27.3,72.7,5.8,6.06,25.7,115.8,57.1,129.8,Drip,246.4,6.25,0.68,59.1,182.62,3664,222032,669120.0,447088.0,4647,39.298,44.7,144688.67,71855.02,216543.69
SF10505,Maharashtra,Krishna,Pulses,Rabi,9.21,406.0,25.2,60.0,6.9,6.8,21.7,124.0,38.1,66.6,Flood,257.5,8.14,0.67,1.05,9.67,69958,718776,676494.0,-42282.0,3854,2.509,24.6,-4590.88,78043.0,73452.12
SF10506,Karnataka,Guntur,Rice,Zaid,0.93,102.2,29.1,63.0,8.6,6.49,19.8,117.5,49.0,32.6,Flood,241.5,4.32,0.81,2.26,2.1,19585,74717,41128.0,-33589.0,1647,1.275,29.7,-36117.2,80340.86,44223.66
SF10507,Gujarat,Krishna,Maize,Kharif,14.05,1191.4,28.8,63.6,6.9,7.13,34.5,88.0,41.0,122.1,Flood,196.5,4.03,0.69,2.46,34.56,22589,995104,780676.0,-214428.0,8880,3.892,65.6,-15261.78,70825.91,55564.13
SF10508,Karnataka,Krishna,Wheat,Kharif,13.87,702.2,25.6,81.2,6.0,6.73,26.4,76.9,64.1,131.9,Rainfed,206.3,7.7,0.77,3.05,42.3,26229,1008988,1109487.0,100499.0,4413,9.585,49.0,7245.78,72746.07,79991.85
SF10509,Punjab,Krishna,Groundnut,Zaid,2.88,207.1,27.7,52.8,8.3,6.3,19.1,126.8,53.2,165.5,Drip,129.7,4.6,0.97,1.51,4.35,50155,187560,218174.0,30614.0,1295,3.359,45.9,10629.86,65125.0,75754.86
SF10510,Madhya Pradesh,Nalgonda,Groundnut,Kharif,13.51,764.1,30.9,73.6,7.1,5.8,26.0,140.1,37.4,90.8,Drip,145.1,6.15,0.67,0.77,10.4,51213,871460,532615.0,-338845.0,6046,1.72,61.7,-25081.05,64504.81,39423.76
SF10511,Karnataka,Krishna,Pulses,Kharif,2.32,766.8,27.2,70.1,6.8,6.46,36.3,98.1,52.3,118.4,Drip,164.7,3.65,0.73,1.76,4.08,62800,163437,256224.0,92787.0,791,5.158,44.8,39994.4,70446.98,110441.38
SF10512,Punjab,Krishna,Chilli,Zaid,3.1,583.0,32.5,50.8,8.5,7.12,14.7,187.9,19.6,103.5,Flood,162.5,4.61,0.7,1.69,5.24,120614,227218,632017.0,404799.0,2695,1.944,48.7,130580.32,73296.13,203876.45
SF10513,Karnataka,Nashik,Wheat,Rabi,6.8,581.1,26.5,40.3,5.3,6.7,23.7,77.5,53.9,50.8,Flood,266.9,5.99,0.88,2.96,20.13,22066,637468,444189.0,-193279.0,4884,4.122,42.5,-28423.38,93745.29,65321.91
SF10514,Andhra Pradesh,Nashik,Wheat,Kharif,10.33,1029.2,24.7,83.4,6.5,6.62,29.2,89.8,49.9,138.9,Flood,198.0,5.41,0.94,2.89,29.85,24538,791867,732459.0,-59408.0,7116,4.195,52.6,-5751.02,76657.02,70906.0
SF10515,Andhra Pradesh,Nalgonda,Maize,Kharif,3.5,691.7,27.6,73.1,6.4,6.94,28.6,110.3,66.1,128.0,Sprinkler,196.1,4.6,0.97,4.76,16.66,21514,252754,358423.0,105669.0,2387,6.979,53.2,30191.14,72215.43,102406.57
SF10516,Maharashtra,Nashik,Pulses,Rabi,12.96,275.1,27.8,61.7,7.3,7.71,15.2,116.3,72.2,110.5,Drip,101.2,8.49,0.65,0.38,4.92,65532,747959,322417.0,-425542.0,3842,1.281,21.4,-32835.03,57712.89,24877.85
SF10517,Madhya Pradesh,Nashik,Rice,Rabi,11.48,105.0,24.3,47.8,8.7,6.48,14.8,112.8,43.5,119.9,Drip,222.7,5.98,0.96,2.65,30.42,20981,790176,638242.0,-151934.0,13769,2.209,30.6,-13234.67,68830.66,55595.99
SF10518,Punjab,Nashik,Maize,Kharif,6.08,1032.8,28.4,72.3,7.6,5.94,35.1,87.1,38.2,74.6,Drip,183.9,2.53,0.89,1.82,11.07,21114,430477,233732.0,-196745.0,3623,3.055,61.7,-32359.38,70802.14,38442.76
SF10519,Telangana,Guntur,Pulses,Kharif,5.58,982.5,24.8,60.8,6.6,6.97,28.9,91.5,69.1,141.5,Flood,142.7,2.75,0.78,1.27,7.09,72459,385646,513734.0,128088.0,2524,2.809,52.3,22954.84,69112.19,92067.03
SF10520,Andhra Pradesh,Guntur,Groundnut,Kharif,8.45,1098.3,23.8,70.2,6.5,6.89,36.8,128.1,51.1,81.2,Sprinkler,270.7,5.21,0.82,1.37,11.58,59909,591631,693746.0,102115.0,4509,2.568,63.3,12084.62,70015.5,82100.12
SF10521,Gujarat,Ludhiana,Pulses,Rabi,14.01,418.70000000000005,25.7,59.2,8.5,6.81,32.9,130.2,57.4,78.2,Flood,150.1,5.25,0.9,1.2,16.81,76792,965560,1290874.0,325314.0,6528,2.575,40.1,23220.13,68919.34,92139.47
SF10522,Madhya Pradesh,Erode,Cotton,Rabi,14.03,447.2,20.9,62.8,7.0,6.39,28.1,118.5,75.1,93.1,Drip,278.2,5.85,0.98,1.45,20.34,69752,1184003,1418756.0,234753.0,9145,2.224,36.1,16732.22,84390.81,101123.02
SF10523,Gujarat,Indore,Pulses,Rabi,11.52,472.7,26.9,55.8,7.5,6.43,20.6,120.6,68.6,98.0,Rainfed,308.8,3.19,0.98,1.36,15.67,62394,740423,977714.0,237291.0,2258,6.94,48.3,20598.18,64272.83,84871.01
SF10524,Karnataka,Guntur,Wheat,Kharif,8.74,732.7,31.7,64.5,7.6,7.44,33.2,130.5,40.0,110.6,Flood,191.6,5.9,0.67,1.48,12.94,25177,587094,325790.0,-261304.0,6573,1.969,47.2,-29897.48,67173.23,37275.74
SF10525,Andhra Pradesh,Ludhiana,Rice,Rabi,8.75,291.4,21.6,59.2,6.9,5.39,28.1,92.6,49.2,129.3,Flood,81.6,4.2,0.98,0.34,2.98,27459,565968,81828.0,-484140.0,16860,0.177,49.4,-55330.29,64682.06,9351.77
SF10526,Madhya Pradesh,Warangal,Sugarcane,Rabi,4.59,580.1,26.7,53.6,9.4,6.03,25.7,148.9,51.3,134.7,Flood,168.4,7.62,0.87,50.25,230.65,3564,301913,822037.0,520124.0,9814,23.502,19.7,113316.78,65776.25,179093.03
SF10527,Madhya Pradesh,Indore,Cotton,Kharif,6.96,1174.6,26.4,79.0,5.7,6.04,31.1,178.6,63.4,84.5,Sprinkler,191.6,7.75,0.85,1.18,8.21,72186,474814,592647.0,117833.0,4810,1.707,48.8,16930.03,68220.4,85150.43
SF10528,Maharashtra,Indore,Cotton,Kharif,6.35,1213.7,26.3,73.6,7.1,6.33,30.4,149.3,41.8,98.8,Drip,143.0,5.63,0.69,1.17,7.43,69828,441813,518822.0,77009.0,4491,1.654,52.7,12127.4,69576.85,81704.25
SF10529,Tamil Nadu,Raichur,Sugarcane,Rabi,11.32,297.2,17.8,64.4,6.4,5.55,22.5,144.0,41.6,130.7,Rainfed,195.8,5.92,0.94,7.89,89.31,3559,826201,317854.0,-508347.0,11664,7.657,36.9,-44906.98,72985.95,28078.98
SF10530,Maharashtra,Indore,Groundnut,Rabi,9.57,185.3,23.9,56.2,7.9,5.99,25.3,150.3,60.8,108.5,Rainfed,180.6,6.68,0.72,0.77,7.37,55386,527492,408195.0,-119297.0,2408,3.061,31.9,-12465.73,55119.33,42653.61
SF10531,Madhya Pradesh,Nalgonda,Maize,Kharif,8.29,1012.8,31.4,85.9,6.6,6.63,31.2,123.5,59.5,73.3,Flood,179.7,4.21,0.97,3.26,27.03,20140,501705,544384.0,42679.0,6365,4.247,62.5,5148.25,60519.3,65667.55
SF10532,Andhra Pradesh,Nashik,Wheat,Rabi,4.25,162.8,24.1,65.4,8.1,6.9,26.6,149.0,54.2,115.3,Flood,69.8,4.06,0.89,2.44,10.37,23504,245593,243736.0,-1857.0,3104,3.341,31.7,-436.94,57786.59,57349.65
SF10533,Madhya Pradesh,Warangal,Rice,Kharif,8.53,635.6,29.2,57.5,5.9,6.18,34.4,111.3,45.6,133.1,Rainfed,254.0,7.36,0.88,2.73,23.29,24424,681956,568835.0,-113121.0,6494,3.586,41.5,-13261.55,79947.95,66686.4
SF10534,Telangana,Indore,Maize,Zaid,14.64,465.9,30.3,44.0,8.9,6.67,23.1,114.8,43.6,114.6,Drip,208.7,4.13,1.0,3.73,54.61,24003,945613,1310804.0,365191.0,7816,6.987,49.6,24944.74,64591.05,89535.79
SF10535,Tamil Nadu,Indore,Maize,Kharif,4.29,860.6,23.4,81.0,6.8,7.29,42.0,108.1,61.2,104.7,Drip,153.6,6.36,0.95,3.19,13.69,19543,273094,267544.0,-5550.0,2471,5.54,47.7,-1293.71,63658.28,62364.57
SF10536,Karnataka,Raichur,Maize,Rabi,11.98,216.0,26.4,53.8,7.1,6.42,13.5,136.6,24.1,66.7,Drip,256.2,6.4,0.85,3.22,38.58,21902,824266,844979.0,20713.0,5469,7.054,32.8,1728.96,68803.51,70532.47
SF10537,Gujarat,Warangal,Cotton,Kharif,12.66,670.0,22.7,84.0,6.3,6.33,31.1,89.9,67.6,103.6,Flood,138.6,5.4,0.99,1.59,20.13,67283,864030,1354407.0,490377.0,11316,1.779,36.6,38734.36,68248.82,106983.18
SF10538,Gujarat,Indore,Sugarcane,Zaid,6.94,322.1,30.4,57.3,6.5,6.7,9.0,111.9,68.2,115.0,Flood,164.5,4.9,0.88,51.39,356.65,3635,470888,1296423.0,825535.0,16650,21.42,51.3,118953.17,67851.3,186804.47
SF10539,Madhya Pradesh,Indore,Chilli,Rabi,14.65,232.5,24.3,59.2,9.0,5.51,31.9,114.4,60.1,93.8,Rainfed,267.4,2.83,0.98,0.3,4.39,112312,1010495,493050.0,-517445.0,4727,0.929,44.3,-35320.48,68975.77,33655.29
SF10540,Andhra Pradesh,Warangal,Groundnut,Kharif,0.89,1093.0,33.0,69.9,8.8,6.25,30.7,70.5,58.5,136.9,Flood,274.7,5.51,0.72,1.16,1.03,50525,77878,52041.0,-25837.0,574,1.794,59.0,-29030.34,87503.37,58473.03
SF10541,Punjab,Rajkot,Chilli,Kharif,6.19,579.5,31.2,51.1,5.1,7.92,30.0,116.7,56.1,124.0,Flood,178.7,6.3,0.89,0.45,2.79,124463,443163,347252.0,-95911.0,4666,0.598,52.1,-15494.51,71593.38,56098.87
SF10542,Maharashtra,Raichur,Maize,Kharif,1.31,874.6,25.0,58.8,7.1,6.07,24.6,136.0,70.0,129.0,Rainfed,180.3,2.99,0.69,2.69,3.52,19833,85470,69812.0,-15658.0,424,8.302,69.3,-11952.67,65244.27,53291.6
SF10543,Karnataka,Warangal,Pulses,Rabi,11.46,277.3,26.0,57.7,7.5,7.18,17.6,88.3,48.8,54.7,Flood,180.2,7.92,0.71,0.88,10.08,76378,783107,769890.0,-13217.0,5269,1.913,38.3,-1153.32,68333.94,67180.63
SF10544,Gujarat,Erode,Cotton,Rabi,4.34,312.4,17.9,51.2,7.3,6.16,29.1,99.4,50.4,143.8,Flood,140.0,2.9,0.88,0.89,3.86,69522,215728,268355.0,52627.0,4219,0.915,40.7,12126.04,49706.91,61832.95
SF10545,Madhya Pradesh,Rajkot,Wheat,Rabi,13.33,543.0,27.9,71.5,7.4,6.79,12.9,89.5,39.0,106.2,Rainfed,160.9,2.95,0.89,2.72,36.26,25952,856093,941020.0,84927.0,4432,8.181,57.6,6371.12,64223.03,70594.15
SF10546,Punjab,Ludhiana,Pulses,Zaid,9.73,462.6,31.8,64.7,7.5,7.68,8.0,81.5,69.0,98.4,Drip,214.3,7.45,0.68,0.32,3.11,67344,721077,209440.0,-511637.0,2584,1.204,36.8,-52583.45,74108.63,21525.18
SF10547,Punjab,Nalgonda,Cotton,Rabi,1.52,417.5,23.0,67.5,8.5,6.54,26.0,136.5,44.5,105.1,Sprinkler,176.4,2.6,0.86,1.71,2.6,70381,134546,182991.0,48445.0,1032,2.519,43.6,31871.71,88517.11,120388.82
SF10548,Tamil Nadu,Raichur,Rice,Rabi,5.77,693.8,23.0,67.0,7.8,6.27,19.3,111.7,61.4,124.7,Flood,187.7,8.73,0.83,3.43,19.79,21813,452854,431679.0,-21175.0,10829,1.828,39.8,-3669.84,78484.23,74814.38
SF10549,Tamil Nadu,Krishna,Rice,Kharif,10.37,986.3,23.5,78.8,5.8,6.78,24.6,83.6,54.6,133.7,Rainfed,189.7,4.37,0.76,3.1,32.15,22197,715386,713634.0,-1752.0,7874,4.083,56.6,-168.95,68986.11,68817.16
SF10550,Gujarat,Ludhiana,Sugarcane,Zaid,14.61,283.1,28.1,38.2,6.5,7.76,18.3,114.1,52.7,82.3,Sprinkler,124.6,5.97,0.83,10.97,160.27,3566,882469,571523.0,-310946.0,30041,5.335,21.1,-21283.09,60401.71,39118.62
SF10551,Telangana,Nashik,Wheat,Rabi,13.83,115.2,22.5,58.7,7.8,7.03,15.8,119.4,65.4,125.4,Flood,126.9,6.43,0.72,1.94,26.83,26943,1007796,722881.0,-284915.0,8020,3.345,38.4,-20601.23,72870.28,52269.05
SF10552,Gujarat,Erode,Maize,Kharif,11.24,1064.3,29.3,69.1,7.1,7.36,38.7,133.0,76.5,85.5,Sprinkler,194.7,3.82,0.87,1.97,22.14,22247,747285,492549.0,-254736.0,6391,3.464,65.9,-22663.35,66484.43,43821.09
SF10553,Maharashtra,Guntur,Sugarcane,Kharif,4.74,1059.5,24.6,86.6,6.9,5.75,33.3,127.5,43.9,113.5,Rainfed,101.2,5.05,0.7,18.14,85.98,3071,271647,264045.0,-7602.0,4089,21.027,57.1,-1603.8,57309.49,55705.7
SF10554,Maharashtra,Guntur,Pulses,Kharif,13.52,867.1,28.3,69.5,5.4,7.14,24.6,143.0,24.7,107.6,Flood,165.0,3.54,0.96,1.24,16.76,75525,886313,1265799.0,379486.0,6602,2.539,49.0,28068.49,65555.7,93624.19
SF10555,Karnataka,Warangal,Groundnut,Rabi,9.42,350.9,21.1,58.3,6.8,7.05,24.7,152.6,28.1,129.5,Flood,188.7,7.01,0.98,1.38,13.0,56790,718902,738270.0,19368.0,6888,1.887,29.7,2056.05,76316.56,78372.61
SF10556,Andhra Pradesh,Nashik,Chilli,Rabi,7.94,456.8,25.3,47.7,7.6,7.1,12.9,108.0,75.8,96.5,Flood,228.2,8.51,0.87,1.56,12.39,92892,619157,1150932.0,531775.0,6146,2.016,34.4,66974.18,77979.47,144953.65
SF10557,Andhra Pradesh,Ludhiana,Pulses,Kharif,9.21,1123.4,32.5,70.5,7.5,5.85,41.0,92.7,77.6,85.2,Flood,305.6,5.59,0.85,0.39,3.59,64138,690449,230255.0,-460194.0,4732,0.759,48.3,-49966.78,74967.32,25000.54
SF10558,Karnataka,Raichur,Wheat,Rabi,3.98,541.4,22.9,56.5,8.1,5.99,20.3,117.4,69.2,94.2,Rainfed,162.8,7.7,0.82,1.61,6.41,29308,221790,187864.0,-33926.0,1339,4.787,36.8,-8524.12,55726.13,47202.01
SF10559,Karnataka,Nalgonda,Cotton,Kharif,2.49,886.7,28.0,69.5,6.0,7.0,20.9,91.8,53.7,128.6,Sprinkler,163.8,7.19,0.93,1.56,3.88,70476,185216,273447.0,88231.0,1862,2.084,49.8,35434.14,74383.94,109818.07
SF10560,Tamil Nadu,Nalgonda,Groundnut,Rabi,6.76,477.8,24.3,49.8,6.8,6.51,22.9,131.4,58.2,66.6,Sprinkler,237.5,3.92,0.76,1.84,12.44,61389,514036,763679.0,249643.0,3322,3.745,48.8,36929.44,76040.83,112970.27
SF10561,Telangana,Rajkot,Rice,Zaid,3.7,704.8,27.8,56.8,6.8,6.78,22.1,121.5,15.0,105.8,Sprinkler,193.4,7.78,0.67,4.08,15.1,23470,281585,354397.0,72812.0,4720,3.199,30.6,19678.92,76104.05,95782.97
SF10562,Telangana,Nalgonda,Pulses,Kharif,4.97,804.1,30.3,78.7,6.5,7.2,28.3,141.6,70.2,125.7,Flood,241.4,6.62,0.73,1.03,5.12,64201,379662,328709.0,-50953.0,2350,2.179,32.3,-10252.11,76390.74,66138.63
SF10563,Telangana,Nalgonda,Groundnut,Rabi,10.91,189.4,21.3,64.4,7.0,5.86,21.9,167.2,80.8,79.5,Flood,111.9,7.39,0.85,0.64,6.98,61537,803096,429528.0,-373568.0,8260,0.845,21.8,-34240.88,73611.0,39370.12
SF10564,Madhya Pradesh,Ludhiana,Chilli,Rabi,11.89,179.0,23.9,48.1,7.4,7.93,37.7,45.2,39.1,105.3,Flood,230.7,5.02,0.71,0.3,3.57,79262,838891,282965.0,-555926.0,9980,0.358,49.2,-46755.76,70554.33,23798.57
SF10565,Andhra Pradesh,Warangal,Rice,Kharif,13.93,870.0,26.5,58.9,7.9,5.29,24.3,130.2,43.5,112.4,Flood,143.0,6.1,0.66,0.36,5.01,22303,863751,111738.0,-752013.0,22816,0.22,47.1,-53985.14,62006.53,8021.39
SF10566,Madhya Pradesh,Krishna,Groundnut,Kharif,2.08,701.5,29.4,78.7,6.5,6.94,29.7,82.7,59.9,90.2,Rainfed,199.2,5.84,0.99,1.74,3.62,55854,153818,202191.0,48373.0,687,5.269,53.9,23256.25,73950.96,97207.21
SF10567,Telangana,Nalgonda,Cotton,Rabi,6.56,642.8,21.1,59.2,8.0,6.32,15.5,124.6,46.1,102.4,Flood,50.6,3.01,0.81,1.47,9.64,69114,247752,666259.0,418507.0,6810,1.416,41.4,63796.8,37767.07,101563.87
SF10568,Punjab,Nalgonda,Pulses,Kharif,11.19,682.6,28.1,82.7,8.6,7.91,35.6,117.5,22.8,104.3,Sprinkler,136.1,4.54,0.86,0.3,3.36,66121,579591,222167.0,-357424.0,4161,0.807,52.9,-31941.38,51795.44,19854.07
SF10569,Punjab,Rajkot,Cotton,Zaid,11.47,240.1,29.6,63.6,7.1,6.17,24.1,183.1,73.4,66.5,Flood,257.7,7.0,0.91,1.03,11.81,78561,859819,927805.0,67986.0,10825,1.091,35.1,5927.29,74962.42,80889.71
SF10570,Punjab,Indore,Rice,Zaid,9.72,174.2,32.4,44.9,8.8,7.63,24.4,88.9,61.8,100.1,Rainfed,215.5,4.44,0.97,0.74,7.19,23579,586001,169533.0,-416468.0,5825,1.234,33.7,-42846.5,60288.17,17441.67
SF10571,Karnataka,Raichur,Cotton,Zaid,3.58,341.2,28.6,49.2,9.8,6.84,18.2,120.7,81.8,102.2,Flood,85.6,5.15,0.91,1.28,4.58,68158,176258,312164.0,135906.0,3297,1.389,31.7,37962.57,49234.08,87196.65
SF10572,Gujarat,Indore,Rice,Kharif,7.06,947.6,29.7,68.0,8.2,6.9,33.9,103.5,89.3,101.3,Rainfed,230.4,6.41,0.86,3.21,22.66,22116,458812,501149.0,42337.0,5240,4.324,55.9,5996.74,64987.54,70984.28
SF10573,Gujarat,Erode,Groundnut,Kharif,7.72,979.4,26.1,72.5,5.3,5.82,37.8,134.5,57.3,87.4,Sprinkler,116.2,5.84,0.68,0.85,6.56,51712,391543,339231.0,-52312.0,3880,1.691,45.0,-6776.17,50718.01,43941.84
SF10574,Gujarat,Raichur,Sugarcane,Rabi,6.8,401.8,26.3,60.9,8.2,7.16,23.75,125.5,80.2,138.9,Flood,188.2,8.75,0.9,63.19,429.69,3632,378817,1560634.0,1181817.0,14435,29.767,26.1,173796.62,55708.38,229505.0
SF10575,Andhra Pradesh,Krishna,Maize,Rabi,2.14,558.3,25.4,74.1,8.2,6.95,23.5,142.2,53.2,148.3,Flood,188.3,2.05,0.89,3.75,8.02,23310,111009,186946.0,75937.0,1550,5.174,57.6,35484.58,51873.36,87357.94
SF10576,Maharashtra,Nalgonda,Maize,Rabi,10.41,518.2,22.7,65.5,9.3,7.18,25.4,147.9,37.9,70.1,Sprinkler,225.8,6.27,0.86,3.11,32.38,19997,696662,647503.0,-49159.0,5768,5.614,51.5,-4722.29,66922.38,62200.1
SF10577,Maharashtra,Nalgonda,Cotton,Rabi,12.93,430.3,23.0,48.4,5.0,7.56,22.4,116.6,80.2,110.8,Rainfed,239.3,5.45,0.68,0.7,9.05,61110,836190,553046.0,-283144.0,4398,2.058,32.2,-21898.22,64670.53,42772.31
SF10578,Maharashtra,Warangal,Maize,Zaid,8.48,389.0,30.8,52.4,9.0,7.28,23.2,127.6,52.9,92.3,Flood,227.3,6.93,0.77,2.27,19.25,22606,684496,435166.0,-249330.0,6078,3.167,23.8,-29402.12,80718.87,51316.75
SF10579,Andhra Pradesh,Indore,Wheat,Kharif,13.96,958.0,28.8,86.8,6.5,6.62,39.2,176.6,52.0,107.6,Drip,213.8,8.72,0.81,3.79,52.91,21764,941600,1151533.0,209933.0,7803,6.781,50.4,15038.18,67449.86,82488.04
SF10580,Gujarat,Indore,Cotton,Kharif,12.42,1020.0,23.7,76.9,6.7,7.37,24.0,138.2,29.8,101.8,Sprinkler,89.9,5.37,0.7,0.92,11.43,66488,784988,759958.0,-25030.0,8701,1.314,55.7,-2015.3,63203.54,61188.24
SF10581,Madhya Pradesh,Rajkot,Wheat,Zaid,7.65,208.2,27.1,50.8,9.1,6.82,13.9,133.2,46.1,106.2,Drip,265.9,3.77,0.9,2.58,19.74,21025,569703,415033.0,-154670.0,3998,4.937,53.3,-20218.3,74470.98,54252.68
SF10582,Tamil Nadu,Guntur,Maize,Kharif,11.45,955.9,29.8,81.6,6.7,6.47,22.8,190.6,71.9,112.6,Flood,87.1,3.67,1.0,4.33,49.58,21569,631145,1069391.0,438246.0,8811,5.627,57.1,38274.76,55121.83,93396.59
SF10583,Punjab,Indore,Chilli,Zaid,4.67,429.7,35.9,56.7,9.3,7.01,26.4,152.2,56.6,119.7,Rainfed,224.0,4.05,0.99,1.29,6.02,94946,274253,571575.0,297322.0,1092,5.513,44.7,63666.38,58726.55,122392.93
SF10584,Maharashtra,Nalgonda,Maize,Kharif,3.58,1015.9,29.0,70.5,5.3,6.41,46.4,184.7,63.9,86.4,Rainfed,40.0,6.93,0.95,3.19,11.42,24516,202153,279973.0,77820.0,1224,9.33,41.2,21737.43,56467.32,78204.75
SF10585,Karnataka,Ludhiana,Sugarcane,Rabi,14.03,290.1,23.5,68.2,6.2,8.24,21.0,111.3,62.9,125.1,Rainfed,231.1,5.47,0.69,2.46,34.51,3974,672861,137143.0,-535718.0,14608,2.362,35.5,-38183.75,47958.73,9774.98
SF10586,Telangana,Warangal,Cotton,Zaid,13.96,496.6,39.7,54.4,9.4,8.01,14.9,122.5,57.2,117.8,Sprinkler,226.4,6.04,0.98,0.3,4.19,47327,1094030,198300.0,-895730.0,10015,0.418,41.6,-64164.04,78368.91,14204.87
SF10587,Maharashtra,Indore,Wheat,Zaid,2.56,80.0,33.7,48.9,7.3,6.54,19.1,106.8,86.5,86.3,Drip,232.3,5.72,0.88,1.77,4.53,22841,148493,103470.0,-45023.0,1136,3.988,41.1,-17587.11,58005.08,40417.97
SF10588,Telangana,Erode,Chilli,Kharif,11.59,666.3,27.4,63.1,6.6,6.3,31.0,153.3,57.8,105.2,Rainfed,196.6,5.75,0.71,2.33,27.0,97135,766263,2622645.0,1856382.0,3511,7.69,48.8,160171.01,66114.15,226285.16
SF10589,Telangana,Erode,Groundnut,Kharif,3.36,1108.6,27.6,59.8,7.5,6.53,30.7,72.4,51.9,129.2,Flood,165.2,7.28,0.75,1.54,5.17,63900,219340,330363.0,111023.0,2096,2.467,40.7,33042.56,65279.76,98322.32
SF10590,Maharashtra,Nashik,Groundnut,Rabi,2.73,634.5,25.3,63.6,6.2,6.13,16.7,115.0,60.8,90.4,Flood,198.9,4.83,0.98,1.33,3.63,52527,182519,190673.0,8154.0,2053,1.768,51.5,2986.81,66856.78,69843.59
SF10591,Gujarat,Raichur,Maize,Kharif,4.92,871.0,30.0,74.4,7.0,7.89,28.1,123.6,31.8,92.6,Flood,199.3,8.51,0.74,0.67,3.3,22511,391183,74286.0,-316897.0,3979,0.829,51.5,-64409.96,79508.74,15098.78
SF10592,Tamil Nadu,Raichur,Wheat,Kharif,13.89,855.1,30.8,72.0,5.5,5.75,31.1,96.7,36.1,129.1,Drip,217.2,6.0,0.95,0.98,13.61,20851,796467,283782.0,-512685.0,6942,1.961,52.7,-36910.37,57341.04,20430.67
SF10593,Punjab,Rajkot,Maize,Kharif,7.68,977.8,32.8,65.7,6.8,7.08,27.2,152.2,26.1,119.9,Flood,269.1,4.32,0.87,3.22,24.73,21525,612476,532313.0,-80163.0,6717,3.682,52.1,-10437.89,79749.48,69311.59
SF10594,Maharashtra,Krishna,Rice,Kharif,1.5,753.4,30.0,79.9,8.1,6.02,34.7,112.6,67.2,107.4,Sprinkler,126.9,1.62,0.92,2.42,3.63,22864,90422,82996.0,-7426.0,2406,1.509,76.8,-4950.67,60281.33,55330.67
SF10595,Madhya Pradesh,Ludhiana,Chilli,Zaid,7.24,291.15,33.4,45.9,8.2,6.72,16.4,158.3,73.5,80.8,Rainfed,317.6,1.59,0.96,1.38,9.99,94804,527158,947092.0,419934.0,2581,3.871,43.3,58001.93,72811.88,130813.81
SF10596,Maharashtra,Krishna,Cotton,Rabi,7.14,444.2,17.6,56.6,7.2,8.09,28.3,84.8,51.5,49.0,Sprinkler,201.3,5.42,0.74,0.3,2.14,59242,540148,126778.0,-413370.0,4784,0.447,41.1,-57894.96,75650.98,17756.02
SF10597,Andhra Pradesh,Krishna,Rice,Zaid,13.96,89.9,28.5,43.4,9.5,6.83,15.9,79.3,35.5,142.1,Rainfed,222.5,4.67,0.91,1.81,25.27,24312,877099,614364.0,-262735.0,9860,2.563,37.9,-18820.56,62829.44,44008.88
SF10598,Madhya Pradesh,Indore,Chilli,Kharif,3.37,619.4,28.3,72.9,6.8,6.93,35.1,124.8,69.6,64.1,Flood,245.0,2.46,0.84,2.54,8.56,82446,224847,705738.0,480891.0,2803,3.054,65.8,142697.63,66720.18,209417.8
SF10599,Andhra Pradesh,Ludhiana,Maize,Kharif,1.45,1296.3,26.4,83.4,7.5,5.98,38.5,108.7,60.0,162.0,Drip,343.9,7.11,0.71,1.85,2.68,22721,93098,60892.0,-32206.0,663,4.042,60.7,-22211.03,64205.52,41994.48
SF10600,Madhya Pradesh,Indore,Pulses,Rabi,14.87,305.8,24.9,61.1,5.9,6.25,26.9,72.3,46.6,120.5,Sprinkler,187.2,6.93,0.78,0.97,14.42,71734,1273058,1034404.0,-238654.0,5263,2.74,38.6,-16049.36,85612.51,69563.15
SF10601,Karnataka,Indore,Maize,Kharif,10.78,791.3,28.9,71.9,7.1,7.45,40.2,121.7,15.0,170.2,Drip,274.3,3.12,0.76,2.9,31.26,20125,834937,629108.0,-205829.0,6579,4.751,67.8,-19093.6,77452.41,58358.81
SF10602,Gujarat,Indore,Pulses,Rabi,13.28,272.9,23.4,51.6,8.5,6.15,24.7,111.7,49.0,114.8,Drip,307.2,0.97,0.92,0.92,12.22,62635,947941,765400.0,-182541.0,4048,3.019,38.8,-13745.56,71381.1,57635.54
SF10603,Gujarat,Erode,Wheat,Zaid,13.62,247.3,28.8,55.6,8.5,6.29,20.4,92.2,59.0,106.9,Sprinkler,275.9,5.5,0.84,1.94,26.42,23595,950360,623380.0,-326980.0,8074,3.272,49.0,-24007.34,69776.8,45769.46
SF10604,Andhra Pradesh,Indore,Rice,Kharif,14.88,973.8,24.5,80.2,7.7,6.23,38.3,104.2,66.3,111.6,Sprinkler,138.1,2.57,0.81,3.1,46.13,22627,847621,1043784.0,196163.0,21989,2.098,61.7,13183.0,56963.78,70146.77
SF10605,Gujarat,Warangal,Cotton,Kharif,8.99,723.7,28.5,86.6,5.9,5.99,26.7,99.6,43.7,69.8,Drip,210.9,5.28,0.8,0.99,8.9,70055,554879,623490.0,68611.0,6796,1.31,57.8,7631.92,61721.8,69353.73
SF10606,Andhra Pradesh,Warangal,Chilli,Rabi,13.42,372.6,20.3,63.8,8.2,5.71,34.8,128.1,97.7,81.7,Flood,287.8,4.29,0.67,0.68,9.13,108555,988748,991107.0,2359.0,8564,1.066,45.2,175.78,73677.2,73852.98
SF10607,Karnataka,Indore,Wheat,Rabi,6.23,633.0,24.8,65.6,6.9,6.24,23.8,132.1,74.8,66.0,Rainfed,186.2,3.88,0.77,2.35,14.64,22065,331759,323032.0,-8727.0,1433,10.216,35.6,-1400.8,53251.85,51851.04
SF10608,Tamil Nadu,Guntur,Maize,Rabi,4.69,128.8,24.1,56.3,7.4,6.54,25.9,97.7,65.3,51.6,Sprinkler,135.8,5.64,0.68,2.91,13.65,22430,269103,306170.0,37067.0,2428,5.622,18.7,7903.41,57378.04,65281.45
SF10609,Andhra Pradesh,Erode,Rice,Kharif,14.9,796.2,27.2,64.3,7.3,7.26,38.8,114.6,31.0,66.0,Flood,192.2,2.29,0.93,2.69,40.08,21690,982822,869335.0,-113487.0,27011,1.484,60.2,-7616.58,65961.21,58344.63
SF10610,Punjab,Rajkot,Rice,Kharif,2.08,816.8,29.5,76.4,5.8,6.08,40.0,88.4,56.1,138.1,Flood,138.1,4.96,0.88,2.51,5.22,24583,152544,128323.0,-24221.0,3887,1.343,60.6,-11644.71,73338.46,61693.75
SF10611,Karnataka,Erode,Wheat,Kharif,5.51,972.1,25.4,82.9,7.1,6.64,35.1,121.0,58.9,75.0,Flood,97.1,5.17,0.9,2.66,14.66,20341,331994,298199.0,-33795.0,3594,4.079,47.0,-6133.39,60252.99,54119.6
SF10612,Andhra Pradesh,Erode,Rice,Kharif,14.21,920.1,29.7,79.0,6.5,6.86,35.6,169.5,55.0,111.0,Flood,110.2,6.29,0.84,3.39,48.17,19280,1063716,928718.0,-134998.0,27819,1.732,50.8,-9500.21,74856.86,65356.65
SF10613,Tamil Nadu,Krishna,Rice,Kharif,14.14,701.3,28.7,83.1,6.8,6.21,26.1,130.1,33.5,121.7,Drip,49.4,7.67,0.66,3.21,45.39,19173,679161,870262.0,191101.0,17865,2.541,38.6,13514.92,48031.19,61546.11
SF10614,Madhya Pradesh,Raichur,Groundnut,Zaid,3.03,549.5,32.0,55.5,9.6,6.25,20.1,72.6,50.0,111.5,Sprinkler,193.5,4.76,0.8,1.45,4.39,61015,174647,267856.0,93209.0,1635,2.685,43.2,30762.05,57639.27,88401.32
SF10615,Karnataka,Krishna,Groundnut,Kharif,13.86,970.6,26.2,93.1,7.6,7.41,24.1,161.4,40.4,152.8,Flood,256.0,3.39,0.87,1.13,15.66,51995,1150054,814242.0,-335812.0,8956,1.749,55.1,-24228.86,82976.48,58747.62
SF10616,Karnataka,Rajkot,Sugarcane,Rabi,2.72,484.3,22.3,74.8,7.8,6.85,20.2,161.8,62.5,78.1,Flood,113.3,7.6,0.77,59.69,162.36,3523,165204,571994.0,406790.0,5424,29.934,28.8,149555.15,60736.76,210291.91
SF10617,Gujarat,Raichur,Rice,Rabi,11.93,516.5,22.7,48.6,6.6,7.22,25.0,121.3,52.3,128.7,Flood,167.6,0.5,0.72,2.59,30.9,23668,721164,731341.0,10177.0,21580,1.432,49.7,853.06,60449.62,61302.68
SF10618,Tamil Nadu,Erode,Chilli,Kharif,7.55,995.5,31.0,66.0,6.4,6.54,32.3,123.2,75.9,134.7,Flood,172.6,3.92,0.93,2.7,20.39,100474,487157,2048665.0,1561508.0,6668,3.058,41.7,206822.25,64524.11,271346.36
SF10619,Gujarat,Krishna,Wheat,Kharif,7.85,750.1,29.0,68.5,5.9,6.3,29.5,94.8,26.3,102.1,Flood,293.4,1.14,0.76,2.59,20.33,22475,580022,456917.0,-123105.0,4602,4.418,60.8,-15682.17,73888.15,58205.99
SF10620,Andhra Pradesh,Rajkot,Groundnut,Kharif,0.95,979.1,34.6,66.0,5.8,6.56,39.9,133.6,88.9,81.9,Flood,111.7,3.63,0.83,1.74,1.65,58167,62174,95976.0,33802.0,641,2.574,70.8,35581.05,65446.32,101027.37
SF10621,Gujarat,Raichur,Pulses,Kharif,9.63,1126.2,29.5,73.6,8.0,6.34,25.2,134.3,89.5,155.8,Flood,135.0,6.73,0.85,1.18,11.36,78337,578209,889908.0,311699.0,4218,2.693,60.3,32367.5,60042.47,92409.97
SF10622,Maharashtra,Nashik,Chilli,Kharif,14.66,764.2,26.4,66.8,8.3,6.26,31.0,122.9,77.2,129.8,Rainfed,140.0,6.9,0.86,2.07,30.35,101694,745081,3086413.0,2341332.0,5170,5.87,43.9,159708.87,50824.08,210532.95
SF10623,Andhra Pradesh,Rajkot,Maize,Rabi,9.48,649.7,26.7,69.3,6.7,6.33,19.0,110.4,78.6,122.6,Drip,234.7,2.87,0.9,4.88,46.26,22658,754440,1048159.0,293719.0,4843,9.552,68.1,30983.02,79582.28,110565.3
SF10624,Telangana,Erode,Maize,Kharif,9.64,962.7,28.6,78.8,5.8,6.24,22.9,152.7,77.0,107.6,Flood,173.5,4.68,0.96,3.75,36.15,21010,675279,759512.0,84233.0,6443,5.611,55.2,8737.86,70049.69,78787.55
SF10625,Madhya Pradesh,Erode,Groundnut,Rabi,1.41,300.4,23.0,58.5,7.2,7.99,33.4,123.8,40.3,130.1,Rainfed,205.8,5.85,0.95,0.3,0.42,54393,95089,22845.0,-72244.0,385,1.091,34.4,-51236.88,67439.01,16202.13
SF10626,Karnataka,Nalgonda,Cotton,Kharif,8.88,694.2,28.9,74.3,5.4,7.02,24.1,126.7,61.8,88.1,Rainfed,202.9,1.87,0.96,1.82,16.16,67652,663853,1093256.0,429403.0,3382,4.778,53.7,48356.19,74758.22,123114.41
SF10627,Maharashtra,Warangal,Chilli,Kharif,14.45,806.5,28.9,68.9,8.6,6.48,27.1,131.6,75.4,120.6,Flood,182.9,2.52,0.94,2.92,42.19,120429,1059050,5080900.0,4021850.0,10980,3.842,58.0,278328.72,73290.66,351619.38
SF10628,Tamil Nadu,Warangal,Pulses,Kharif,3.0,1249.9,26.6,69.1,5.9,6.92,35.0,87.5,57.5,87.4,Rainfed,141.3,5.49,0.67,0.87,2.61,66367,184763,173218.0,-11545.0,531,4.915,60.2,-3848.33,61587.67,57739.33
SF10629,Gujarat,Warangal,Cotton,Kharif,10.23,1063.7,26.8,84.7,7.7,7.14,23.6,126.6,31.8,67.1,Drip,201.9,2.41,0.8,1.5,15.34,87937,613499,1348954.0,735455.0,7314,2.097,69.1,71891.98,59970.58,131862.56
SF10630,Maharashtra,Warangal,Chilli,Zaid,10.17,410.6,36.1,64.0,9.4,6.49,22.1,171.8,72.9,134.4,Flood,217.5,7.9,0.98,1.41,14.34,116102,804964,1664903.0,859939.0,8999,1.594,39.3,84556.44,79150.84,163707.28
SF10631,Karnataka,Guntur,Rice,Kharif,11.36,648.2,30.6,69.2,7.2,6.12,28.5,139.0,46.0,94.4,Flood,288.0,4.67,0.83,2.65,30.1,19924,907442,599712.0,-307730.0,21037,1.431,47.7,-27088.91,79880.46,52791.55
SF10632,Madhya Pradesh,Warangal,Rice,Rabi,7.46,248.6,23.1,45.4,8.8,6.46,27.7,85.3,30.6,71.9,Drip,177.1,5.07,0.85,2.95,22.01,21841,415287,480720.0,65433.0,7754,2.839,30.3,8771.18,55668.5,64439.68
SF10633,Maharashtra,Ludhiana,Rice,Rabi,5.65,250.7,23.7,62.0,5.4,6.0,25.2,156.1,73.0,140.5,Rainfed,85.4,6.66,0.71,1.54,8.7,20779,339325,180777.0,-158548.0,5448,1.597,36.5,-28061.59,60057.52,31995.93
SF10634,Madhya Pradesh,Erode,Maize,Rabi,11.49,224.0,23.3,50.1,7.6,6.65,19.3,87.3,29.1,88.0,Rainfed,83.1,5.26,0.88,2.38,27.35,20817,711919,569345.0,-142574.0,3719,7.354,21.2,-12408.53,61959.88,49551.35
SF10635,Telangana,Erode,Maize,Zaid,11.58,351.1,34.4,57.8,8.2,6.92,21.8,93.6,50.4,95.3,Drip,248.1,4.42,0.81,2.64,30.57,21051,964707,643529.0,-321178.0,5806,5.265,53.2,-27735.58,83308.03,55572.45
SF10636,Maharashtra,Raichur,Cotton,Kharif,0.86,908.7,27.0,81.5,7.0,6.8,39.2,89.0,72.9,77.3,Flood,206.5,6.24,0.85,1.52,1.31,59613,57096,78093.0,20997.0,705,1.858,48.2,24415.12,66390.7,90805.81
SF10637,Maharashtra,Indore,Maize,Zaid,11.82,239.5,29.6,59.9,7.9,5.85,8.0,148.3,69.0,69.9,Rainfed,281.2,6.53,0.65,1.03,12.17,24456,848156,297630.0,-550526.0,3919,3.105,38.2,-46575.8,71756.01,25180.2
SF10638,Tamil Nadu,Indore,Chilli,Rabi,12.79,560.5,17.7,51.8,6.2,5.2,19.5,130.5,66.5,89.1,Sprinkler,191.0,5.59,0.68,0.3,3.84,92541,979377,355357.0,-624020.0,7081,0.542,35.9,-48789.68,76573.65,27783.97
SF10639,Telangana,Guntur,Rice,Zaid,7.62,80.0,32.8,53.4,7.3,6.55,20.6,124.4,60.0,114.3,Drip,120.4,5.68,0.69,2.07,15.77,21530,447383,339528.0,-107855.0,9681,1.629,36.1,-14154.2,58711.68,44557.48
SF10640,Telangana,Warangal,Pulses,Kharif,5.15,839.5,25.5,62.3,6.8,6.47,33.8,85.3,56.0,100.2,Rainfed,191.3,2.12,0.93,1.24,6.39,79091,329504,505391.0,175887.0,924,6.916,59.5,34152.82,63981.36,98134.17
SF10641,Karnataka,Ludhiana,Maize,Kharif,2.93,531.3,30.0,74.1,5.5,6.48,24.2,87.1,33.8,96.2,Flood,301.1,5.45,0.93,3.5,10.26,25433,216010,260943.0,44933.0,2562,4.005,55.7,15335.49,73723.55,89059.04
SF10642,Tamil Nadu,Rajkot,Wheat,Kharif,8.17,649.5,27.1,67.2,7.1,6.36,32.8,114.9,20.9,106.4,Rainfed,168.2,8.42,0.92,2.31,18.87,24142,544659,455560.0,-89099.0,2543,7.42,35.0,-10905.63,66665.73,55760.1
SF10643,Madhya Pradesh,Nalgonda,Chilli,Zaid,14.54,370.9,31.8,31.9,8.2,6.94,15.8,161.1,88.0,96.8,Sprinkler,193.4,3.0,0.78,2.06,29.95,87386,974850,2617211.0,1642361.0,8298,3.609,46.6,112954.68,67046.08,180000.76
SF10644,Gujarat,Krishna,Maize,Kharif,1.26,674.0,29.9,55.4,6.8,7.73,29.3,172.8,61.7,58.2,Drip,260.6,5.05,0.88,1.37,1.73,19763,114212,34190.0,-80022.0,663,2.609,50.9,-63509.52,90644.44,27134.92
SF10645,Andhra Pradesh,Ludhiana,Sugarcane,Kharif,7.48,797.2,27.7,73.4,6.9,6.84,33.1,170.2,47.0,78.4,Drip,157.7,5.95,0.98,89.34,668.26,3705,491085,2475903.0,1984818.0,11547,57.873,36.9,265350.0,65653.07,331003.07
SF10646,Andhra Pradesh,Raichur,Maize,Kharif,12.9,647.1,28.4,82.6,7.9,6.57,31.4,106.4,79.8,103.7,Rainfed,139.1,7.5,0.82,4.6,59.34,20987,730026,1245369.0,515343.0,4435,13.38,52.4,39949.07,56591.16,96540.23
SF10647,Punjab,Guntur,Sugarcane,Zaid,12.54,324.3,26.5,44.7,9.0,6.76,11.9,159.1,64.8,119.1,Sprinkler,114.9,4.4,0.92,64.76,812.09,3057,634204,2482559.0,1848355.0,18635,43.579,37.9,147396.73,50574.48,197971.21
SF10648,Maharashtra,Krishna,Maize,Kharif,1.5,473.7,30.3,57.8,5.4,5.99,30.3,127.9,79.3,87.6,Rainfed,79.2,3.77,0.68,1.68,2.52,25188,68638,63474.0,-5164.0,320,7.875,52.8,-3442.67,45758.67,42316.0
SF10649,Andhra Pradesh,Krishna,Groundnut,Rabi,6.14,423.1,22.2,53.4,7.0,7.1,25.0,217.0,59.3,85.3,Flood,160.9,6.54,0.86,1.29,7.92,61086,386561,483801.0,97240.0,3692,2.145,31.2,15837.13,62957.82,78794.95
SF10650,Andhra Pradesh,Raichur,Cotton,Zaid,4.56,216.3,31.7,43.6,9.0,7.16,11.9,124.2,67.2,146.7,Flood,275.7,6.71,0.89,0.93,4.24,63658,370527,269910.0,-100617.0,4055,1.046,32.0,-22065.13,81255.92,59190.79
SF10651,Gujarat,Raichur,Maize,Rabi,13.23,587.6,24.7,59.3,8.4,5.53,30.4,131.5,42.2,142.9,Flood,284.9,5.46,0.76,2.815,37.24,21564,1065547,803043.0,-262504.0,9310,4.0,52.4,-19841.57,80540.21,60698.64
SF10652,Tamil Nadu,Indore,Pulses,Rabi,8.41,466.9,24.7,59.7,6.4,7.47,26.2,116.3,89.6,83.2,Sprinkler,192.7,3.28,0.69,0.61,5.13,67365,507332,345582.0,-161750.0,3131,1.638,37.6,-19233.06,60324.85,41091.8
SF10653,Tamil Nadu,Raichur,Pulses,Kharif,10.85,750.9,35.2,64.8,6.4,5.87,25.7,81.3,55.3,148.0,Sprinkler,145.8,6.57,0.98,0.58,6.29,56395,773521,354725.0,-418796.0,3878,1.622,48.1,-38598.71,71292.26,32693.55
SF10654,Madhya Pradesh,Guntur,Pulses,Kharif,6.32,699.8,28.2,77.4,7.1,6.42,27.6,66.0,72.6,90.9,Rainfed,300.5,6.27,0.66,1.07,6.76,63652,463575,430288.0,-33287.0,1236,5.469,54.0,-5266.93,73350.47,68083.54
SF10655,Maharashtra,Erode,Cotton,Kharif,5.3,692.3,30.3,70.9,6.6,6.62,17.1,130.1,49.7,91.9,Rainfed,145.7,2.76,0.94,1.96,10.39,78371,328252,814275.0,486023.0,2059,5.046,38.5,91702.45,61934.34,153636.79
SF10656,Punjab,Indore,Sugarcane,Rabi,5.46,274.1,17.6,41.2,7.5,7.68,25.7,142.8,44.2,36.1,Rainfed,114.7,6.28,0.92,12.45,67.98,3823,409151,259888.0,-149263.0,5980,11.368,24.2,-27337.55,74936.08,47598.53
SF10657,Andhra Pradesh,Nalgonda,Maize,Kharif,8.8,1213.2,30.2,59.5,6.5,7.38,25.9,86.2,73.3,85.2,Drip,357.0,5.22,0.68,1.93,16.98,17824,686532,302652.0,-383880.0,4320,3.931,55.9,-43622.73,78015.0,34392.27
SF10658,Madhya Pradesh,Ludhiana,Rice,Rabi,12.52,424.4,26.7,49.9,9.1,5.77,18.4,110.7,56.3,127.8,Flood,130.0,4.86,0.8,1.16,14.52,23782,762424,345315.0,-417109.0,24908,0.583,31.4,-33315.42,60896.49,27581.07
SF10659,Telangana,Erode,Maize,Rabi,13.06,188.5,22.2,54.9,5.8,6.52,26.9,88.6,32.5,81.8,Sprinkler,299.9,5.42,0.97,3.12,40.75,21258,1092961,866264.0,-226697.0,8768,4.648,37.9,-17358.12,83687.67,66329.56
SF10660,Karnataka,Nalgonda,Maize,Rabi,12.22,572.5,20.4,50.2,7.4,7.09,20.8,156.6,44.2,111.8,Flood,207.6,5.94,0.71,3.01,36.78,22159,850067,815008.0,-35059.0,9259,3.972,29.2,-2868.99,69563.58,66694.6
SF10661,Tamil Nadu,Indore,Groundnut,Rabi,9.71,406.1,28.8,69.5,8.0,6.58,21.5,106.3,38.1,63.5,Sprinkler,290.6,5.43,0.76,1.73,16.8,58056,750551,975341.0,224790.0,4099,4.099,42.5,23150.36,77296.7,100447.06
SF10662,Telangana,Ludhiana,Chilli,Kharif,7.19,767.2,26.9,68.1,8.5,6.87,29.7,69.9,68.7,61.7,Flood,78.2,6.15,0.93,2.54,18.26,102055,407256,1863524.0,1456268.0,5207,3.507,52.1,202540.75,56642.0,259182.75
SF10663,Telangana,Krishna,Pulses,Rabi,10.82,419.3,20.6,60.4,6.2,7.14,19.3,136.6,79.7,116.7,Rainfed,259.0,4.54,0.77,0.75,8.12,72369,638427,587636.0,-50791.0,1801,4.509,49.8,-4694.18,59004.34,54310.17
SF10664,Andhra Pradesh,Warangal,Wheat,Rabi,4.16,841.5,20.7,55.9,6.1,6.94,18.0,131.3,58.3,84.2,Rainfed,250.8,8.87,0.81,2.53,10.52,29848,305401,314001.0,8600.0,1158,9.085,22.2,2067.31,73413.7,75481.01
SF10665,Maharashtra,Rajkot,Sugarcane,Zaid,1.34,510.5,31.6,50.2,7.8,6.02,22.5,110.6,73.6,71.8,Drip,95.2,5.51,0.68,29.61,39.68,4001,85078,158760.0,73682.0,2164,18.336,41.7,54986.57,63491.04,118477.61
SF10666,Madhya Pradesh,Ludhiana,Rice,Kharif,4.08,819.1,27.9,65.9,5.6,6.85,36.2,40.0,37.1,148.6,Sprinkler,137.0,5.75,0.93,3.82,15.59,21324,229295,332441.0,103146.0,6746,2.311,60.2,25280.88,56199.75,81480.64
SF10667,Telangana,Indore,Wheat,Kharif,4.07,735.6,27.8,95.0,4.9,6.63,35.4,63.3,45.8,172.2,Rainfed,243.5,5.2,0.69,3.27,13.31,20518,328184,273095.0,-55089.0,1226,10.856,58.7,-13535.38,80634.89,67099.51
SF10668,Madhya Pradesh,Nashik,Pulses,Rabi,3.2,580.6,24.4,60.3,9.0,5.94,24.2,188.1,67.2,69.7,Flood,264.2,6.32,0.68,0.65,2.08,60200,233461,125216.0,-108245.0,1612,1.29,36.9,-33826.56,72956.56,39130.0
SF10669,Punjab,Ludhiana,Rice,Rabi,5.7,477.4,22.6,51.4,7.1,6.51,26.2,153.5,54.6,162.1,Drip,171.8,0.5,0.89,3.98,22.69,20223,430554,458860.0,28306.0,6863,3.306,54.7,4965.96,75535.79,80501.75
SF10670,Madhya Pradesh,Indore,Rice,Kharif,12.93,1167.4,29.8,80.9,6.9,6.09,34.0,190.2,74.5,136.3,Flood,139.4,5.72,0.78,2.4,31.03,22794,755399,707298.0,-48101.0,26695,1.162,63.9,-3720.11,58422.2,54702.09
SF10671,Gujarat,Erode,Groundnut,Rabi,13.38,447.0,21.5,67.0,8.2,6.13,32.1,94.5,64.2,55.9,Rainfed,40.9,6.52,0.96,0.95,12.71,53713,657347,682692.0,25345.0,3103,4.096,38.8,1894.25,49129.07,51023.32
SF10672,Karnataka,Erode,Rice,Rabi,2.25,508.8,26.4,75.0,7.1,7.4,25.3,163.9,42.6,81.3,Flood,196.9,4.43,0.77,2.04,4.59,22014,169350,101044.0,-68306.0,3517,1.305,45.6,-30358.22,75266.67,44908.44
SF10673,Telangana,Indore,Chilli,Kharif,1.42,1261.2,25.5,59.7,5.5,5.89,27.4,94.6,58.3,134.8,Flood,239.7,8.24,0.69,0.86,1.22,103879,110695,126732.0,16037.0,1305,0.935,47.5,11293.66,77954.23,89247.89
SF10674,Telangana,Ludhiana,Groundnut,Kharif,8.32,1034.4,27.8,76.5,7.4,7.32,32.2,101.3,15.0,96.8,Sprinkler,273.8,2.72,0.95,1.21,10.07,60815,576777,612407.0,35630.0,4024,2.502,70.4,4282.45,69324.16,73606.61
SF10675,Telangana,Warangal,Cotton,Rabi,8.13,686.8,25.0,51.8,6.2,6.91,25.9,132.0,33.0,116.9,Sprinkler,175.2,6.65,0.84,1.96,15.93,70118,564687,1116980.0,552293.0,5769,2.761,19.1,67932.72,69457.2,137389.91
SF10676,Karnataka,Rajkot,Maize,Rabi,14.63,519.1,19.6,62.9,6.7,6.38,21.6,147.5,57.7,47.5,Drip,146.8,9.51,0.69,2.81,41.11,20572,805717,845715.0,39998.0,8283,4.963,42.2,2733.97,55072.93,57806.9
SF10677,Gujarat,Warangal,Groundnut,Rabi,11.47,80.0,24.7,59.2,8.1,6.2,27.0,138.2,45.3,117.2,Flood,165.0,4.41,0.92,1.18,13.53,56652,771088,766502.0,-4586.0,7933,1.706,50.0,-399.83,67226.5,66826.68
SF10678,Madhya Pradesh,Erode,Groundnut,Kharif,6.52,961.3,29.9,77.3,6.9,5.89,29.2,106.6,71.3,130.1,Sprinkler,170.3,2.64,0.81,0.9,5.87,58986,469983,346248.0,-123735.0,2859,2.053,66.6,-18977.76,72083.28,53105.52
SF10679,Madhya Pradesh,Nashik,Cotton,Kharif,10.66,943.7,29.2,69.4,5.3,6.69,25.6,93.1,39.4,142.2,Drip,250.1,7.32,0.85,2.08,22.17,67191,776817,1489624.0,712807.0,6214,3.568,56.8,66867.45,72872.14,139739.59
SF10680,Telangana,Nashik,Pulses,Rabi,14.89,603.6,22.0,50.3,5.9,6.99,21.5,109.2,56.3,123.2,Flood,195.3,4.19,0.8,1.33,19.8,82172,1173927,1627006.0,453079.0,7588,2.609,42.1,30428.41,78839.96,109268.37
SF10681,Punjab,Raichur,Wheat,Rabi,12.81,504.3,23.2,60.6,8.1,7.54,33.8,125.3,47.2,98.0,Sprinkler,147.6,8.13,0.85,1.47,18.83,23137,1062510,435670.0,-626840.0,5979,3.149,39.3,-48933.65,82943.79,34010.15
SF10682,Gujarat,Warangal,Cotton,Kharif,5.02,1038.7,28.2,77.9,6.8,7.21,25.6,110.3,64.5,85.6,Flood,156.5,8.09,0.66,1.38,6.93,57446,324287,398101.0,73814.0,4667,1.485,45.9,14703.98,64599.0,79302.99
SF10683,Maharashtra,Guntur,Wheat,Rabi,11.35,331.5,21.3,63.0,8.8,6.53,22.4,106.3,85.2,131.5,Flood,77.2,3.15,0.86,2.77,31.44,25603,572180,804958.0,232778.0,7552,4.163,54.5,20509.07,50412.33,70921.41
SF10684,Maharashtra,Krishna,Rice,Rabi,1.86,183.9,23.2,58.8,7.4,6.27,13.1,114.2,56.8,75.9,Sprinkler,97.9,5.56,0.83,2.31,4.3,19961,115260,85832.0,-29428.0,3363,1.279,43.5,-15821.51,61967.74,46146.24
SF10685,Madhya Pradesh,Nashik,Maize,Rabi,0.98,275.5,19.0,47.4,6.4,5.91,12.1,109.8,57.7,54.5,Flood,126.9,5.61,0.8,1.25,1.23,24942,56499,30679.0,-25820.0,640,1.922,28.6,-26346.94,57652.04,31305.1
SF10686,Punjab,Warangal,Maize,Kharif,13.8,806.9,24.1,72.4,6.3,6.53,30.6,103.4,86.0,45.6,Drip,156.4,6.62,0.72,4.33,59.75,19128,835672,1142898.0,307226.0,6390,9.351,49.7,22262.75,60555.94,82818.7
SF10687,Telangana,Guntur,Wheat,Zaid,13.63,375.3,32.8,39.1,7.5,7.85,23.2,78.9,57.3,143.9,Flood,40.0,4.58,0.71,0.45,6.13,23867,733065,146305.0,-586760.0,8688,0.706,36.4,-43049.16,53783.2,10734.04
SF10688,Telangana,Erode,Maize,Rabi,3.39,631.0,23.1,45.2,7.2,5.74,31.2,168.3,67.4,140.6,Rainfed,200.7,3.3,0.99,1.46,4.95,23568,190389,116662.0,-73727.0,1068,4.635,44.0,-21748.38,56161.95,34413.57
SF10689,Punjab,Nalgonda,Wheat,Rabi,12.78,760.0,20.3,59.6,7.4,7.25,28.3,109.5,88.5,131.2,Rainfed,145.9,6.7,0.86,1.84,23.52,23110,786938,543547.0,-243391.0,3430,6.857,50.6,-19044.68,61575.74,42531.06
SF10690,Punjab,Nalgonda,Maize,Kharif,1.16,751.3,28.8,75.4,5.5,6.83,28.4,81.2,63.1,134.8,Flood,116.4,6.46,0.8,4.56,5.29,23824,80511,126029.0,45518.0,954,5.545,53.4,39239.66,69406.03,108645.69
SF10691,Madhya Pradesh,Warangal,Rice,Rabi,1.53,414.8,29.5,51.9,7.8,5.68,15.1,118.4,18.2,123.1,Rainfed,40.0,2.87,0.74,0.77,1.18,27240,85022,32143.0,-52879.0,808,1.46,43.6,-34561.44,55569.93,21008.5
SF10692,Tamil Nadu,Guntur,Groundnut,Kharif,9.34,1123.6,28.4,71.7,5.1,6.32,33.2,104.7,39.4,114.9,Flood,224.3,2.26,0.73,1.42,13.26,48813,625353,647260.0,21907.0,4862,2.727,56.4,2345.5,66954.28,69299.79
SF10693,Gujarat,Raichur,Maize,Kharif,1.81,858.1,26.0,51.4,7.7,7.37,29.8,84.6,59.2,129.6,Rainfed,253.1,4.85,0.74,2.38,4.31,16939,119377,73007.0,-46370.0,472,9.131,56.6,-25618.78,65954.14,40335.36
SF10694,Maharashtra,Guntur,Rice,Kharif,6.63,939.3,26.0,69.3,5.8,7.94,38.6,112.8,75.5,76.7,Drip,248.7,7.92,0.77,0.67,4.44,20350,445882,90354.0,-355528.0,9015,0.493,48.6,-53624.13,67252.19,13628.05
SF10695,Maharashtra,Nashik,Groundnut,Kharif,7.64,828.6,29.3,67.1,5.8,6.62,27.0,96.9,32.2,114.8,Flood,257.9,5.86,0.76,2.3,17.57,56166,564557,986837.0,422280.0,4597,3.822,52.9,55272.25,73894.9,129167.15
SF10696,Telangana,Erode,Rice,Kharif,10.31,839.2,30.5,78.7,6.7,6.79,26.3,120.2,80.2,95.6,Flood,167.1,5.95,0.93,3.1,31.96,21758,707897,695386.0,-12511.0,21113,1.514,71.6,-1213.48,68661.2,67447.72
SF10697,Karnataka,Guntur,Wheat,Rabi,9.96,166.7,25.2,43.6,7.3,6.24,25.9,48.1,63.0,111.0,Drip,164.8,4.04,0.69,1.94,19.32,26041,609456,503112.0,-106344.0,4520,4.274,41.3,-10677.11,61190.36,50513.25
SF10698,Maharashtra,Guntur,Rice,Rabi,14.11,589.3,24.0,74.2,7.6,6.94,33.0,75.3,73.3,130.1,Drip,168.5,5.78,0.73,4.41,62.23,21954,1123133,1366197.0,243064.0,18834,3.304,41.1,17226.36,79598.37,96824.73
SF10699,Gujarat,Krishna,Rice,Kharif,1.1,789.1,27.4,55.5,6.4,6.93,36.7,101.0,97.7,57.7,Flood,174.7,2.63,0.84,4.24,4.66,21253,66013,99039.0,33026.0,2220,2.099,58.2,30023.64,60011.82,90035.45
SF10700,Andhra Pradesh,Rajkot,Wheat,Kharif,9.88,1028.6,29.5,83.9,7.6,5.35,35.4,117.7,36.0,99.9,Flood,188.1,8.82,0.82,0.3,2.96,22898,657264,67778.0,-589486.0,6325,0.468,58.0,-59664.57,66524.7,6860.12
SF10701,Telangana,Erode,Rice,Zaid,5.63,135.5,26.5,43.6,7.8,7.23,23.7,90.1,42.3,46.4,Flood,210.3,5.13,0.85,1.3,7.32,17699,367729,129557.0,-238172.0,9351,0.783,25.9,-42304.09,65315.99,23011.9
SF10702,Gujarat,Ludhiana,Sugarcane,Rabi,10.76,248.7,25.3,59.7,6.6,6.61,20.9,99.4,64.1,113.6,Sprinkler,191.4,3.22,0.89,49.04,527.67,3130,695689,1651607.0,955918.0,20819,25.346,33.8,88839.96,64655.11,153495.07
SF10703,Gujarat,Krishna,Rice,Rabi,7.87,594.4,22.5,50.1,7.6,7.44,20.2,108.3,62.6,60.2,Sprinkler,206.3,4.96,0.83,1.8,14.17,22016,564533,311967.0,-252566.0,13031,1.087,41.2,-32092.25,71732.27,39640.03
SF10704,Karnataka,Ludhiana,Pulses,Rabi,9.59,337.3,26.0,64.6,8.4,6.75,18.7,129.5,28.9,128.8,Flood,344.2,0.91,0.78,1.15,11.03,75690,699000,834861.0,135861.0,3851,2.864,64.2,14166.94,72888.43,87055.37
SF10705,Andhra Pradesh,Raichur,Cotton,Rabi,0.84,370.7,24.2,53.5,8.2,6.79,24.0,156.5,75.5,63.7,Flood,142.7,3.97,0.93,1.45,1.22,66846,56720,81552.0,24832.0,857,1.424,37.3,29561.9,67523.81,97085.71
SF10706,Karnataka,Krishna,Maize,Rabi,14.94,275.3,23.5,59.3,7.8,5.6,27.2,84.9,61.9,54.9,Drip,232.5,6.82,0.99,0.7,10.46,22817,1024178,238666.0,-785512.0,7744,1.351,42.5,-52577.78,68552.74,15974.97
SF10707,Madhya Pradesh,Nashik,Chilli,Rabi,6.84,351.6,23.6,54.3,6.1,5.44,32.3,101.8,56.4,113.4,Flood,188.0,2.99,0.75,0.3,2.05,86825,416094,177991.0,-238103.0,4830,0.424,57.3,-34810.38,60832.46,26022.08
SF10708,Gujarat,Warangal,Wheat,Rabi,12.1,285.1,23.9,62.4,7.7,7.66,24.95,94.5,55.7,94.9,Drip,40.0,3.52,0.74,0.9,10.89,24839,604037,270497.0,-333540.0,5701,1.91,42.5,-27565.29,49920.41,22355.12
SF10709,Madhya Pradesh,Erode,Cotton,Rabi,6.05,227.5,23.3,50.6,7.0,6.35,33.0,81.5,73.0,128.6,Flood,72.4,2.81,0.69,1.28,7.74,69502,368208,537945.0,169737.0,5495,1.409,48.2,28055.7,60860.83,88916.53
SF10710,Punjab,Indore,Cotton,Zaid,2.82,252.3,31.3,45.2,8.1,7.36,18.6,97.1,62.7,36.3,Flood,228.2,4.66,0.7,0.58,1.64,65481,179837,107389.0,-72448.0,2244,0.731,32.3,-25690.78,63771.99,38081.21
SF10711,Madhya Pradesh,Raichur,Chilli,Rabi,2.59,407.3,19.1,68.4,8.0,6.08,29.7,107.6,55.3,131.5,Drip,235.1,1.92,0.89,1.29,3.34,103109,176172,344384.0,168212.0,1260,2.651,51.2,64946.72,68020.08,132966.8
SF10712,Maharashtra,Raichur,Wheat,Kharif,8.22,961.2,26.3,56.1,7.5,6.88,29.1,146.2,67.8,102.8,Sprinkler,176.9,9.58,0.87,3.8,31.24,22921,626782,716052.0,89270.0,4484,6.967,41.8,10860.1,76250.85,87110.95
SF10713,Gujarat,Rajkot,Pulses,Rabi,9.0,371.4,18.7,55.4,5.6,7.07,20.3,124.6,69.1,82.8,Flood,166.1,2.13,0.7,0.76,6.84,75182,516729,514245.0,-2484.0,4302,1.59,54.8,-276.0,57414.33,57138.33
SF10714,Gujarat,Nalgonda,Rice,Rabi,1.29,347.9,23.9,58.4,7.3,7.85,29.5,142.0,73.7,111.1,Sprinkler,226.0,3.5,0.9,0.59,0.76,22256,99427,16915.0,-82512.0,2006,0.379,55.8,-63962.79,77075.19,13112.4
SF10715,Madhya Pradesh,Rajkot,Wheat,Rabi,7.58,524.9,23.3,55.9,6.7,7.16,16.7,102.6,57.9,112.5,Sprinkler,121.6,4.86,0.93,2.73,20.69,24749,448472,512057.0,63585.0,4349,4.757,45.5,8388.52,59165.17,67553.69
SF10716,Karnataka,Ludhiana,Cotton,Zaid,7.39,380.6,27.4,64.6,6.3,6.8,25.8,83.5,69.2,70.8,Sprinkler,196.7,8.63,0.8,1.69,12.49,80118,592330,1000674.0,408344.0,5310,2.352,29.3,55256.29,80152.91,135409.2
SF10717,Telangana,Ludhiana,Maize,Kharif,6.77,875.2,32.7,79.1,7.6,7.4,31.0,136.6,99.6,134.7,Flood,198.6,1.29,0.69,2.64,17.87,24183,447692,432150.0,-15542.0,4409,4.053,69.3,-2295.72,66128.8,63833.09
SF10718,Madhya Pradesh,Warangal,Maize,Rabi,5.7,300.2,22.0,77.4,8.5,6.15,20.5,93.5,50.4,112.6,Drip,149.8,3.11,0.95,2.36,13.45,19225,342297,258576.0,-83721.0,2516,5.346,51.4,-14687.89,60052.11,45364.21
SF10719,Andhra Pradesh,Nalgonda,Rice,Rabi,8.37,599.7,27.3,59.4,8.9,6.48,15.7,160.4,51.7,158.2,Flood,234.9,5.45,0.8,4.29,35.91,25820,534924,927196.0,392272.0,18680,1.922,34.2,46866.43,63909.68,110776.11
SF10720,Karnataka,Guntur,Cotton,Rabi,4.81,178.9,22.9,45.3,7.7,6.73,24.7,90.4,51.5,69.4,Rainfed,207.7,5.25,0.65,1.0,4.81,67689,305913,325584.0,19671.0,1584,3.037,33.2,4089.6,63599.38,67688.98
SF10721,Tamil Nadu,Rajkot,Maize,Kharif,0.83,788.4,29.8,75.4,7.1,6.96,32.4,139.2,54.4,96.1,Rainfed,126.0,7.91,0.86,3.88,3.22,19654,48693,63286.0,14593.0,272,11.838,46.9,17581.93,58666.27,76248.19
SF10722,Andhra Pradesh,Warangal,Chilli,Rabi,6.31,484.3,20.9,50.3,7.8,7.37,23.4,101.9,30.1,76.9,Sprinkler,169.8,2.35,0.67,0.97,6.12,117021,401995,716169.0,314174.0,3218,1.902,43.1,49789.86,63707.61,113497.46
SF10723,Telangana,Erode,Groundnut,Kharif,1.86,715.0,19.4,81.5,6.6,6.68,33.9,103.9,79.1,118.1,Flood,171.2,4.42,0.98,2.08,3.87,55512,119928,214831.0,94903.0,1162,3.33,55.3,51023.12,64477.42,115500.54
SF10724,Telangana,Ludhiana,Sugarcane,Rabi,6.35,637.8,24.1,59.4,7.5,7.16,16.9,97.3,75.2,144.5,Flood,200.7,1.6,0.73,56.17,356.68,3776,469206,1346824.0,877618.0,12310,28.975,49.7,138207.56,73890.71,212098.27
SF10725,Punjab,Raichur,Maize,Kharif,11.97,991.7,25.6,71.4,7.2,6.35,30.7,54.9,39.7,139.0,Flood,210.9,3.86,0.83,3.19,38.18,23937,840092,913915.0,73823.0,9880,3.864,55.7,6167.34,70183.12,76350.46
SF10726,Punjab,Rajkot,Cotton,Rabi,9.04,543.3,24.4,52.6,7.2,6.95,21.4,100.6,50.7,93.7,Drip,239.5,5.34,0.83,2.13,19.26,56961,646364,1097069.0,450705.0,6811,2.828,39.7,49856.75,71500.44,121357.19
SF10727,Tamil Nadu,Krishna,Maize,Zaid,1.33,340.8,27.4,59.3,8.7,7.11,14.6,143.5,59.9,93.7,Drip,231.1,9.69,0.74,3.21,4.27,23063,117381,98479.0,-18902.0,701,6.091,14.4,-14212.03,88256.39,74044.36
SF10728,Andhra Pradesh,Nalgonda,Chilli,Zaid,13.09,345.2,33.8,45.0,7.5,7.01,14.3,135.4,71.9,97.9,Sprinkler,246.7,7.33,0.73,1.81,23.69,92667,1202058,2195281.0,993223.0,9124,2.596,29.5,75876.47,91830.25,167706.72
SF10729,Gujarat,Krishna,Pulses,Rabi,0.71,697.3,22.7,54.7,8.1,5.84,19.1,163.9,120.0,154.6,Flood,159.0,6.51,0.84,0.78,0.55,76946,48011,42320.0,-5691.0,320,1.719,49.1,-8015.49,67621.13,59605.63
SF10730,Madhya Pradesh,Raichur,Sugarcane,Kharif,13.65,1032.2,33.0,76.7,7.4,6.08,29.7,167.7,50.4,126.5,Rainfed,292.6,0.5,0.98,29.44,401.86,3626,959826,1457144.0,497318.0,12411,32.379,73.6,36433.55,70316.92,106750.48
SF10731,Madhya Pradesh,Guntur,Wheat,Zaid,11.6,275.5,30.8,51.2,9.3,6.39,17.5,168.4,65.9,128.1,Flood,273.6,5.47,0.65,1.99,23.08,22030,814045,508452.0,-305593.0,7859,2.937,32.2,-26344.22,70176.29,43832.07
SF10732,Andhra Pradesh,Indore,Wheat,Kharif,14.02,527.1,34.2,80.3,6.6,7.43,33.4,140.9,57.6,121.1,Flood,230.2,5.14,0.74,1.43,20.05,22313,974484,447376.0,-527108.0,10526,1.905,44.6,-37596.86,69506.7,31909.84
SF10733,Telangana,Raichur,Cotton,Kharif,12.07,669.7,25.9,93.4,7.1,8.05,32.6,81.0,52.6,107.2,Sprinkler,151.5,2.38,0.85,0.3,3.62,68763,644173,248922.0,-395251.0,8980,0.403,66.1,-32746.56,53369.76,20623.2
SF10734,Gujarat,Warangal,Sugarcane,Rabi,0.81,362.8,30.1,58.8,8.3,6.19,35.2,136.6,54.1,140.0,Drip,236.5,4.17,0.67,48.48,39.27,3683,53776,144631.0,90855.0,1193,32.917,31.9,112166.67,66390.12,178556.79
SF10735,Andhra Pradesh,Guntur,Groundnut,Rabi,13.53,740.4,26.7,55.2,7.9,5.67,21.0,134.5,77.0,115.5,Rainfed,246.9,7.73,0.86,0.59,7.98,50099,1033996,399790.0,-634206.0,3725,2.142,42.3,-46874.06,76422.47,29548.41
SF10736,Tamil Nadu,Ludhiana,Groundnut,Rabi,3.25,80.0,27.2,78.2,8.0,6.23,23.6,162.7,75.0,88.4,Sprinkler,274.4,2.78,0.75,1.3,4.23,60810,266901,257226.0,-9675.0,1727,2.449,55.0,-2976.92,82123.38,79146.46
SF10737,Tamil Nadu,Nalgonda,Cotton,Kharif,0.64,1045.1,26.0,65.1,7.4,7.58,26.6,115.8,54.4,103.9,Flood,193.4,5.27,0.9,0.63,0.4,67168,53939,26867.0,-27072.0,733,0.546,65.9,-42300.0,84279.69,41979.69
SF10738,Karnataka,Ludhiana,Cotton,Kharif,12.8,835.2,24.7,64.3,8.0,6.56,34.2,143.0,63.0,54.1,Drip,109.5,6.84,0.66,2.04,26.11,75276,870979,1965456.0,1094477.0,8874,2.942,55.6,85506.02,68045.23,153551.25
SF10739,Andhra Pradesh,Rajkot,Groundnut,Kharif,12.76,676.1,28.4,83.0,8.6,6.49,12.7,169.2,40.7,92.2,Sprinkler,177.4,5.0,0.69,2.29,29.22,58178,764820,1699961.0,935141.0,6847,4.268,58.1,73286.91,59938.87,133225.78
SF10740,Tamil Nadu,Nashik,Rice,Zaid,12.56,497.4,29.0,67.2,8.8,7.26,20.6,142.6,55.9,92.6,Drip,228.3,5.51,0.82,2.88,36.17,17733,842727,641403.0,-201324.0,12993,2.784,52.0,-16028.98,67096.1,51067.12
SF10741,Gujarat,Erode,Maize,Kharif,12.11,1005.2,26.9,82.2,7.9,5.2,29.4,107.7,56.2,120.3,Drip,93.1,3.71,0.86,0.3,3.63,21672,653622,78669.0,-574953.0,5496,0.66,54.7,-47477.54,53973.74,6496.2
SF10742,Madhya Pradesh,Warangal,Chilli,Kharif,11.16,1051.3,28.4,68.8,6.6,7.06,29.9,112.4,33.2,117.8,Drip,45.9,5.57,0.86,2.43,27.12,90928,631114,2465967.0,1834853.0,5008,5.415,65.7,164413.35,56551.43,220964.78
SF10743,Andhra Pradesh,Warangal,Chilli,Kharif,11.26,772.6,30.6,78.2,8.2,6.83,22.7,112.0,45.7,131.8,Drip,215.4,7.59,0.97,2.83,31.87,124793,870896,3977153.0,3106257.0,5529,5.764,52.7,275866.52,77344.23,353210.75
SF10744,Gujarat,Raichur,Pulses,Kharif,0.55,902.0,24.8,77.7,7.2,7.78,29.9,137.5,64.2,117.9,Flood,278.6,5.61,0.95,0.36,0.2,77585,42979,15517.0,-27462.0,266,0.752,45.1,-49930.91,78143.64,28212.73
SF10745,Gujarat,Nalgonda,Maize,Rabi,12.44,474.4,21.4,54.1,7.9,6.76,15.4,85.7,80.4,64.0,Flood,210.1,5.63,0.92,3.95,49.14,23644,772977,1161866.0,388889.0,8453,5.813,29.6,31261.17,62136.41,93397.59
SF10746,Punjab,Guntur,Maize,Rabi,14.52,831.3,27.2,73.9,7.3,6.41,30.2,119.0,54.4,97.8,Flood,214.2,6.46,0.91,4.65,67.52,20757,1180520,1401513.0,220993.0,11077,6.096,37.8,15219.9,81303.03,96522.93
SF10747,Maharashtra,Nalgonda,Rice,Zaid,7.72,522.0,34.6,45.2,8.6,6.61,16.4,130.2,45.5,127.0,Flood,227.5,3.78,0.69,2.88,22.23,22974,566937,510712.0,-56225.0,16741,1.328,53.3,-7283.03,73437.44,66154.4
SF10748,Tamil Nadu,Rajkot,Pulses,Kharif,1.61,497.2,27.2,74.2,7.0,5.49,34.5,139.5,82.5,130.4,Flood,231.5,3.8,0.66,0.3,0.48,75809,104806,36388.0,-68418.0,806,0.596,51.5,-42495.65,65096.89,22601.24
SF10749,Tamil Nadu,Guntur,Pulses,Kharif,14.31,493.4,29.9,68.6,7.7,7.21,38.9,94.3,91.8,79.0,Rainfed,99.1,6.09,0.88,0.9,12.88,81393,1086667,1048342.0,-38325.0,2668,4.828,46.2,-2678.2,75937.6,73259.4
SF10750,Madhya Pradesh,Raichur,Rice,Kharif,13.46,561.5,31.6,72.0,7.0,6.94,30.1,91.4,58.5,91.1,Rainfed,180.4,5.38,0.9,2.53,34.05,21548,909799,733709.0,-176090.0,10798,3.153,48.6,-13082.47,67592.79,54510.33
SF10751,Andhra Pradesh,Nalgonda,Wheat,Zaid,14.14,194.1,28.7,50.6,7.9,6.39,21.7,92.8,54.3,132.3,Rainfed,121.2,3.12,0.88,1.76,24.89,23830,905195,593129.0,-312066.0,4100,6.071,51.8,-22069.73,64016.62,41946.89
SF10752,Maharashtra,Indore,Rice,Kharif,1.04,601.0,27.9,69.7,5.5,6.35,27.8,137.4,37.4,51.7,Flood,173.6,6.46,0.69,3.31,3.44,21791,66015,74961.0,8946.0,1747,1.969,43.9,8601.92,63475.96,72077.88
SF10753,Gujarat,Warangal,Maize,Rabi,9.58,393.5,25.0,59.8,8.2,7.15,28.9,40.0,69.9,167.2,Rainfed,174.2,2.44,0.95,2.94,28.17,23360,601697,658051.0,56354.0,3259,8.644,43.3,5882.46,62807.62,68690.08
SF10754,Punjab,Krishna,Pulses,Rabi,6.45,506.1,23.8,49.1,7.4,5.91,14.4,134.7,61.0,42.1,Rainfed,183.5,1.89,0.91,0.55,3.55,58180,428498,206539.0,-221959.0,1305,2.72,52.6,-34412.25,66433.8,32021.55
SF10755,Gujarat,Erode,Rice,Rabi,1.69,248.5,23.1,62.4,7.3,5.74,31.1,68.5,63.1,119.2,Sprinkler,199.1,2.85,0.97,0.88,1.49,24847,96113,37022.0,-59091.0,2134,0.698,42.1,-34965.09,56871.6,21906.51
SF10756,Andhra Pradesh,Erode,Pulses,Rabi,6.82,114.7,30.5,60.0,7.1,7.12,22.9,110.1,58.1,68.8,Sprinkler,78.2,2.15,0.88,0.92,6.27,70617,352548,442769.0,90221.0,2770,2.264,49.1,13228.89,51693.26,64922.14
SF10757,Telangana,Raichur,Chilli,Kharif,12.96,839.3,28.2,68.3,5.9,7.18,36.4,137.4,33.2,122.0,Drip,125.7,6.56,0.92,2.31,29.94,108381,811620,3244927.0,2433307.0,7325,4.087,47.6,187755.17,62625.0,250380.17
SF10758,Maharashtra,Erode,Wheat,Rabi,5.9,394.1,21.5,68.0,8.0,7.52,24.0,108.0,99.7,30.0,Flood,212.8,5.28,0.87,1.1,6.49,23596,346039,153138.0,-192901.0,3476,1.867,47.1,-32695.08,58650.68,25955.59
SF10759,Telangana,Erode,Pulses,Kharif,3.83,610.3,27.3,83.9,6.3,6.83,32.6,150.7,45.0,36.2,Sprinkler,176.3,5.7,0.67,1.71,6.55,73418,257531,480888.0,223357.0,1684,3.89,47.1,58317.75,67240.47,125558.22
SF10760,Punjab,Nashik,Cotton,Kharif,6.59,745.4,29.2,61.4,7.6,6.63,30.7,86.2,72.2,60.2,Flood,163.5,7.13,0.78,2.18,14.37,62479,471598,897823.0,426225.0,6835,2.102,34.6,64677.54,71562.67,136240.21
SF10761,Gujarat,Nalgonda,Cotton,Kharif,1.47,627.3,24.3,70.7,7.7,7.52,37.3,112.8,79.2,115.4,Drip,141.7,1.33,0.71,0.95,1.4,68972,89080,96561.0,7481.0,788,1.777,58.7,5089.12,60598.64,65687.76
SF10762,Tamil Nadu,Guntur,Cotton,Kharif,10.68,798.9,27.2,69.0,6.5,7.33,26.4,109.5,55.6,89.5,Flood,266.7,5.07,0.93,1.19,12.71,67612,783755,859349.0,75594.0,10034,1.267,54.7,7078.09,73385.3,80463.39
SF10763,Karnataka,Nalgonda,Sugarcane,Kharif,14.47,614.3,26.1,71.0,8.0,6.78,38.5,139.3,69.8,102.9,Flood,156.1,8.66,0.92,70.62,1021.87,3322,1043508,3394652.0,2351144.0,36156,28.263,50.8,162484.04,72115.27,234599.31
SF10764,Tamil Nadu,Indore,Pulses,Rabi,7.19,268.3,24.1,66.4,6.8,6.98,31.7,145.2,37.0,86.0,Sprinkler,196.1,5.33,0.72,1.12,8.05,63595,403866,511940.0,108074.0,2717,2.963,36.7,15031.15,56170.51,71201.67
SF10765,Gujarat,Guntur,Groundnut,Zaid,9.22,419.9,31.8,64.6,8.1,6.52,16.9,117.2,38.0,55.0,Sprinkler,184.8,5.12,0.94,1.42,13.09,52012,502259,680837.0,178578.0,4116,3.18,52.6,19368.55,54474.95,73843.49
SF10766,Punjab,Raichur,Rice,Kharif,3.79,1058.1,23.5,81.2,5.7,6.54,34.7,111.2,34.6,101.9,Flood,219.6,3.49,0.69,2.85,10.8,21427,286990,231412.0,-55578.0,6964,1.551,67.2,-14664.38,75722.96,61058.58
SF10767,Andhra Pradesh,Warangal,Cotton,Rabi,5.53,651.3,26.4,65.4,8.1,6.54,19.0,70.3,78.7,98.4,Rainfed,362.1,5.83,0.75,1.67,9.24,68776,472292,635490.0,163198.0,1801,5.13,38.4,29511.39,85405.42,114916.82
SF10768,Maharashtra,Krishna,Rice,Kharif,14.24,890.0,27.1,93.8,7.5,6.8,29.0,119.1,31.5,128.1,Rainfed,211.3,6.77,0.87,3.99,56.82,20875,858188,1186118.0,327930.0,11275,5.039,58.9,23028.79,60266.01,83294.8
SF10769,Andhra Pradesh,Erode,Cotton,Rabi,12.64,448.2,20.5,53.8,6.6,5.99,22.4,68.1,52.0,70.1,Rainfed,181.8,2.78,0.67,0.53,6.7,69086,794889,462876.0,-332013.0,5356,1.251,46.2,-26266.85,62886.79,36619.94
SF10770,Madhya Pradesh,Nashik,Maize,Zaid,2.91,213.8,28.0,57.8,8.3,5.9,25.4,106.2,98.9,72.8,Flood,160.2,3.24,0.78,1.58,4.6,19512,194005,89755.0,-104250.0,1813,2.537,35.0,-35824.74,66668.38,30843.64
SF10771,Madhya Pradesh,Guntur,Maize,Kharif,13.06,818.6,27.2,65.5,8.0,6.47,35.4,134.6,29.8,134.7,Drip,251.1,6.1,0.74,5.32,69.48,18778,809342,1304695.0,495353.0,6538,10.627,42.5,37929.02,61971.06,99900.08
SF10772,Madhya Pradesh,Ludhiana,Groundnut,Zaid,5.62,160.5,33.3,62.1,9.2,7.49,18.0,96.9,21.5,76.4,Rainfed,286.1,6.81,0.83,0.47,2.64,53670,367880,141689.0,-226191.0,1510,1.748,20.5,-40247.51,65459.07,25211.57
SF10773,Madhya Pradesh,Indore,Wheat,Kharif,2.95,683.1,28.6,70.2,6.9,5.94,31.9,105.4,68.4,91.2,Flood,229.5,4.88,0.73,1.98,5.84,26917,184303,157195.0,-27108.0,1960,2.98,38.7,-9189.15,62475.59,53286.44
SF10774,Gujarat,Krishna,Wheat,Rabi,6.07,539.4,16.9,52.6,8.1,5.68,18.4,137.7,51.8,99.4,Rainfed,209.6,3.04,0.68,0.64,3.88,27644,312584,107259.0,-205325.0,2053,1.89,42.6,-33826.19,51496.54,17670.35
SF10775,Tamil Nadu,Raichur,Chilli,Zaid,11.68,278.1,30.4,47.9,7.2,7.18,17.3,88.3,49.2,121.0,Flood,158.1,4.09,0.82,1.24,14.48,88890,776999,1287127.0,510128.0,9507,1.523,40.0,43675.34,66523.89,110199.23
SF10776,Andhra Pradesh,Rajkot,Chilli,Kharif,5.18,833.8,28.8,75.6,5.1,5.47,31.5,117.4,77.1,133.5,Flood,225.5,6.08,0.88,0.51,2.64,103540,368110,273346.0,-94764.0,3912,0.675,47.7,-18294.21,71063.71,52769.5
SF10777,Karnataka,Ludhiana,Maize,Rabi,1.53,337.0,23.1,73.2,7.8,7.37,20.7,59.1,56.0,71.1,Drip,131.9,2.67,0.96,1.83,2.8,22393,101866,62700.0,-39166.0,719,3.894,48.1,-25598.69,66579.08,40980.39
SF10778,Gujarat,Ludhiana,Cotton,Rabi,1.83,502.1,19.3,42.3,7.2,6.49,26.8,76.4,75.1,91.7,Drip,251.5,2.84,0.86,1.2,2.2,76135,144893,167497.0,22604.0,1275,1.725,47.2,12351.91,79176.5,91528.42
SF10779,Tamil Nadu,Raichur,Maize,Kharif,11.23,927.0,28.0,63.0,7.6,6.96,36.8,119.8,67.0,134.5,Rainfed,175.9,3.33,0.87,3.53,39.64,23506,695197,931778.0,236581.0,3740,10.599,57.9,21066.87,61905.34,82972.22
SF10780,Punjab,Indore,Chilli,Rabi,6.28,426.3,25.5,69.4,9.9,7.74,25.1,101.9,74.2,102.2,Drip,246.8,4.48,0.94,0.7,4.4,99581,469343,438156.0,-31187.0,3993,1.102,43.9,-4966.08,74736.15,69770.06
SF10781,Andhra Pradesh,Ludhiana,Groundnut,Rabi,14.64,170.8,22.1,62.7,7.6,8.4,19.2,79.8,60.8,146.7,Sprinkler,322.3,5.99,0.68,0.3,4.39,63813,1299362,280139.0,-1019223.0,7779,0.564,29.3,-69619.06,88754.23,19135.18
SF10782,Madhya Pradesh,Raichur,Cotton,Rabi,7.51,197.8,22.3,69.8,7.8,6.83,29.3,144.3,70.0,100.0,Rainfed,283.3,3.85,0.81,1.34,10.06,74448,393404,748947.0,355543.0,2924,3.44,42.0,47342.61,52384.02,99726.63
SF10783,Telangana,Indore,Chilli,Rabi,13.27,416.1,21.2,58.6,9.6,5.81,29.1,146.4,17.1,106.1,Sprinkler,100.4,7.68,0.7,0.79,10.48,110639,979553,1159497.0,179944.0,7936,1.321,24.4,13560.21,73817.11,87377.32
SF10784,Karnataka,Erode,Wheat,Rabi,0.93,569.3,21.7,60.1,7.6,7.11,28.2,93.1,58.2,78.0,Flood,147.7,4.41,0.81,2.43,2.26,20032,56097,45272.0,-10825.0,467,4.839,44.6,-11639.78,60319.35,48679.57
SF10785,Punjab,Warangal,Chilli,Kharif,13.46,835.6,30.1,77.9,8.2,6.09,33.4,76.7,23.9,96.7,Rainfed,223.3,8.54,0.93,1.23,16.56,89413,1038446,1480679.0,442233.0,3713,4.46,35.6,32855.35,77150.52,110005.87
SF10786,Madhya Pradesh,Indore,Rice,Rabi,10.33,473.5,27.6,65.4,7.1,7.7,21.4,120.2,84.6,116.5,Drip,235.6,3.51,0.96,1.4,14.46,22861,765938,330570.0,-435368.0,13100,1.104,58.2,-42145.98,74146.95,32000.97
SF10787,Madhya Pradesh,Ludhiana,Wheat,Kharif,7.78,759.4,29.3,73.2,7.4,6.97,21.3,123.5,62.3,54.7,Sprinkler,105.4,6.63,0.91,3.13,24.35,27468,492210,668846.0,176636.0,4433,5.493,50.6,22703.86,63266.07,85969.92
SF10788,Punjab,Erode,Rice,Kharif,13.21,1282.5,28.4,84.9,6.7,6.54,30.4,107.0,56.3,97.2,Drip,172.7,5.06,0.83,2.46,32.5,23294,865129,757055.0,-108074.0,18224,1.783,78.0,-8181.23,65490.46,57309.24
SF10789,Madhya Pradesh,Raichur,Rice,Kharif,12.76,991.1,29.6,71.1,5.8,6.95,25.0,112.5,72.8,92.4,Rainfed,215.7,5.12,0.87,2.76,35.22,20761,844148,731202.0,-112946.0,10290,3.423,49.4,-8851.57,66155.8,57304.23
SF10790,Maharashtra,Warangal,Rice,Kharif,13.48,470.7,25.1,81.1,6.2,7.47,29.7,117.2,36.5,111.3,Rainfed,238.0,7.82,0.92,1.53,20.62,24200,1121980,499004.0,-622976.0,10402,1.982,45.9,-46214.84,83232.94,37018.1
SF10791,Gujarat,Ludhiana,Maize,Rabi,12.69,336.3,22.5,69.2,6.6,7.17,19.9,118.0,25.6,136.4,Flood,206.8,7.31,0.88,2.24,28.43,23120,946955,657302.0,-289653.0,9125,3.116,34.3,-22825.3,74622.14,51796.85
SF10792,Tamil Nadu,Erode,Sugarcane,Kharif,13.49,1353.1,28.2,63.7,8.2,6.63,27.1,122.7,64.2,100.8,Rainfed,214.1,5.82,0.82,44.78,604.08,3909,1039127,2361349.0,1322222.0,13870,43.553,63.5,98014.97,77029.43,175044.4
SF10793,Tamil Nadu,Ludhiana,Sugarcane,Zaid,7.41,172.4,34.3,45.2,8.4,7.43,18.3,103.8,35.2,175.2,Drip,202.0,6.58,0.73,17.92,132.79,3568,549790,473795.0,-75995.0,13600,9.764,28.2,-10255.74,74195.68,63939.95
SF10794,Gujarat,Erode,Chilli,Zaid,8.63,172.6,26.9,47.8,7.0,6.03,16.8,59.8,26.9,131.5,Sprinkler,131.9,5.71,0.8,0.85,7.34,119474,470649,876939.0,406290.0,4847,1.514,31.5,47078.79,54536.38,101615.18
SF10795,Maharashtra,Erode,Cotton,Rabi,9.72,403.4,20.6,61.1,6.4,6.6,27.7,97.9,71.1,97.6,Sprinkler,106.4,5.9,0.91,1.66,16.14,62122,610675,1002649.0,391974.0,7296,2.212,41.0,40326.54,62826.65,103153.19
SF10796,Madhya Pradesh,Warangal,Cotton,Kharif,11.83,961.8,27.4,73.6,7.6,6.63,24.8,142.3,66.8,119.1,Rainfed,147.7,5.41,0.86,1.71,20.23,66885,917414,1353084.0,435670.0,5280,3.831,58.7,36827.56,77549.79,114377.35
SF10797,Gujarat,Guntur,Sugarcane,Zaid,12.15,207.6,32.0,56.3,10.1,7.69,17.1,145.6,35.3,48.0,Rainfed,178.0,3.86,0.89,10.4,126.36,3469,989721,438343.0,-551378.0,13298,9.502,36.9,-45380.91,81458.52,36077.61
SF10798,Karnataka,Indore,Groundnut,Kharif,13.69,920.8,26.4,74.2,6.3,7.39,38.4,97.2,44.0,101.0,Drip,146.4,3.54,0.93,1.17,16.02,64273,905330,1029653.0,124323.0,5352,2.993,41.8,9081.3,66130.75,75212.05
SF10799,Karnataka,Nashik,Cotton,Rabi,6.6,94.0,22.3,57.3,7.1,7.14,9.9,67.1,60.1,43.1,Rainfed,227.5,4.31,0.94,0.83,5.48,54899,492669,300847.0,-191822.0,2925,1.874,52.2,-29063.94,74646.82,45582.88
SF10800,Maharashtra,Nashik,Groundnut,Zaid,2.84,85.1,27.9,66.1,9.0,7.74,20.9,150.1,31.8,97.9,Flood,232.8,3.79,0.96,0.35,0.99,53963,203574,53423.0,-150151.0,1617,0.612,42.6,-52870.07,71680.99,18810.92
SF10801,Maharashtra,Indore,Groundnut,Rabi,4.43,551.2,23.8,48.4,8.5,8.26,19.6,169.8,63.3,156.6,Flood,163.4,2.95,0.92,0.3,1.33,53285,329423,70869.0,-258554.0,3083,0.431,45.4,-58364.33,74361.85,15997.52
SF10802,Gujarat,Indore,Maize,Kharif,6.02,1282.5,26.7,60.9,5.5,6.52,32.7,53.3,68.2,94.8,Drip,209.6,6.83,0.87,3.51,21.13,20737,378503,438173.0,59670.0,2959,7.141,56.8,9911.96,62874.25,72786.21
SF10803,Madhya Pradesh,Raichur,Sugarcane,Kharif,7.74,1075.1,27.6,74.6,6.7,6.49,24.6,169.9,55.2,86.6,Drip,164.1,6.68,0.73,69.75,539.86,4014,503585,2166998.0,1663413.0,12514,43.14,49.9,214911.24,65062.66,279973.9
SF10804,Punjab,Nashik,Cotton,Rabi,8.46,610.3,23.5,56.2,8.5,7.64,30.0,140.6,58.4,33.1,Rainfed,239.2,7.05,0.73,0.47,3.98,70321,578332,279878.0,-298454.0,2531,1.573,39.9,-35278.25,68360.76,33082.51
SF10805,Karnataka,Raichur,Cotton,Zaid,8.34,80.0,32.7,48.0,8.7,7.8,17.6,40.0,65.9,100.3,Sprinkler,260.4,7.97,0.94,0.3,2.5,57144,535678,142860.0,-392818.0,6308,0.396,48.4,-47100.48,64229.98,17129.5
SF10806,Karnataka,Ludhiana,Maize,Kharif,9.87,918.8,32.8,56.9,6.8,6.5,29.9,151.5,63.9,152.0,Drip,211.9,4.74,0.85,4.85,47.87,20810,711204,996175.0,284971.0,5333,8.976,53.7,28872.44,72057.14,100929.58
SF10807,Punjab,Warangal,Cotton,Kharif,13.6,1089.2,28.4,68.1,6.5,5.72,27.9,124.9,56.2,126.1,Rainfed,178.7,4.71,0.98,0.54,7.34,66446,923897,487714.0,-436183.0,5773,1.271,55.2,-32072.28,67933.6,35861.32
SF10808,Maharashtra,Nalgonda,Pulses,Zaid,13.8,279.7,33.6,55.1,7.4,6.98,16.9,141.8,55.6,90.0,Flood,107.4,1.76,0.8,0.79,10.9,73846,859614,804921.0,-54693.0,4785,2.278,44.8,-3963.26,62290.87,58327.61
SF10809,Madhya Pradesh,Warangal,Groundnut,Rabi,1.53,165.3,18.4,62.5,6.6,8.4,26.9,69.6,75.1,101.1,Drip,177.3,4.63,1.0,0.3,0.46,60140,106635,27664.0,-78971.0,632,0.728,32.9,-51615.03,69696.08,18081.05
SF10810,Maharashtra,Nashik,Groundnut,Kharif,2.85,786.0,27.8,65.1,7.4,6.61,33.4,144.3,59.4,51.8,Flood,158.8,3.52,0.8,2.85,8.12,57112,181820,463749.0,281929.0,2124,3.823,41.4,98922.46,63796.49,162718.95
SF10811,Gujarat,Rajkot,Sugarcane,Rabi,10.08,519.0,21.8,61.7,7.3,6.59,20.0,93.2,68.1,88.1,Drip,276.9,4.88,0.78,68.48,690.28,3987,773241,2752146.0,1978905.0,17112,40.339,49.0,196319.94,76710.42,273030.36
SF10812,Telangana,Nashik,Sugarcane,Kharif,8.4,741.3,26.6,67.7,9.0,6.83,36.9,155.1,59.4,90.0,Flood,189.6,5.36,0.93,83.78,703.75,3993,511331,2810074.0,2298743.0,21051,33.431,54.8,273659.88,60872.74,334532.62
SF10813,Gujarat,Rajkot,Wheat,Zaid,8.38,458.1,31.9,50.9,5.4,5.98,20.7,80.0,94.4,91.6,Sprinkler,270.5,5.4,0.8,1.23,10.31,22238,512673,229274.0,-283399.0,4439,2.323,34.0,-33818.5,61178.16,27359.67
SF10814,Telangana,Nalgonda,Wheat,Zaid,11.87,161.3,34.0,47.8,8.1,5.88,18.4,78.6,69.7,55.8,Flood,171.8,7.75,0.88,0.72,8.55,26354,896401,225327.0,-671074.0,8185,1.045,31.1,-56535.3,75518.2,18982.9
SF10815,Punjab,Warangal,Sugarcane,Zaid,1.91,117.1,29.6,31.3,7.4,6.46,13.3,89.7,49.1,141.2,Drip,182.9,4.21,0.81,45.79,87.46,3325,137170,290804.0,153634.0,3430,25.499,43.5,80436.65,71816.75,152253.4
SF10816,Gujarat,Krishna,Rice,Kharif,1.43,721.1,29.1,75.4,7.6,7.9,33.6,118.5,79.4,137.1,Rainfed,186.2,6.01,0.82,0.77,1.1,18816,96126,20698.0,-75428.0,1141,0.964,45.3,-52746.85,67220.98,14474.13
SF10817,Karnataka,Indore,Wheat,Kharif,3.92,862.2,29.6,73.7,6.5,6.51,35.3,144.9,101.7,105.8,Drip,95.1,6.82,0.65,3.79,14.86,24366,249439,362079.0,112640.0,2227,6.673,47.8,28734.69,63632.4,92367.09
SF10818,Maharashtra,Ludhiana,Pulses,Rabi,13.37,429.8,22.2,56.3,7.1,5.75,26.7,164.0,33.1,110.9,Sprinkler,127.3,2.48,0.99,0.41,5.48,82190,736484,450401.0,-286083.0,4134,1.326,48.5,-21397.38,55084.82,33687.43
SF10819,Punjab,Indore,Cotton,Kharif,9.96,1020.6,28.3,68.2,7.4,5.47,32.7,117.2,59.9,81.1,Drip,154.8,4.82,0.71,0.3,2.99,69393,654408,207485.0,-446923.0,5864,0.51,65.6,-44871.79,65703.61,20831.83
SF10820,Telangana,Raichur,Maize,Rabi,5.34,385.1,22.8,52.4,7.5,6.74,21.4,119.2,69.0,98.4,Drip,147.8,3.06,0.66,3.97,21.2,24945,335209,528834.0,193625.0,2781,7.623,36.4,36259.36,62773.22,99032.58
SF10821,Andhra Pradesh,Rajkot,Rice,Zaid,13.97,202.2,33.4,42.8,6.6,7.4,19.6,64.5,40.2,68.4,Drip,204.1,4.1,0.83,1.24,17.32,21030,1182942,364240.0,-818702.0,16376,1.058,29.0,-58604.29,84677.31,26073.01
SF10822,Madhya Pradesh,Erode,Wheat,Kharif,11.03,1094.2,23.8,54.4,6.9,7.17,32.0,120.1,81.3,111.7,Flood,146.3,4.23,0.94,2.3,25.37,26114,641921,662512.0,20591.0,8261,3.071,60.0,1866.82,58197.73,60064.55
SF10823,Maharashtra,Guntur,Wheat,Kharif,6.7,538.5,26.4,55.0,5.1,5.76,29.8,145.3,49.7,58.0,Flood,236.8,0.5,0.71,1.08,7.24,23889,489364,172956.0,-316408.0,5255,1.378,63.1,-47225.07,73039.4,25814.33
SF10824,Gujarat,Warangal,Pulses,Kharif,13.97,741.2,26.0,67.0,4.5,6.79,37.2,118.9,79.3,113.0,Flood,313.1,7.12,0.98,1.76,24.59,67197,1023933,1652374.0,628441.0,6530,3.766,43.5,44985.04,73295.13,118280.17
SF10825,Gujarat,Erode,Pulses,Rabi,7.03,563.6,24.1,58.3,7.0,6.93,15.4,87.9,52.4,98.1,Flood,40.0,7.35,0.86,1.15,8.08,73579,416192,594518.0,178326.0,3636,2.222,36.5,25366.43,59202.28,84568.71
SF10826,Tamil Nadu,Krishna,Cotton,Rabi,3.08,615.4,23.5,52.9,7.9,7.18,24.2,97.2,48.3,64.9,Sprinkler,206.2,6.07,0.91,1.17,3.6,65597,209137,236149.0,27012.0,1942,1.854,34.5,8770.13,67901.62,76671.75
SF10827,Tamil Nadu,Warangal,Cotton,Rabi,13.01,520.0,18.3,57.0,6.3,6.52,22.4,103.9,51.2,96.1,Sprinkler,235.7,6.47,0.75,1.57,20.43,71170,947744,1454003.0,506259.0,10810,1.89,31.3,38913.07,72847.35,111760.42
SF10828,Tamil Nadu,Erode,Rice,Kharif,4.11,831.5,33.7,72.4,6.6,5.52,31.0,85.7,57.2,87.0,Sprinkler,131.3,7.11,0.91,0.64,2.63,19944,255678,52453.0,-203225.0,6711,0.392,42.3,-49446.47,62208.76,12762.29
SF10829,Tamil Nadu,Nashik,Maize,Rabi,12.66,415.3,21.9,47.5,8.3,6.66,24.2,144.0,49.7,150.3,Sprinkler,239.7,4.38,0.82,3.12,39.5,20096,834712,793792.0,-40920.0,7981,4.949,38.8,-3232.23,65933.02,62700.79
SF10830,Tamil Nadu,Nalgonda,Sugarcane,Rabi,4.02,290.4,27.1,65.4,5.6,7.37,25.9,165.5,79.5,62.0,Flood,173.7,6.97,0.92,42.05,169.04,3533,253708,597218.0,343510.0,7051,23.974,44.2,85450.25,63111.44,148561.69
SF10831,Andhra Pradesh,Nashik,Rice,Rabi,2.01,701.4,26.5,60.0,6.4,6.17,22.5,157.9,35.1,85.1,Sprinkler,191.1,2.12,0.89,3.39,6.81,21958,111877,149534.0,37657.0,2995,2.274,56.6,18734.83,55660.2,74395.02
SF10832,Tamil Nadu,Nashik,Rice,Kharif,1.33,470.1,28.7,81.4,5.2,6.86,35.5,94.6,69.6,77.6,Sprinkler,205.7,3.06,0.78,4.16,5.53,22815,93904,126167.0,32263.0,2031,2.723,53.0,24257.89,70604.51,94862.41
SF10833,Andhra Pradesh,Ludhiana,Cotton,Zaid,4.15,80.0,32.1,52.6,6.4,6.34,21.2,111.5,75.0,121.2,Sprinkler,161.8,6.47,0.93,1.12,4.65,68505,272535,318548.0,46013.0,2973,1.564,35.3,11087.47,65671.08,76758.55
SF10834,Punjab,Ludhiana,Cotton,Rabi,10.79,371.3,25.0,73.8,6.2,7.16,27.9,86.3,69.5,49.6,Rainfed,145.0,2.74,0.8,1.06,11.44,59901,671348,685267.0,13919.0,4504,2.54,61.1,1289.99,62219.46,63509.45
SF10835,Gujarat,Erode,Chilli,Rabi,13.89,430.3,25.3,49.8,6.8,6.65,24.6,128.9,58.9,101.9,Rainfed,67.1,0.87,0.78,2.29,31.81,96614,604996,3073291.0,2468295.0,4855,6.552,52.5,177703.02,43556.23,221259.25
SF10836,Andhra Pradesh,Nalgonda,Wheat,Kharif,3.9,921.8,30.5,77.2,6.8,7.5,34.9,88.9,44.9,96.5,Sprinkler,130.5,3.42,0.7,1.31,5.11,25087,255824,128195.0,-127629.0,1903,2.685,66.5,-32725.38,65595.9,32870.51
SF10837,Maharashtra,Nashik,Pulses,Kharif,7.97,655.4,27.0,64.4,6.3,6.35,28.2,166.4,49.5,117.0,Sprinkler,147.8,8.76,0.72,1.57,12.51,77033,522380,963683.0,441303.0,2980,4.198,33.8,55370.51,65543.29,120913.8
SF10838,Punjab,Warangal,Cotton,Rabi,12.12,625.8,26.7,66.6,4.4,6.54,20.2,182.1,65.8,93.3,Flood,253.6,5.3,0.69,2.22,26.91,68605,820543,1846161.0,1025618.0,14237,1.89,43.8,84621.95,67701.57,152323.51
SF10839,Gujarat,Erode,Maize,Zaid,10.61,80.0,28.6,58.3,8.5,5.28,16.3,117.7,32.7,144.4,Drip,138.3,6.0,0.92,0.3,3.18,24726,590380,78629.0,-511751.0,5131,0.62,37.2,-48232.89,55643.73,7410.84
SF10840,Gujarat,Guntur,Rice,Kharif,3.24,747.4,27.3,72.2,5.8,5.49,32.4,104.3,70.1,149.9,Rainfed,157.3,5.36,0.84,0.72,2.33,23639,219512,55079.0,-164433.0,2488,0.936,59.7,-50750.93,67750.62,16999.69
SF10841,Madhya Pradesh,Raichur,Rice,Kharif,3.62,868.4,28.4,69.8,7.0,7.82,36.8,116.4,86.5,39.8,Rainfed,79.4,7.67,0.98,0.86,3.11,23527,181678,73169.0,-108509.0,2706,1.149,56.8,-29974.86,50187.29,20212.43
SF10842,Madhya Pradesh,Indore,Groundnut,Rabi,6.5,881.3,23.6,47.4,7.4,6.96,32.5,99.8,60.3,109.6,Flood,231.4,3.88,0.77,1.78,11.57,63956,445428,739971.0,294543.0,4350,2.66,45.5,45314.31,68527.38,113841.69
SF10843,Gujarat,Ludhiana,Chilli,Kharif,6.41,859.5,34.0,75.5,5.7,7.65,26.6,88.4,50.6,103.8,Drip,155.5,3.97,0.93,0.8,5.13,119930,355101,615241.0,260140.0,3512,1.461,56.9,40583.46,55397.97,95981.44
SF10844,Andhra Pradesh,Indore,Maize,Kharif,10.27,940.4,31.7,82.5,7.1,6.21,41.9,137.9,51.5,156.6,Drip,152.3,5.46,0.99,3.16,32.45,19804,655673,642640.0,-13033.0,5634,5.76,54.7,-1269.04,63843.52,62574.49
SF10845,Gujarat,Ludhiana,Groundnut,Rabi,9.81,428.1,20.7,63.7,6.9,6.87,17.1,162.5,99.6,85.9,Rainfed,193.8,3.41,0.74,1.38,13.54,52893,738513,716171.0,-22342.0,2956,4.581,39.0,-2277.47,75281.65,73004.18
SF10846,Telangana,Raichur,Cotton,Kharif,1.58,731.0,26.3,70.6,7.8,7.8,23.3,165.6,37.6,106.9,Flood,198.5,2.23,0.67,0.41,0.65,69255,108087,45016.0,-63071.0,1494,0.435,64.6,-39918.35,68409.49,28491.14
SF10847,Karnataka,Nashik,Maize,Kharif,9.52,743.1,29.0,78.0,7.5,6.09,39.7,157.3,67.6,36.5,Flood,164.7,2.26,0.69,3.31,31.51,19565,752324,616493.0,-135831.0,7213,4.369,69.5,-14267.96,79025.63,64757.67
SF10848,Punjab,Erode,Pulses,Zaid,3.51,80.0,28.0,50.6,9.7,6.51,29.5,152.6,69.9,59.7,Flood,163.2,6.56,0.86,0.99,3.47,65187,262644,226199.0,-36445.0,1524,2.277,31.4,-10383.19,74827.35,64444.16
SF10849,Andhra Pradesh,Nashik,Rice,Zaid,12.31,172.6,30.8,52.8,8.2,6.49,16.5,96.5,69.0,148.2,Rainfed,151.2,8.52,0.69,2.1,25.85,22141,748138,572345.0,-175793.0,9952,2.597,28.2,-14280.5,60774.82,46494.31
SF10850,Tamil Nadu,Indore,Maize,Rabi,2.67,243.5,20.7,50.5,7.1,5.94,20.6,170.5,37.4,103.5,Sprinkler,117.1,2.84,0.68,1.58,4.22,23835,181583,100584.0,-80999.0,1354,3.117,40.5,-30336.7,68008.61,37671.91
SF10851,Telangana,Indore,Maize,Rabi,5.08,699.0,23.4,45.4,8.3,6.72,26.1,140.8,76.9,80.6,Rainfed,150.7,2.78,0.78,3.85,19.56,19273,229698,376980.0,147282.0,1309,14.943,51.7,28992.52,45216.14,74208.66
SF10852,Andhra Pradesh,Rajkot,Pulses,Rabi,8.79,297.5,27.7,67.9,8.8,6.55,24.5,127.8,22.3,62.6,Drip,180.6,3.81,0.71,1.09,9.58,74180,449112,710644.0,261532.0,3214,2.981,49.4,29753.36,51093.52,80846.87
SF10853,Madhya Pradesh,Warangal,Pulses,Kharif,8.89,841.9,31.6,65.5,7.1,7.08,37.0,158.3,80.6,93.3,Flood,155.5,5.84,0.73,1.41,12.53,64746,671677,811267.0,139590.0,4299,2.915,40.5,15701.91,75554.22,91256.13
SF10854,Andhra Pradesh,Guntur,Maize,Rabi,2.8,551.0,22.9,74.5,9.0,6.93,25.4,114.6,70.5,124.0,Sprinkler,85.3,2.96,0.67,4.34,12.15,21571,201474,262088.0,60614.0,1358,8.947,50.2,21647.86,71955.0,93602.86
SF10855,Karnataka,Nalgonda,Wheat,Rabi,5.06,340.3,22.8,50.0,7.1,5.81,32.1,128.5,72.2,92.7,Flood,145.3,4.65,0.76,1.04,5.26,23052,328216,121254.0,-206962.0,4096,1.284,38.7,-40901.58,64864.82,23963.24
SF10856,Maharashtra,Raichur,Rice,Kharif,8.0,701.6,29.6,84.9,6.4,7.61,29.4,125.3,80.5,66.1,Drip,209.9,10.45,0.66,1.64,13.12,23481,611585,308071.0,-303514.0,12046,1.089,54.7,-37939.25,76448.12,38508.88
SF10857,Andhra Pradesh,Ludhiana,Wheat,Rabi,3.36,421.9,23.9,69.5,9.0,7.76,21.9,82.6,77.8,122.9,Drip,244.0,2.56,0.94,0.77,2.59,25834,222224,66910.0,-155314.0,1521,1.703,64.2,-46224.4,66138.1,19913.69
SF10858,Punjab,Ludhiana,Rice,Rabi,12.15,547.8,23.1,67.5,7.4,6.07,23.6,114.3,74.8,71.0,Flood,298.4,4.38,0.88,2.31,28.07,18259,911031,512530.0,-398501.0,22946,1.223,33.9,-32798.44,74981.98,42183.54
SF10859,Madhya Pradesh,Rajkot,Maize,Kharif,3.23,1051.0,29.9,69.3,5.7,6.31,27.9,151.1,15.0,109.1,Rainfed,138.9,6.79,0.74,2.5,8.07,19443,218238,156905.0,-61333.0,945,8.54,54.1,-18988.54,67565.94,48577.4
SF10860,Punjab,Rajkot,Rice,Rabi,8.42,280.8,24.0,57.0,6.8,7.65,19.0,146.2,42.6,108.2,Drip,111.7,5.92,0.84,0.99,8.34,20053,534354,167242.0,-367112.0,10849,0.769,31.0,-43600.0,63462.47,19862.47
SF10861,Telangana,Raichur,Sugarcane,Rabi,0.88,199.0,28.2,47.9,6.9,7.58,34.1,117.3,81.5,178.1,Rainfed,237.0,5.36,0.98,22.34,19.66,3964,58378,77932.0,19554.0,752,26.144,31.7,22220.45,66338.64,88559.09
SF10862,Andhra Pradesh,Krishna,Rice,Kharif,5.45,1112.7,29.4,64.6,8.5,6.96,41.6,115.9,54.2,75.1,Flood,240.0,7.8,0.93,2.82,15.37,25048,416299,384988.0,-31311.0,11531,1.333,53.1,-5745.14,76385.14,70640.0
SF10863,Maharashtra,Raichur,Sugarcane,Rabi,12.28,383.8,26.2,65.2,5.8,6.48,22.8,106.3,72.7,68.1,Drip,267.5,2.34,0.76,77.4,950.47,3464,944405,3292428.0,2348023.0,18766,50.649,45.6,191207.08,76905.94,268113.03
SF10864,Andhra Pradesh,Indore,Groundnut,Rabi,7.97,351.5,23.9,37.4,6.1,6.48,18.2,175.1,45.2,168.0,Drip,137.8,3.67,0.99,1.84,14.66,52436,452540,768712.0,316172.0,3259,4.498,45.8,39670.26,56780.43,96450.69
SF10865,Telangana,Rajkot,Wheat,Rabi,1.72,80.0,21.2,51.5,6.9,6.96,20.4,151.0,60.5,110.2,Rainfed,190.3,3.04,0.66,1.7,2.92,23860,107339,69671.0,-37668.0,494,5.911,46.8,-21900.0,62406.4,40506.4
SF10866,Madhya Pradesh,Guntur,Groundnut,Rabi,4.25,569.5,25.1,48.5,6.1,6.7,30.3,124.1,74.6,107.4,Flood,183.4,2.76,0.69,2.34,9.94,53435,318286,531144.0,212858.0,2578,3.856,48.6,50084.24,74890.82,124975.06
SF10867,Andhra Pradesh,Indore,Maize,Rabi,1.12,426.1,22.7,57.3,7.9,6.0,19.8,185.7,78.8,141.3,Rainfed,114.0,6.37,0.88,2.1,2.35,23281,55699,54710.0,-989.0,344,6.831,39.6,-883.04,49731.25,48848.21
SF10868,Punjab,Ludhiana,Pulses,Kharif,8.92,804.3,27.7,73.4,7.4,6.45,33.1,194.7,80.5,98.0,Drip,82.8,5.18,0.93,2.09,18.64,73484,544830,1369742.0,824912.0,3303,5.643,52.0,92478.92,61079.6,153558.52
SF10869,Andhra Pradesh,Rajkot,Rice,Kharif,9.0,712.2,30.5,83.1,6.2,5.88,35.5,150.9,52.1,107.2,Sprinkler,172.0,3.01,0.83,1.98,17.82,22236,610472,396246.0,-214226.0,15194,1.173,64.4,-23802.89,67830.22,44027.33
SF10870,Madhya Pradesh,Rajkot,Cotton,Kharif,2.72,998.7,29.4,55.3,7.0,7.4,39.2,103.0,81.1,72.3,Flood,208.2,5.63,0.77,0.84,2.28,73394,202151,167338.0,-34813.0,2893,0.788,46.8,-12798.9,74320.22,61521.32
SF10871,Punjab,Nalgonda,Maize,Kharif,11.03,752.3,25.8,80.7,7.8,6.24,21.6,164.3,29.3,117.9,Rainfed,243.9,5.4,0.71,3.72,41.03,22154,768506,908979.0,140473.0,3729,11.003,54.0,12735.54,69674.16,82409.7
SF10872,Madhya Pradesh,Ludhiana,Groundnut,Kharif,13.02,1021.5,27.5,62.1,5.8,6.39,23.4,88.6,30.3,110.3,Rainfed,209.1,6.36,0.8,1.51,19.66,55580,874345,1092703.0,218358.0,3894,5.049,35.2,16770.97,67153.99,83924.96
SF10873,Tamil Nadu,Ludhiana,Pulses,Kharif,10.43,424.1,23.6,69.4,8.1,7.29,28.2,143.1,67.8,104.1,Drip,182.7,4.97,0.98,0.92,9.6,85387,744500,819715.0,75215.0,2748,3.493,44.4,7211.41,71380.63,78592.04
SF10874,Andhra Pradesh,Rajkot,Wheat,Kharif,12.51,514.4,29.9,54.2,7.2,7.06,28.5,94.0,48.3,120.5,Rainfed,239.4,4.78,0.91,2.35,29.4,26075,866219,766605.0,-99614.0,3453,8.514,42.7,-7962.75,69242.13,61279.38
SF10875,Karnataka,Erode,Rice,Kharif,3.15,985.1,26.9,58.8,6.6,5.71,38.1,124.2,90.8,89.6,Flood,224.8,5.51,0.85,2.88,9.07,16937,226859,153619.0,-73240.0,5929,1.53,48.9,-23250.79,72018.73,48767.94
SF10876,Karnataka,Nalgonda,Cotton,Rabi,7.03,421.6,18.8,54.1,9.4,6.51,27.9,103.8,56.1,78.4,Rainfed,203.5,5.93,0.87,1.09,7.66,62915,431326,481929.0,50603.0,2342,3.271,32.2,7198.15,61355.05,68553.2
SF10877,Telangana,Nalgonda,Groundnut,Rabi,5.22,431.8,24.9,48.6,8.4,7.09,31.1,83.8,58.6,123.0,Drip,180.0,6.34,0.97,1.55,8.09,54637,405155,442013.0,36858.0,2093,3.865,30.5,7060.92,77615.9,84676.82
SF10878,Madhya Pradesh,Nashik,Groundnut,Kharif,13.94,913.5,30.8,79.4,5.4,5.98,32.8,150.1,83.2,141.8,Rainfed,137.9,1.82,0.81,0.9,12.55,59330,586306,744592.0,158286.0,4479,2.802,63.7,11354.81,42059.25,53414.06
SF10879,Maharashtra,Nalgonda,Groundnut,Kharif,8.2,673.7,32.4,66.7,6.2,7.06,34.3,138.6,15.0,95.7,Drip,198.1,7.55,0.68,2.01,16.48,54733,603155,902000.0,298845.0,3249,5.072,49.2,36444.51,73555.49,110000.0
SF10880,Tamil Nadu,Erode,Rice,Zaid,13.34,219.3,34.9,50.4,7.1,5.94,21.7,114.7,70.9,73.8,Flood,195.5,5.64,0.86,0.97,12.94,25668,930433,332144.0,-598289.0,25118,0.515,28.1,-44849.25,69747.6,24898.35
SF10881,Karnataka,Nashik,Cotton,Zaid,6.34,233.1,33.4,60.0,8.0,6.11,15.5,114.8,47.0,111.2,Drip,112.3,5.25,0.66,0.76,4.82,67572,395592,325697.0,-69895.0,4836,0.997,35.2,-11024.45,62396.21,51371.77
SF10882,Maharashtra,Rajkot,Wheat,Rabi,5.83,533.2,25.3,48.8,9.8,7.04,19.1,118.8,47.4,164.9,Sprinkler,131.1,3.69,0.85,2.89,16.85,20211,356425,340555.0,-15870.0,2976,5.662,41.4,-2722.13,61136.36,58414.24
SF10883,Andhra Pradesh,Erode,Groundnut,Rabi,7.92,223.5,20.5,63.2,6.7,7.48,24.3,115.0,56.6,84.8,Drip,219.3,5.8,0.85,0.66,5.23,57439,589978,300406.0,-289572.0,3858,1.356,29.3,-36562.12,74492.17,37930.05
SF10884,Karnataka,Nalgonda,Pulses,Kharif,3.45,1108.5,31.5,69.6,8.1,6.97,42.4,129.2,69.9,84.4,Sprinkler,195.3,4.46,0.82,1.18,4.07,80915,266346,329324.0,62978.0,1251,3.253,58.0,18254.49,77201.74,95456.23
SF10885,Tamil Nadu,Warangal,Wheat,Rabi,5.1,195.8,27.0,64.3,8.3,6.52,15.4,108.2,78.4,74.5,Rainfed,203.9,4.67,0.87,2.07,10.56,25654,290344,270906.0,-19438.0,1354,7.799,38.1,-3811.37,56930.2,53118.82
SF10886,Telangana,Erode,Wheat,Rabi,1.53,414.9,23.3,65.1,7.6,7.59,31.1,61.5,16.9,114.3,Rainfed,155.7,5.12,0.95,0.77,1.18,25458,96327,30040.0,-66287.0,476,2.479,46.5,-43324.84,62958.82,19633.99
SF10887,Telangana,Erode,Rice,Kharif,12.38,714.0,26.1,72.9,7.1,6.28,24.5,89.9,54.8,112.2,Flood,113.4,3.96,0.87,3.44,42.59,18621,753179,793068.0,39889.0,25114,1.696,60.0,3222.05,60838.37,64060.42
SF10888,Tamil Nadu,Nalgonda,Wheat,Rabi,8.0,694.6,23.2,34.5,7.3,7.13,29.5,161.5,68.5,94.9,Drip,200.6,8.95,0.9,3.04,24.32,22741,597345,553061.0,-44284.0,3656,6.652,40.5,-5535.5,74668.12,69132.62
SF10889,Madhya Pradesh,Nalgonda,Chilli,Rabi,12.06,428.4,27.4,70.7,8.8,6.94,20.5,102.8,31.3,141.2,Rainfed,189.4,6.48,0.78,2.01,24.24,87689,889305,2125581.0,1236276.0,3460,7.006,50.9,102510.45,73740.05,176250.5
SF10890,Punjab,Erode,Chilli,Kharif,1.94,1287.6,23.5,73.5,7.5,6.65,38.7,103.1,61.1,92.5,Rainfed,197.0,3.83,0.91,1.57,3.05,102739,125383,313354.0,187971.0,753,4.05,65.2,96892.27,64630.41,161522.68
SF10891,Tamil Nadu,Nalgonda,Rice,Rabi,5.82,628.2,26.5,63.0,7.0,6.78,17.7,118.9,87.5,131.1,Rainfed,118.4,7.16,0.85,4.19,24.39,21583,320010,526409.0,206399.0,4505,5.414,39.8,35463.75,54984.54,90448.28
SF10892,Telangana,Indore,Maize,Zaid,12.22,321.3,35.9,49.9,8.3,5.93,19.0,146.4,74.2,106.3,Flood,164.8,7.37,0.93,1.57,19.19,22419,769431,430221.0,-339210.0,7786,2.465,24.7,-27758.59,62964.89,35206.3
SF10893,Telangana,Nalgonda,Sugarcane,Zaid,14.6,376.9,31.1,39.5,9.0,6.56,17.2,65.2,76.3,146.8,Rainfed,175.0,5.67,0.98,40.84,596.26,3235,1021678,1928901.0,907223.0,15719,37.932,35.0,62138.56,69977.95,132116.51
SF10894,Maharashtra,Indore,Sugarcane,Kharif,12.43,704.2,26.2,64.7,5.2,6.25,33.5,108.4,67.4,88.2,Rainfed,179.3,2.93,0.73,50.36,625.97,3488,762773,2183383.0,1420610.0,11961,52.334,56.3,114288.82,61365.49,175654.3
SF10895,Madhya Pradesh,Indore,Pulses,Rabi,11.7,223.7,24.5,78.4,6.9,7.37,27.3,106.1,48.1,121.1,Rainfed,60.9,6.93,0.82,0.54,6.32,70979,642134,448587.0,-193547.0,2705,2.336,35.8,-16542.48,54883.25,38340.77
SF10896,Telangana,Ludhiana,Groundnut,Kharif,4.14,1041.7,26.2,76.1,6.8,6.25,25.6,157.0,35.6,107.2,Rainfed,59.5,3.76,0.71,1.36,5.63,61164,259189,344353.0,85164.0,1318,4.272,62.9,20571.01,62606.04,83177.05
SF10897,Madhya Pradesh,Nashik,Cotton,Rabi,7.03,524.5,25.3,63.2,8.3,6.51,26.1,126.6,67.4,65.8,Flood,187.8,4.89,0.8,1.75,12.3,70065,423050,861800.0,438750.0,6827,1.802,41.1,62411.1,60177.81,122588.9
SF10898,Telangana,Nashik,Cotton,Rabi,4.67,215.6,26.6,50.6,8.3,6.19,28.9,94.4,61.5,120.3,Flood,251.2,5.2,0.88,1.05,4.9,64130,397242,314237.0,-83005.0,4924,0.995,36.7,-17774.09,85062.53,67288.44
SF10899,Karnataka,Ludhiana,Cotton,Rabi,5.83,536.4,22.9,47.8,8.1,6.89,15.0,109.9,73.8,70.1,Flood,143.4,4.31,0.82,1.73,10.09,78282,352790,789865.0,437075.0,6027,1.674,47.1,74969.98,60512.86,135482.85
SF10900,Tamil Nadu,Guntur,Pulses,Rabi,6.65,677.3,19.9,52.5,7.3,7.31,13.6,69.9,71.8,95.3,Sprinkler,201.6,4.68,0.76,0.9,5.98,72393,450014,432910.0,-17104.0,2857,2.093,34.1,-2572.03,67671.28,65099.25
SF10901,Maharashtra,Ludhiana,Maize,Rabi,10.0,198.7,21.0,52.6,6.9,7.12,15.2,117.1,36.7,50.9,Flood,273.9,4.27,0.67,2.06,20.6,21266,740344,438080.0,-302264.0,7458,2.762,42.7,-30226.4,74034.4,43808.0
SF10902,Maharashtra,Rajkot,Wheat,Kharif,2.57,1005.0,26.3,85.0,6.0,6.03,25.3,78.0,95.5,90.4,Flood,277.1,3.58,0.97,2.01,5.17,27266,192967,140965.0,-52002.0,1919,2.694,68.6,-20234.24,75084.44,54850.19
SF10903,Tamil Nadu,Indore,Rice,Rabi,3.03,296.2,24.9,57.8,7.1,6.39,25.4,89.0,70.8,127.9,Rainfed,216.8,5.35,0.86,2.67,8.09,23385,206999,189185.0,-17814.0,2477,3.266,28.5,-5879.21,68316.5,62437.29
SF10904,Telangana,Indore,Wheat,Zaid,2.78,474.7,32.8,35.5,7.7,6.25,23.7,144.5,45.2,112.2,Rainfed,49.9,6.28,0.97,1.53,4.25,25691,218562,109187.0,-109375.0,841,5.054,35.8,-39343.53,78619.42,39275.9
SF10905,Gujarat,Warangal,Chilli,Kharif,4.77,1015.0,31.9,71.6,6.9,6.65,31.2,108.1,38.9,91.1,Flood,203.1,5.61,0.67,1.92,9.16,104521,371336,957412.0,586076.0,3264,2.806,59.3,122867.09,77848.22,200715.3
SF10906,Gujarat,Indore,Rice,Kharif,5.86,761.6,29.6,90.1,6.1,5.82,27.6,139.0,78.8,87.1,Drip,306.8,5.08,0.97,1.79,10.49,26460,423272,277565.0,-145707.0,7929,1.323,62.7,-24864.68,72230.72,47366.04
SF10907,Karnataka,Nashik,Chilli,Rabi,12.92,415.75,22.9,61.9,9.9,7.35,17.8,114.1,74.6,88.7,Flood,183.9,7.0,0.69,1.51,19.51,107249,991502,2092428.0,1100926.0,11168,1.747,34.4,85210.99,76741.64,161952.63
SF10908,Tamil Nadu,Raichur,Maize,Zaid,14.57,503.0,30.8,44.5,9.4,7.0,29.1,74.0,49.6,79.1,Flood,320.9,2.22,0.92,2.35,34.24,18717,1258745,640870.0,-617875.0,10657,3.213,36.7,-42407.34,86392.93,43985.59
SF10909,Madhya Pradesh,Indore,Pulses,Kharif,8.65,998.3,25.9,65.1,6.7,6.37,17.3,94.1,46.4,48.4,Flood,113.3,5.83,0.71,1.05,9.08,68506,595168,622034.0,26866.0,3753,2.419,59.0,3105.9,68805.55,71911.45
SF10910,Telangana,Nashik,Sugarcane,Rabi,5.66,354.4,21.6,75.5,7.9,5.9,26.9,72.7,58.9,128.0,Drip,92.5,7.99,0.93,23.68,134.03,3530,371329,473126.0,101797.0,7897,16.972,27.3,17985.34,65605.83,83591.17
SF10911,Andhra Pradesh,Krishna,Groundnut,Rabi,3.18,664.8,24.4,45.7,7.7,7.12,31.6,150.4,31.6,90.0,Rainfed,127.4,3.53,0.89,1.27,4.04,62372,216090,251983.0,35893.0,778,5.193,37.9,11287.11,67952.83,79239.94
SF10912,Punjab,Raichur,Maize,Rabi,14.01,275.2,25.4,49.8,8.8,6.41,14.5,117.2,49.1,132.6,Drip,233.3,6.99,0.92,3.83,53.66,16345,988346,877073.0,-111273.0,5885,9.118,14.1,-7942.4,70545.75,62603.35
SF10913,Madhya Pradesh,Raichur,Sugarcane,Kharif,3.97,1018.3,23.6,68.4,7.6,6.5,30.4,119.3,62.4,90.9,Rainfed,326.0,9.44,0.95,59.44,235.98,3141,310668,741213.0,430545.0,3865,61.056,37.7,108449.62,78253.9,186703.53
SF10914,Maharashtra,Erode,Rice,Kharif,5.14,795.9,28.8,60.3,6.7,7.5,34.9,139.1,59.9,78.6,Rainfed,266.5,4.59,0.91,1.44,7.4,20660,346165,152884.0,-193281.0,4241,1.745,62.9,-37603.31,67347.28,29743.97
SF10915,Andhra Pradesh,Erode,Chilli,Kharif,2.79,1003.7,28.7,73.3,7.8,7.52,36.7,112.5,77.9,104.9,Flood,179.0,7.62,0.82,0.91,2.54,108460,182075,275488.0,93413.0,2433,1.044,53.8,33481.36,65259.86,98741.22
SF10916,Karnataka,Ludhiana,Pulses,Rabi,4.24,319.4,22.3,53.7,7.0,7.17,24.1,107.8,77.4,50.5,Drip,177.4,6.59,0.83,0.99,4.2,75399,210147,316676.0,106529.0,1135,3.7,16.7,25124.76,49562.97,74687.74
SF10917,Andhra Pradesh,Nalgonda,Cotton,Zaid,9.05,407.6,33.3,53.0,8.0,6.52,15.1,67.6,79.9,79.2,Flood,204.7,3.0,0.66,1.21,10.95,50901,564523,557366.0,-7157.0,6585,1.663,52.8,-790.83,62378.23,61587.4
SF10918,Madhya Pradesh,Krishna,Cotton,Kharif,10.31,953.1,25.6,71.0,5.2,6.2,33.5,98.7,52.5,96.4,Sprinkler,121.2,8.05,0.75,1.49,15.36,70226,626027,1078671.0,452644.0,7618,2.016,37.1,43903.39,60720.37,104623.76
SF10919,Tamil Nadu,Rajkot,Chilli,Rabi,3.94,395.8,23.1,59.1,8.1,6.69,26.4,190.6,58.7,107.3,Sprinkler,254.2,3.41,0.83,2.28,8.98,110770,302231,994715.0,692484.0,2621,3.426,33.6,175757.36,76708.38,252465.74
SF10920,Telangana,Nashik,Wheat,Kharif,14.37,1067.6,26.5,88.4,7.2,6.98,27.7,168.6,64.3,83.3,Drip,290.1,4.4,0.89,2.83,40.67,18429,1126510,749507.0,-377003.0,6006,6.772,67.9,-26235.42,78393.18,52157.76
SF10921,Karnataka,Nashik,Groundnut,Rabi,12.07,361.5,26.3,57.0,7.9,6.88,17.3,83.1,48.2,144.1,Drip,175.4,3.61,0.8,1.56,18.83,56713,902208,1067906.0,165698.0,4485,4.198,52.4,13728.09,74747.97,88476.06
SF10922,Karnataka,Nashik,Chilli,Kharif,2.86,845.3,29.9,91.8,7.6,7.78,30.5,151.7,60.0,119.8,Rainfed,188.2,6.97,0.88,0.64,1.83,97462,211516,178355.0,-33161.0,841,2.176,39.3,-11594.76,73956.64,62361.89
SF10923,Gujarat,Krishna,Wheat,Zaid,2.47,128.4,30.1,36.8,7.3,7.1,15.1,112.4,60.1,143.0,Rainfed,196.1,6.96,0.8,1.54,3.8,21004,159581,79815.0,-79766.0,694,5.476,34.4,-32293.93,64607.69,32313.77
SF10924,Karnataka,Warangal,Groundnut,Zaid,13.66,232.6,33.9,43.6,7.3,5.64,23.3,183.0,24.3,136.7,Sprinkler,168.7,4.68,0.7,0.3,4.1,58792,915351,241047.0,-674304.0,8111,0.505,38.1,-49363.4,67009.59,17646.19
SF10925,Punjab,Erode,Sugarcane,Rabi,11.42,314.6,25.7,53.5,7.0,6.04,16.5,112.0,73.8,118.1,Rainfed,147.3,4.94,0.79,32.09,366.47,3743,519517,1371697.0,852180.0,11148,32.873,43.8,74621.72,45491.86,120113.57
SF10926,Andhra Pradesh,Ludhiana,Wheat,Kharif,5.14,914.1,29.9,63.8,6.6,5.25,37.6,118.9,41.3,107.8,Flood,185.1,4.72,0.73,0.3,1.54,18216,315074,28053.0,-287021.0,3812,0.404,58.7,-55840.66,61298.44,5457.78
SF10927,Tamil Nadu,Rajkot,Chilli,Zaid,7.15,464.7,31.7,60.0,9.4,6.18,13.6,109.0,44.7,116.1,Flood,273.1,6.71,0.79,1.54,11.01,94272,600521,1037935.0,437414.0,5807,1.896,45.6,61176.78,83988.95,145165.73
SF10928,Gujarat,Warangal,Chilli,Rabi,1.53,368.0,23.8,44.8,8.3,6.3,28.6,40.0,28.6,131.1,Drip,99.9,7.75,0.92,1.6,2.45,92915,83699,227642.0,143943.0,957,2.56,34.1,94080.39,54705.23,148785.62
SF10929,Punjab,Nalgonda,Wheat,Rabi,12.51,543.9,21.4,61.7,7.0,6.35,16.9,124.9,56.2,90.0,Sprinkler,147.8,3.73,0.99,2.27,28.4,21966,945997,623834.0,-322163.0,6946,4.089,46.1,-25752.44,75619.26,49866.83
SF10930,Karnataka,Ludhiana,Cotton,Zaid,5.56,534.4,33.0,34.4,7.2,7.17,15.6,75.7,47.3,74.2,Flood,155.9,3.57,1.0,1.0,5.56,56170,386294,312305.0,-73989.0,5254,1.058,33.5,-13307.37,69477.34,56169.96
SF10931,Madhya Pradesh,Ludhiana,Sugarcane,Rabi,8.1,287.9,23.0,63.2,7.9,6.06,21.5,50.7,52.0,124.5,Drip,169.8,3.0,0.91,34.27,277.59,3727,396396,1034578.0,638182.0,11910,23.307,49.7,78787.9,48937.78,127725.68
SF10932,Maharashtra,Rajkot,Maize,Zaid,11.2,184.0,28.1,56.3,7.1,6.01,15.5,117.1,73.6,140.1,Sprinkler,133.5,7.36,0.84,1.83,20.5,21150,696038,433575.0,-262463.0,7957,2.576,22.5,-23434.2,62146.25,38712.05
SF10933,Maharashtra,Warangal,Chilli,Rabi,10.68,308.2,26.8,63.6,7.5,7.97,23.9,149.4,79.7,136.6,Flood,162.5,1.9,0.85,0.36,3.84,112552,579945,432200.0,-147745.0,10219,0.376,52.9,-13833.8,54301.97,40468.16
SF10934,Telangana,Krishna,Wheat,Kharif,0.72,792.6,30.9,83.3,7.8,6.88,31.2,150.2,39.4,50.1,Rainfed,244.3,2.71,0.71,2.6,1.87,26051,44873,48715.0,3842.0,225,8.311,71.9,5336.11,62323.61,67659.72
SF10935,Madhya Pradesh,Guntur,Chilli,Kharif,7.85,821.6,30.2,69.5,7.0,6.29,40.7,111.0,90.3,86.5,Rainfed,143.7,2.89,0.73,1.72,13.5,105594,489810,1425519.0,935709.0,3071,4.396,61.0,119198.6,62396.18,181594.78
SF10936,Telangana,Ludhiana,Maize,Kharif,10.3,1109.2,27.8,85.2,7.4,6.87,29.3,95.4,51.0,75.9,Flood,138.5,3.68,0.73,4.04,41.61,18700,625198,778107.0,152909.0,7468,5.572,56.0,14845.53,60698.83,75544.37
SF10937,Gujarat,Raichur,Maize,Kharif,10.41,597.4,26.5,74.9,6.4,7.26,32.8,105.4,69.2,110.5,Flood,127.4,5.93,0.91,2.63,27.38,21940,651459,600717.0,-50742.0,7791,3.514,45.9,-4874.35,62580.12,57705.76
SF10938,Maharashtra,Rajkot,Sugarcane,Zaid,10.74,80.0,29.5,54.6,7.9,6.0,14.7,144.9,96.0,97.7,Drip,189.5,5.71,0.71,28.05,301.26,3362,703289,1012836.0,309547.0,17824,16.902,32.3,28821.88,65483.15,94305.03
SF10939,Punjab,Erode,Wheat,Kharif,8.09,723.5,32.0,57.6,7.0,6.37,29.1,158.8,55.4,79.6,Flood,292.8,6.35,0.88,2.85,23.06,24101,596909,555769.0,-41140.0,6734,3.424,38.0,-5085.29,73783.56,68698.27
SF10940,Maharashtra,Krishna,Cotton,Rabi,7.68,410.7,25.6,55.4,6.4,7.14,22.1,173.2,82.7,103.4,Rainfed,140.3,6.16,0.74,1.42,10.91,73469,513929,801547.0,287618.0,2840,3.842,34.9,37450.26,66917.84,104368.1
SF10941,Gujarat,Erode,Rice,Kharif,13.24,658.2,25.1,64.4,4.9,6.22,40.4,120.9,48.1,175.9,Flood,240.8,4.5,0.73,2.24,29.66,21375,858994,633982.0,-225012.0,25094,1.182,55.1,-16994.86,64878.7,47883.84
SF10942,Maharashtra,Ludhiana,Rice,Rabi,1.11,670.4,26.3,68.2,6.4,5.36,22.9,159.3,72.7,96.7,Drip,149.9,7.61,0.97,0.51,0.57,20039,76751,11422.0,-65329.0,1417,0.402,43.5,-58854.95,69145.05,10290.09
SF10943,Punjab,Guntur,Chilli,Kharif,5.47,886.3,31.7,70.7,7.2,6.02,28.9,116.8,64.4,106.9,Flood,221.8,7.59,0.93,1.28,7.0,93337,422985,653359.0,230374.0,4288,1.632,48.3,42115.9,77328.15,119444.06
SF10944,Punjab,Indore,Pulses,Zaid,6.33,80.0,33.1,51.6,9.3,6.51,18.7,111.8,41.3,63.6,Sprinkler,79.2,6.5,0.93,0.72,4.56,81324,371221,370837.0,-384.0,2277,2.003,36.7,-60.66,58644.71,58584.04
SF10945,Telangana,Erode,Cotton,Kharif,4.6,959.5,27.0,71.4,7.8,6.69,34.9,131.7,57.0,99.0,Drip,112.9,2.5,0.86,2.17,9.98,64033,241594,639049.0,397455.0,3438,2.903,61.6,86403.26,52520.43,138923.7
SF10946,Karnataka,Erode,Rice,Rabi,4.2,325.5,22.3,55.0,9.0,5.91,27.5,94.7,26.5,118.4,Flood,287.0,3.8,0.96,1.3,5.46,25336,300259,138335.0,-161924.0,8029,0.68,45.1,-38553.33,71490.24,32936.9
SF10947,Karnataka,Nalgonda,Cotton,Kharif,1.28,936.4,30.5,69.2,7.1,6.57,18.0,116.2,64.0,86.3,Flood,128.9,3.29,0.68,1.61,2.06,68676,76523,141473.0,64950.0,1420,1.451,81.2,50742.19,59783.59,110525.78
SF10948,Telangana,Nalgonda,Pulses,Kharif,14.97,910.5,30.5,84.2,7.7,7.81,25.2,125.2,51.5,102.2,Flood,97.2,1.54,0.96,0.3,4.49,57324,1070866,257385.0,-813481.0,6753,0.665,69.6,-54340.75,71534.13,17193.39
SF10949,Gujarat,Ludhiana,Pulses,Rabi,4.23,906.3,21.1,59.3,7.9,6.73,14.8,89.5,70.7,128.5,Flood,131.9,5.22,0.96,1.33,5.63,72910,284181,410483.0,126302.0,1822,3.09,42.6,29858.63,67182.27,97040.9
SF10950,Maharashtra,Indore,Groundnut,Kharif,2.42,530.9,21.7,74.4,6.1,6.57,27.6,133.8,71.5,107.9,Drip,133.3,6.75,0.67,2.62,6.34,59490,143568,377167.0,233599.0,1075,5.898,37.0,96528.51,59325.62,155854.13
SF10951,Andhra Pradesh,Ludhiana,Pulses,Rabi,11.44,466.3,19.9,53.7,7.3,7.11,23.5,147.6,36.8,94.1,Flood,230.4,5.41,0.87,0.88,10.07,69966,655723,704558.0,48835.0,5302,1.899,39.1,4268.79,57318.44,61587.24
SF10952,Andhra Pradesh,Krishna,Cotton,Rabi,14.48,250.5,22.0,70.3,6.4,6.85,32.1,53.7,69.5,110.8,Rainfed,250.9,3.72,0.94,1.08,15.64,70984,913442,1110190.0,196748.0,4619,3.386,41.8,13587.57,63083.01,76670.58
SF10953,Tamil Nadu,Nashik,Rice,Kharif,10.35,741.3,32.8,71.0,7.0,6.66,32.9,100.5,49.5,159.9,Drip,126.7,5.02,0.94,4.53,46.89,21235,610269,995709.0,385440.0,13103,3.579,51.5,37240.58,58963.19,96203.77
SF10954,Telangana,Krishna,Pulses,Kharif,13.03,643.7,26.8,80.9,8.1,7.31,36.8,72.1,60.2,108.4,Flood,132.8,2.99,0.92,1.01,13.16,72887,865547,959193.0,93646.0,5854,2.248,59.8,7186.95,66427.24,73614.2
SF10955,Tamil Nadu,Erode,Wheat,Rabi,1.99,403.4,23.6,58.5,7.6,6.52,22.5,101.4,50.1,114.8,Flood,289.5,4.28,0.84,2.61,5.19,21524,178751,111710.0,-67041.0,1426,3.64,43.6,-33688.94,89824.62,56135.68
SF10956,Punjab,Nalgonda,Rice,Rabi,5.74,211.4,26.1,55.3,7.9,6.89,24.6,144.2,80.6,65.4,Drip,212.0,6.91,0.91,3.51,20.15,20867,432453,420470.0,-11983.0,7473,2.696,35.2,-2087.63,75340.24,73252.61
SF10957,Tamil Nadu,Rajkot,Maize,Rabi,2.24,313.7,26.6,50.7,9.4,6.39,20.7,121.6,31.7,132.0,Flood,126.9,10.03,0.73,3.5,7.84,19115,119372,149862.0,30490.0,1700,4.612,25.1,13611.61,53291.07,66902.68
SF10958,Telangana,Guntur,Chilli,Kharif,9.68,860.2,22.3,79.6,6.8,7.88,32.1,163.0,59.4,79.0,Flood,119.3,1.19,0.76,0.43,4.16,124482,557048,517845.0,-39203.0,7595,0.548,68.4,-4049.9,57546.28,53496.38
SF10959,Maharashtra,Erode,Wheat,Kharif,11.59,579.1,27.9,76.5,6.7,7.43,34.8,88.4,84.4,135.0,Flood,212.5,6.59,0.78,2.06,23.88,24759,816534,591245.0,-225289.0,7224,3.306,44.3,-19438.22,70451.6,51013.37
SF10960,Andhra Pradesh,Krishna,Wheat,Rabi,0.59,551.6,21.5,50.0,6.9,6.34,29.1,81.4,18.9,112.1,Flood,148.4,7.6,0.94,2.26,1.33,26085,40384,34693.0,-5691.0,518,2.568,20.1,-9645.76,68447.46,58801.69
SF10961,Madhya Pradesh,Erode,Wheat,Kharif,10.38,911.5,27.3,82.5,7.8,7.22,29.9,191.0,42.4,68.5,Drip,153.2,2.65,0.88,3.08,31.97,23239,500249,742951.0,242702.0,4751,6.729,69.8,23381.7,48193.55,71575.24
SF10962,Maharashtra,Nashik,Maize,Zaid,11.99,393.7,32.6,37.3,8.0,6.26,21.0,140.5,69.4,130.1,Rainfed,146.5,8.51,0.89,2.55,30.57,20040,721843,612623.0,-109220.0,4193,7.291,27.7,-9109.26,60203.75,51094.5
SF10963,Maharashtra,Nashik,Sugarcane,Rabi,14.04,389.2,26.4,66.3,7.7,7.03,23.3,94.0,41.6,99.6,Drip,181.3,5.2,0.7,66.66,935.91,3094,1008380,2895706.0,1887326.0,23060,40.586,27.8,134424.93,71821.94,206246.87
SF10964,Karnataka,Guntur,Groundnut,Kharif,5.88,492.7,29.0,68.6,5.8,6.68,22.4,75.1,40.7,121.3,Rainfed,258.2,6.26,0.89,1.58,9.29,58728,395567,545583.0,150016.0,1516,6.128,40.6,25512.93,67273.3,92786.22
SF10965,Karnataka,Erode,Wheat,Zaid,7.22,339.9,26.5,72.8,9.6,6.33,13.8,85.1,72.5,92.3,Flood,100.4,6.32,0.85,2.16,15.6,27453,425630,428267.0,2637.0,4847,3.218,31.9,365.24,58951.52,59316.76
SF10966,Tamil Nadu,Guntur,Maize,Kharif,0.82,743.7,28.4,60.2,6.4,7.44,24.6,112.7,58.9,100.5,Rainfed,176.1,7.93,1.0,1.88,1.54,17813,57325,27432.0,-29893.0,235,6.553,39.1,-36454.88,69908.54,33453.66
SF10967,Madhya Pradesh,Nalgonda,Cotton,Kharif,4.82,1020.2,31.1,71.4,6.7,7.35,26.7,116.9,44.1,115.0,Drip,233.3,6.04,0.9,0.97,4.68,71291,357378,333642.0,-23736.0,3097,1.511,59.7,-4924.48,74144.81,69220.33
SF10968,Punjab,Warangal,Sugarcane,Zaid,6.83,402.6,30.7,63.3,5.9,6.27,16.9,108.7,52.4,65.5,Flood,280.1,9.75,0.76,28.82,196.84,3413,569366,671815.0,102449.0,15502,12.698,42.3,14999.85,83362.52,98362.37
SF10969,Andhra Pradesh,Guntur,Pulses,Rabi,0.53,80.0,25.1,65.2,8.2,6.51,25.0,140.2,86.8,123.2,Drip,40.0,8.82,0.88,1.23,0.65,64634,27026,42012.0,14986.0,167,3.892,27.6,28275.47,50992.45,79267.92
SF10970,Punjab,Raichur,Groundnut,Kharif,3.85,758.7,31.2,65.3,7.9,6.19,37.7,126.9,49.1,115.4,Flood,198.4,5.99,0.74,1.52,5.85,53387,251623,312314.0,60691.0,2608,2.243,45.5,15763.9,65356.62,81120.52
SF10971,Andhra Pradesh,Raichur,Maize,Rabi,2.2,527.6,24.8,42.2,8.3,6.36,29.5,102.6,55.4,80.1,Flood,176.6,6.86,0.89,3.36,7.39,19463,169624,143832.0,-25792.0,1663,4.444,34.4,-11723.64,77101.82,65378.18
SF10972,Telangana,Indore,Pulses,Rabi,11.46,772.7,24.4,51.0,8.3,6.36,16.5,80.4,40.6,130.3,Rainfed,244.8,2.87,0.66,0.93,10.66,67473,747822,719262.0,-28560.0,2322,4.591,44.0,-2492.15,65254.97,62762.83
SF10973,Punjab,Nalgonda,Rice,Kharif,9.14,832.3,28.5,69.9,7.1,6.39,35.5,105.7,62.4,110.5,Sprinkler,181.8,2.25,0.97,3.89,35.55,24444,604884,868984.0,264100.0,11184,3.179,61.7,28894.97,66179.87,95074.84
SF10974,Maharashtra,Rajkot,Chilli,Kharif,2.36,813.2,24.4,59.3,6.3,7.34,29.3,129.1,89.4,92.7,Drip,162.3,6.08,0.85,2.1,4.96,98107,177764,486611.0,308847.0,1129,4.393,63.5,130867.37,75323.73,206191.1
SF10975,Karnataka,Warangal,Maize,Rabi,12.21,191.7,18.1,57.5,6.3,7.21,27.0,123.8,55.3,78.2,Flood,158.2,3.36,0.92,1.48,18.07,21223,753121,383500.0,-369621.0,8262,2.187,44.0,-30271.99,61680.67,31408.68
SF10976,Madhya Pradesh,Warangal,Pulses,Kharif,7.16,947.6,29.0,68.3,4.9,6.74,34.1,96.8,34.8,144.1,Flood,104.5,3.8,0.96,1.33,9.52,85813,418362,816940.0,398578.0,3402,2.798,60.3,55667.32,58430.45,114097.77
SF10977,Tamil Nadu,Raichur,Rice,Kharif,10.23,780.5,30.2,71.8,7.6,7.53,25.8,144.3,67.6,82.4,Sprinkler,297.0,6.13,0.77,1.67,17.08,25424,760447,434242.0,-326205.0,14147,1.207,46.9,-31887.1,74335.0,42447.9
SF10978,Madhya Pradesh,Indore,Maize,Kharif,4.77,954.7,30.3,65.9,6.0,6.96,34.3,133.9,58.7,137.1,Rainfed,371.7,5.69,0.74,3.51,16.74,20539,356584,343823.0,-12761.0,1530,10.941,57.0,-2675.26,74755.56,72080.29
SF10979,Andhra Pradesh,Raichur,Rice,Rabi,5.8,294.5,24.9,60.7,8.0,6.46,35.3,85.1,25.9,41.9,Rainfed,127.0,7.14,0.83,2.52,14.62,23744,320248,347137.0,26889.0,5743,2.546,37.9,4636.03,55215.17,59851.21
SF10980,Tamil Nadu,Nalgonda,Pulses,Rabi,2.11,781.9,26.7,54.6,9.4,5.2,14.6,85.6,86.3,94.0,Drip,155.2,7.65,0.85,0.3,0.63,66577,132622,41944.0,-90678.0,693,0.909,47.1,-42975.36,62854.03,19878.67
SF10981,Karnataka,Nashik,Rice,Kharif,13.94,839.9000000000001,31.3,63.5,5.8,7.12,23.6,99.0,75.9,129.3,Flood,164.9,3.74,0.94,1.75,24.4,21143,902372,515889.0,-386483.0,24613,0.991,63.8,-27724.75,64732.57,37007.82
SF10982,Gujarat,Raichur,Cotton,Rabi,10.95,631.7,26.7,58.3,7.7,6.54,14.7,189.1,74.4,109.9,Sprinkler,175.2,4.72,1.0,2.47,27.05,68209,589470,1845053.0,1255583.0,7454,3.629,47.9,114665.11,53832.88,168497.99
SF10983,Andhra Pradesh,Erode,Wheat,Kharif,13.29,895.1,28.7,63.5,5.8,7.18,34.0,71.0,56.1,74.3,Rainfed,320.2,7.5,0.76,2.45,32.56,27946,941778,909922.0,-31856.0,3060,10.641,60.8,-2396.99,70863.66,68466.67
SF10984,Punjab,Nashik,Pulses,Rabi,1.29,532.2,21.9,53.6,6.7,8.27,16.7,150.3,86.4,81.4,Sprinkler,184.3,5.36,0.87,0.3,0.39,69984,82360,27294.0,-55066.0,470,0.83,45.0,-42686.82,63844.96,21158.14
SF10985,Maharashtra,Indore,Groundnut,Kharif,5.98,990.7,25.7,72.2,7.5,6.34,36.3,155.4,56.2,119.8,Drip,170.5,4.63,0.72,2.08,12.44,54220,416198,674497.0,258299.0,2482,5.012,65.8,43193.81,69598.33,112792.14
SF10986,Karnataka,Rajkot,Maize,Kharif,10.87,926.4,31.7,63.8,7.6,6.19,28.0,115.4,55.2,91.2,Flood,306.1,6.4,0.69,2.55,27.72,21343,950262,591628.0,-358634.0,8263,3.355,49.8,-32993.01,87420.61,54427.6
SF10987,Telangana,Erode,Rice,Rabi,7.07,332.9,21.4,49.5,7.6,7.71,21.2,89.8,68.2,59.2,Drip,204.8,3.9,0.93,0.79,5.59,24846,471010,138889.0,-332121.0,9090,0.615,50.2,-46976.1,66620.93,19644.84
SF10988,Andhra Pradesh,Ludhiana,Rice,Zaid,7.88,435.8,34.0,50.4,7.2,6.3,12.2,79.5,57.8,119.1,Drip,254.1,3.46,0.7,2.3,18.12,22982,459565,416434.0,-43131.0,11434,1.585,52.5,-5473.48,58320.43,52846.95
SF10989,Tamil Nadu,Warangal,Groundnut,Kharif,14.82,1202.2,29.9,71.0,6.7,6.29,25.3,140.7,30.8,92.9,Sprinkler,180.7,5.39,0.91,1.44,21.34,52715,1056669,1124938.0,68269.0,7848,2.719,61.6,4606.55,71300.2,75906.75
SF10990,Telangana,Nashik,Maize,Kharif,10.38,765.3,32.8,71.8,6.5,7.9,26.3,142.2,40.9,98.7,Drip,41.7,7.67,0.8,0.79,8.2,21782,642733,178612.0,-464121.0,5691,1.441,56.3,-44713.01,61920.33,17207.32
SF10991,Madhya Pradesh,Rajkot,Sugarcane,Rabi,13.18,449.1,22.3,68.5,7.4,6.38,28.8,119.2,59.7,83.6,Drip,159.9,3.74,0.76,53.23,701.57,3227,951640,2263966.0,1312326.0,20567,34.111,39.9,99569.5,72203.34,171772.84
SF10992,Telangana,Ludhiana,Groundnut,Kharif,5.87,676.2,32.2,55.4,7.9,6.91,25.8,78.3,38.9,62.8,Flood,180.9,4.08,0.72,1.83,10.74,55602,424500,597165.0,172665.0,3335,3.22,50.6,29414.82,72316.87,101731.69
SF10993,Karnataka,Rajkot,Rice,Rabi,5.21,563.1,24.0,58.8,8.6,5.57,30.4,134.9,82.2,145.4,Drip,162.4,4.85,0.67,0.9,4.69,21630,378587,101445.0,-277142.0,7608,0.616,54.5,-53194.24,72665.45,19471.21
SF10994,Madhya Pradesh,Indore,Rice,Rabi,4.18,568.9,22.6,61.6,6.8,6.53,20.3,74.5,89.2,111.1,Flood,147.9,9.47,0.8,3.1,12.96,24282,296644,314695.0,18051.0,8124,1.595,25.3,4318.42,70967.46,75285.89
SF10995,Tamil Nadu,Rajkot,Wheat,Rabi,0.5,300.1,22.8,53.9,7.5,7.04,22.2,118.6,55.8,131.3,Sprinkler,160.6,7.39,0.85,2.17,1.08,19410,34712,20963.0,-13749.0,223,4.843,27.1,-27498.0,69424.0,41926.0
SF10996,Telangana,Indore,Cotton,Rabi,8.26,505.4,21.6,73.1,7.8,7.25,19.3,130.7,22.8,107.7,Sprinkler,213.5,3.11,0.84,0.9,7.43,72762,618733,540622.0,-78111.0,6522,1.139,53.0,-9456.54,74907.14,65450.61
SF10997,Telangana,Erode,Wheat,Kharif,10.51,1111.3,30.0,61.8,6.4,7.23,33.9,42.9,32.7,84.2,Drip,162.6,7.48,0.71,1.63,17.13,21282,651301,364561.0,-286740.0,4741,3.613,53.0,-27282.59,61969.65,34687.06
SF10998,Andhra Pradesh,Rajkot,Maize,Rabi,12.6,345.5,26.5,55.0,9.0,6.11,21.6,105.4,44.5,98.2,Drip,180.5,4.36,0.94,2.2,27.72,21895,627768,606929.0,-20839.0,5441,5.095,43.7,-1653.89,49822.86,48168.97
SF10999,Karnataka,Ludhiana,Sugarcane,Rabi,10.2,668.3,23.8,50.2,6.8,7.31,28.5,100.9,78.3,126.7,Rainfed,207.1,1.87,0.98,35.16,358.63,3615,584020,1296447.0,712427.0,8400,42.694,47.0,69845.78,57256.86,127102.65
SF11000,Gujarat,Nashik,Maize,Zaid,4.23,224.7,28.8,46.1,9.7,6.63,12.4,100.6,53.6,99.2,Drip,248.1,5.78,0.83,3.11,13.16,21707,253813,285664.0,31851.0,2416,5.447,28.6,7529.79,60003.07,67532.86
SF11001,Telangana,Nalgonda,Rice,Kharif,8.03,741.1,30.0,77.0,6.2,6.38,34.5,177.5,37.4,92.4,Rainfed,209.3,5.09,0.75,3.74,30.03,20162,509824,605465.0,95641.0,6313,4.757,57.1,11910.46,63489.91,75400.37
SF11002,Madhya Pradesh,Guntur,Maize,Kharif,13.21,929.9,26.3,73.4,5.5,5.51,31.6,99.5,77.2,117.7,Sprinkler,205.4,4.28,0.75,0.72,9.51,21208,830492,201688.0,-628804.0,8237,1.155,56.0,-47600.61,62868.43,15267.83
SF11003,Madhya Pradesh,Rajkot,Groundnut,Rabi,7.86,263.0,25.9,58.9,8.3,6.63,20.5,105.1,43.7,105.3,Rainfed,217.0,8.63,0.91,1.41,11.08,59150,561552,655382.0,93830.0,2018,5.491,30.4,11937.66,71444.27,83381.93
SF11004,Gujarat,Ludhiana,Pulses,Kharif,11.7,549.6,32.6,64.4,5.1,7.85,26.1,135.2,44.6,133.4,Flood,219.2,2.98,0.73,0.3,3.51,83804,819423,294152.0,-525271.0,5429,0.647,58.4,-44894.96,70036.15,25141.2
SF11005,Karnataka,Erode,Pulses,Rabi,8.64,332.1,27.1,71.0,4.4,7.38,17.0,113.3,26.6,110.3,Rainfed,138.5,5.67,0.95,0.65,5.62,68644,464977,385779.0,-79198.0,1592,3.53,51.7,-9166.44,53816.78,44650.35
SF11006,Punjab,Erode,Chilli,Zaid,12.44,476.6,30.8,37.1,7.6,7.0,23.2,152.8,56.7,158.2,Sprinkler,194.1,3.29,0.88,2.13,26.5,104523,827622,2769860.0,1942238.0,8044,3.294,45.0,156128.46,66529.1,222657.56
SF11007,Gujarat,Raichur,Sugarcane,Rabi,11.78,575.8,27.1,52.5,5.1,6.72,15.4,117.2,25.0,124.0,Flood,196.1,3.96,1.0,71.95,847.57,3650,918631,3093630.0,2174999.0,29132,29.094,40.4,184634.89,77982.26,262617.15
SF11008,Punjab,Raichur,Groundnut,Kharif,14.46,1050.6,27.1,68.8,9.4,6.27,29.5,84.0,49.8,84.2,Sprinkler,233.8,8.87,0.87,1.36,19.67,54215,980642,1066409.0,85767.0,6194,3.176,55.8,5931.33,67817.57,73748.89
SF11009,Madhya Pradesh,Ludhiana,Wheat,Kharif,14.7,649.2,27.9,82.7,7.6,6.33,33.4,121.8,57.7,86.2,Drip,262.7,5.75,0.78,3.23,47.48,23032,1051409,1093559.0,42150.0,8019,5.921,39.7,2867.35,71524.42,74391.77
SF11010,Telangana,Raichur,Wheat,Kharif,9.18,726.0,30.3,54.6,8.2,7.58,28.0,110.5,45.6,83.4,Rainfed,181.2,2.19,0.94,1.21,11.11,21469,575091,238521.0,-336570.0,2688,4.133,49.6,-36663.4,62646.08,25982.68
SF11011,Punjab,Krishna,Groundnut,Kharif,5.04,871.2,29.0,88.4,7.8,5.94,38.9,108.5,64.9,53.9,Rainfed,139.7,5.71,1.0,0.87,4.38,53185,261906,232950.0,-28956.0,1418,3.089,50.1,-5745.24,51965.48,46220.24
SF11012,Telangana,Warangal,Maize,Kharif,6.58,1186.2,29.6,78.2,7.1,7.14,35.9,147.7,52.1,100.2,Sprinkler,234.7,3.69,0.99,2.71,17.83,19516,455271,347970.0,-107301.0,3618,4.928,68.7,-16307.14,69190.12,52882.98
SF11013,Maharashtra,Rajkot,Cotton,Rabi,11.06,500.6,20.1,57.0,6.6,6.68,22.3,107.7,42.3,78.9,Sprinkler,281.5,6.64,0.86,1.39,15.37,65519,805185,1007027.0,201842.0,9063,1.696,44.9,18249.73,72801.54,91051.27
SF11014,Maharashtra,Rajkot,Groundnut,Rabi,1.61,419.9,22.4,43.1,6.1,6.02,21.9,74.5,30.8,139.2,Rainfed,79.2,5.15,0.94,0.75,1.21,52204,69918,63167.0,-6751.0,481,2.516,25.5,-4193.17,43427.33,39234.16
SF11015,Tamil Nadu,Ludhiana,Rice,Rabi,11.04,462.6,27.0,60.8,5.8,6.71,16.9,121.6,72.2,138.6,Sprinkler,229.8,7.0,0.73,3.76,41.51,21015,804823,872333.0,67510.0,16856,2.463,40.3,6115.04,72900.63,79015.67
SF11016,Karnataka,Nalgonda,Wheat,Kharif,8.7,933.9,24.8,79.4,7.6,7.81,27.8,92.0,49.4,88.1,Flood,193.1,6.16,0.96,0.61,5.31,20651,497878,109657.0,-388221.0,5620,0.945,57.0,-44623.1,57227.36,12604.25
SF11017,Punjab,Nashik,Rice,Zaid,6.79,92.0,33.9,61.3,9.4,6.61,21.6,136.3,39.9,117.8,Flood,172.5,5.18,0.65,2.28,15.48,24361,457099,377108.0,-79991.0,11653,1.328,47.4,-11780.71,67319.44,55538.73
SF11018,Andhra Pradesh,Guntur,Wheat,Kharif,12.63,993.9,28.1,64.5,6.1,7.66,37.8,95.4,70.3,96.7,Sprinkler,76.0,4.12,0.88,1.1,13.89,23013,719702,319651.0,-400051.0,7447,1.865,56.6,-31674.66,56983.53,25308.87
SF11019,Madhya Pradesh,Guntur,Pulses,Kharif,2.41,913.8,27.5,73.3,8.1,5.77,23.5,108.6,37.2,76.3,Rainfed,291.3,3.75,0.96,0.41,0.99,72595,150049,71869.0,-78180.0,480,2.062,51.1,-32439.83,62261.0,29821.16
SF11020,Tamil Nadu,Warangal,Groundnut,Zaid,9.28,396.0,26.7,63.0,8.7,7.06,15.4,136.7,67.6,137.6,Sprinkler,120.9,5.17,0.92,1.44,13.36,58201,666324,777565.0,111241.0,4336,3.081,32.5,11987.18,71802.16,83789.33
SF11021,Andhra Pradesh,Krishna,Maize,Rabi,3.65,454.3,23.3,39.9,9.1,7.06,22.6,117.8,23.8,87.3,Rainfed,195.9,4.32,0.69,2.9,10.58,17636,225248,186589.0,-38659.0,1261,8.39,39.3,-10591.51,61711.78,51120.27
SF11022,Andhra Pradesh,Krishna,Chilli,Kharif,5.72,849.0,27.0,70.6,7.6,6.33,26.0,148.5,56.4,102.4,Rainfed,213.0,4.72,0.69,2.37,13.56,105571,413506,1431543.0,1018037.0,1658,8.179,43.8,177978.5,72291.26,250269.76
SF11023,Maharashtra,Raichur,Wheat,Rabi,13.89,289.6,30.6,55.8,6.3,6.32,26.7,144.8,53.7,102.9,Flood,135.2,3.27,0.98,2.33,32.36,26353,760622,852783.0,92161.0,9311,3.475,51.2,6635.06,54760.4,61395.46
SF11024,Andhra Pradesh,Krishna,Groundnut,Kharif,5.98,694.3,30.3,83.8,7.1,5.97,30.4,182.1,44.5,164.6,Drip,112.7,5.7,0.82,1.22,7.3,63484,333421,463433.0,130012.0,3212,2.273,55.9,21741.14,55756.02,77497.16
SF11025,Maharashtra,Ludhiana,Sugarcane,Kharif,14.62,772.3,28.7,53.3,6.1,7.03,28.5,115.6,62.7,84.9,Rainfed,280.7,7.41,0.9,57.3,837.73,3026,1165460,2534971.0,1369511.0,15732,53.25,37.0,93673.8,79716.83,173390.63
SF11026,Andhra Pradesh,Erode,Maize,Kharif,12.9,974.3,28.8,77.1,7.9,7.26,41.1,171.3,69.3,102.0,Rainfed,225.5,4.17,0.68,2.9,37.41,22744,1008127,850853.0,-157274.0,3623,10.326,44.9,-12191.78,78149.38,65957.6
SF11027,Madhya Pradesh,Warangal,Wheat,Zaid,6.25,307.8,32.1,60.1,6.9,7.36,19.7,180.9,83.0,124.4,Drip,174.3,5.38,0.74,1.9,11.88,25991,431818,308773.0,-123045.0,3236,3.671,40.8,-19687.2,69090.88,49403.68
SF11028,Andhra Pradesh,Rajkot,Maize,Zaid,5.76,180.5,28.7,60.4,8.2,6.29,20.9,169.7,83.6,106.6,Flood,190.0,8.44,0.95,2.14,12.33,19670,387186,242531.0,-144655.0,4553,2.708,37.1,-25113.72,67219.79,42106.08
SF11029,Maharashtra,Nalgonda,Maize,Rabi,14.75,481.4,25.7,68.7,8.0,8.34,22.1,124.6,28.1,101.6,Sprinkler,82.1,7.19,0.89,0.3,4.42,25162,877411,111216.0,-766195.0,9504,0.465,58.9,-51945.42,59485.49,7540.07
SF11030,Karnataka,Nalgonda,Rice,Rabi,12.58,754.4,25.7,48.2,7.4,6.33,28.0,120.0,48.0,74.6,Drip,165.2,7.42,0.82,4.02,50.57,20632,795906,1043360.0,247454.0,18237,2.773,36.5,19670.43,63267.57,82938.0
SF11031,Punjab,Warangal,Maize,Kharif,10.64,819.0,32.2,67.4,6.7,5.81,25.7,122.0,72.1,144.0,Rainfed,162.8,2.66,0.71,1.52,16.17,21391,649464,345892.0,-303572.0,3071,5.265,63.0,-28531.2,61039.85,32508.65
SF11032,Gujarat,Indore,Pulses,Rabi,10.6,308.5,20.9,65.6,6.1,6.92,27.5,162.5,56.8,104.1,Flood,206.4,6.9,0.85,0.94,9.96,84803,771530,844638.0,73108.0,4692,2.123,32.5,6896.98,72785.85,79682.83
SF11033,Karnataka,Guntur,Groundnut,Rabi,10.58,264.5,21.1,68.3,8.2,8.25,27.4,78.6,25.1,96.8,Flood,144.5,5.35,0.7,0.3,3.17,55460,697797,175808.0,-521989.0,6176,0.513,37.6,-49337.33,65954.35,16617.01
SF11034,Punjab,Krishna,Groundnut,Rabi,13.63,396.4,22.8,61.1,8.2,6.64,37.8,140.1,91.4,93.6,Rainfed,40.0,3.79,0.82,1.72,23.44,61932,800414,1451686.0,651272.0,3945,5.942,34.6,47782.25,58724.43,106506.68
SF11035,Madhya Pradesh,Krishna,Maize,Kharif,14.91,813.7,29.7,66.5,7.7,6.81,28.2,125.2,49.6,72.0,Drip,149.1,0.93,0.99,4.73,70.52,20277,1043039,1429934.0,386895.0,7152,9.86,57.3,25948.69,69955.67,95904.36
SF11036,Maharashtra,Raichur,Pulses,Kharif,4.33,672.3,29.5,75.8,6.5,6.64,25.8,113.4,46.5,81.4,Rainfed,134.3,4.88,0.65,1.37,5.93,88317,259172,523720.0,264548.0,924,6.418,50.6,61096.54,59854.97,120951.5
SF11037,Punjab,Erode,Chilli,Zaid,5.41,287.8,31.7,45.7,8.9,6.63,17.4,84.0,73.8,82.8,Rainfed,122.6,2.91,0.86,1.45,7.84,92549,366661,725584.0,358923.0,1734,4.521,33.0,66344.36,67774.68,134119.04
SF11038,Karnataka,Rajkot,Cotton,Zaid,4.06,80.0,30.9,49.5,9.7,6.16,18.5,137.6,49.2,89.8,Rainfed,183.1,3.66,0.94,0.6,2.44,68523,303692,167196.0,-136496.0,1519,1.606,29.6,-33619.7,74800.99,41181.28
SF11039,Punjab,Indore,Maize,Rabi,5.82,627.5,22.2,56.8,7.7,7.64,16.0,123.1,73.1,114.2,Flood,216.3,6.85,0.99,1.5,8.73,18681,394629,163085.0,-231544.0,4425,1.973,33.4,-39784.19,67805.67,28021.48
SF11040,Telangana,Ludhiana,Cotton,Rabi,5.26,474.4,22.8,53.2,6.6,6.14,16.1,137.5,39.4,82.9,Rainfed,197.3,3.37,0.66,0.88,4.63,66334,290949,307126.0,16177.0,1708,2.711,46.6,3075.48,55313.5,58388.97
SF11041,Maharashtra,Guntur,Cotton,Rabi,7.93,712.9,23.9,53.1,6.9,7.21,20.7,124.8,39.7,122.8,Rainfed,120.0,0.5,0.81,1.43,11.34,74715,416457,847268.0,430811.0,3328,3.407,57.1,54326.73,52516.65,106843.38
SF11042,Punjab,Guntur,Pulses,Kharif,13.66,713.0,31.0,67.8,8.1,7.47,33.2,115.2,63.7,130.7,Drip,219.1,3.59,0.84,0.74,10.11,67535,990747,682779.0,-307968.0,4882,2.071,36.4,-22545.24,72529.06,49983.82
SF11043,Andhra Pradesh,Raichur,Pulses,Rabi,6.86,362.5,24.2,67.0,7.0,5.99,25.4,139.0,58.6,140.9,Rainfed,203.9,5.07,0.7,0.58,3.98,72629,482253,289063.0,-193190.0,1548,2.571,47.6,-28161.81,70299.27,42137.46
SF11044,Punjab,Warangal,Chilli,Rabi,14.77,80.0,26.9,66.0,8.2,7.37,24.9,128.3,74.2,85.5,Sprinkler,187.4,5.83,0.98,1.42,20.97,101778,1122583,2134285.0,1011702.0,8858,2.367,40.1,68497.09,76004.27,144501.35
SF11045,Karnataka,Erode,Pulses,Kharif,4.3,823.0,29.9,58.7,7.0,7.46,24.9,86.0,77.9,86.3,Flood,153.6,4.67,0.87,0.65,2.8,74864,309715,209619.0,-100096.0,1836,1.525,53.2,-23278.14,72026.74,48748.6
SF11046,Tamil Nadu,Indore,Pulses,Rabi,6.46,443.9,23.1,64.1,7.3,7.3,24.6,142.1,54.2,120.2,Sprinkler,86.0,8.43,0.65,0.9,5.81,55949,411731,325064.0,-86667.0,2119,2.742,36.5,-13415.94,63735.45,50319.5
SF11047,Telangana,Rajkot,Pulses,Zaid,2.6,253.7,27.9,58.4,8.5,6.22,21.3,92.1,57.4,83.1,Sprinkler,163.4,3.49,0.82,0.82,2.13,68754,175314,146446.0,-28868.0,964,2.21,42.1,-11103.08,67428.46,56325.38
SF11048,Karnataka,Raichur,Rice,Kharif,1.33,857.9,27.7,62.2,7.2,6.72,38.8,55.6,50.1,96.2,Rainfed,92.8,4.18,0.93,3.76,5.0,26665,62938,133325.0,70387.0,1075,4.651,51.0,52922.56,47321.8,100244.36
SF11049,Andhra Pradesh,Ludhiana,Cotton,Kharif,10.01,768.3,31.7,65.7,6.7,5.85,32.8,79.3,61.2,66.6,Drip,297.6,6.12,0.71,0.68,6.81,73363,814037,499602.0,-314435.0,7780,0.875,52.1,-31412.09,81322.38,49910.29
SF11050,Telangana,Nashik,Cotton,Rabi,2.6,487.8,25.5,47.6,7.2,6.09,24.3,106.0,25.9,86.4,Drip,40.0,8.39,0.96,1.12,2.91,74988,162720,218215.0,55495.0,1431,2.034,27.3,21344.23,62584.62,83928.85
SF11051,Andhra Pradesh,Rajkot,Rice,Kharif,13.04,1131.6,26.9,86.2,6.5,7.41,35.4,215.7,45.1,112.9,Drip,202.5,3.77,0.68,2.14,27.91,20774,933397,579802.0,-353595.0,18127,1.54,51.4,-27116.18,71579.52,44463.34
SF11052,Telangana,Nalgonda,Groundnut,Kharif,3.28,793.8,29.4,63.6,7.3,6.81,36.6,150.4,39.3,116.2,Drip,104.8,8.08,0.69,2.31,7.58,54109,237809,410146.0,172337.0,1490,5.087,55.0,52541.77,72502.74,125044.51
SF11053,Andhra Pradesh,Nalgonda,Cotton,Rabi,0.67,540.7,25.7,62.3,7.7,7.09,21.4,135.4,49.1,41.2,Rainfed,180.4,5.55,0.78,1.36,0.91,63585,39043,57862.0,18819.0,340,2.676,48.3,28088.06,58273.13,86361.19
SF11054,Telangana,Indore,Groundnut,Rabi,10.58,360.6,23.9,56.7,8.0,5.75,21.6,74.2,42.5,111.0,Rainfed,178.9,4.08,0.71,0.49,5.18,58702,551491,304076.0,-247415.0,2824,1.834,33.2,-23385.16,52125.8,28740.64
SF11055,Telangana,Nalgonda,Cotton,Zaid,3.64,538.1,29.4,53.4,8.5,6.96,16.5,83.9,56.2,112.1,Drip,95.5,6.39,0.96,1.73,6.3,65388,146483,411944.0,265461.0,2190,2.877,32.0,72928.85,40242.58,113171.43
SF11056,Madhya Pradesh,Raichur,Groundnut,Kharif,3.94,897.8,28.7,63.1,6.5,6.44,32.6,134.4,77.0,124.7,Flood,94.1,5.98,0.96,1.88,7.41,64489,245874,477863.0,231989.0,2417,3.066,45.3,58880.46,62404.57,121285.03
SF11057,Telangana,Raichur,Sugarcane,Kharif,10.4,1299.5,32.1,86.8,7.8,6.85,32.8,59.3,62.6,139.4,Rainfed,228.4,5.67,0.72,47.4,492.96,3684,660037,1816065.0,1156028.0,10664,46.227,88.9,111156.54,63465.1,174621.63
SF11058,Karnataka,Krishna,Wheat,Kharif,0.94,732.8,26.9,74.7,7.1,6.94,25.6,160.1,70.2,99.5,Rainfed,169.8,5.18,0.79,3.14,2.95,23803,42635,70219.0,27584.0,309,9.547,47.5,29344.68,45356.38,74701.06
SF11059,Punjab,Indore,Sugarcane,Kharif,3.04,1111.1,29.7,54.5,8.2,7.45,37.1,149.7,70.6,101.3,Drip,242.8,4.46,0.87,32.79,99.68,3061,197135,305120.0,107985.0,4334,23.0,48.7,35521.38,64847.04,100368.42
SF11060,Madhya Pradesh,Erode,Rice,Rabi,12.56,727.8,22.5,65.0,7.5,6.18,23.7,110.2,52.2,101.1,Sprinkler,230.6,6.9,0.89,3.14,39.44,23271,889584,917808.0,28224.0,20531,1.921,47.7,2247.13,70826.75,73073.89
SF11061,Madhya Pradesh,Rajkot,Cotton,Rabi,6.22,519.4,19.0,57.3,7.9,6.73,21.3,55.5,62.8,105.5,Drip,230.0,5.56,0.81,1.58,9.83,69064,448555,678899.0,230344.0,4047,2.429,37.4,37032.8,72114.95,109147.75
SF11062,Punjab,Nalgonda,Sugarcane,Kharif,8.78,615.5,28.7,54.3,6.4,7.96,36.6,63.6,71.7,74.6,Drip,213.3,6.75,0.67,11.26,98.86,3550,593048,350953.0,-242095.0,10608,9.319,32.6,-27573.46,67545.33,39971.87
SF11063,Tamil Nadu,Guntur,Sugarcane,Kharif,10.23,968.2,28.1,94.8,5.0,6.6,24.7,101.6,71.8,64.3,Rainfed,177.1,3.76,0.72,68.5,700.76,4259,632815,2984537.0,2351722.0,10710,65.43,72.7,229884.85,61858.75,291743.6
SF11064,Punjab,Indore,Rice,Kharif,13.07,1093.1,29.3,93.3,6.6,7.36,30.7,96.1,53.2,115.5,Flood,217.7,4.7,0.66,1.9,24.83,23821,997013,591475.0,-405538.0,22284,1.114,64.7,-31028.16,76282.56,45254.4
SF11065,Punjab,Ludhiana,Wheat,Kharif,12.78,882.4,27.7,67.7,5.7,6.49,32.9,133.5,36.3,124.7,Drip,81.7,3.53,0.65,3.77,48.18,24954,898875,1202284.0,303409.0,6619,7.279,65.2,23740.92,70334.51,94075.43
SF11066,Andhra Pradesh,Ludhiana,Rice,Rabi,6.07,80.0,25.7,58.1,6.8,6.68,23.2,93.6,59.8,65.0,Rainfed,245.6,5.43,0.96,2.3,13.96,22971,402266,320675.0,-81591.0,4874,2.864,35.7,-13441.68,66271.17,52829.49
SF11067,Karnataka,Nashik,Pulses,Rabi,12.65,403.1,24.6,64.7,7.7,6.64,26.0,77.1,44.7,116.3,Drip,352.6,1.71,0.84,1.37,17.33,63546,842931,1101252.0,258321.0,4699,3.688,53.5,20420.63,66634.86,87055.49
SF11068,Tamil Nadu,Rajkot,Sugarcane,Rabi,6.52,348.9,21.9,42.8,6.4,7.12,23.4,159.3,107.3,108.7,Rainfed,229.3,9.34,0.74,45.48,296.53,2916,490823,864681.0,373858.0,6558,45.217,24.9,57340.18,75279.6,132619.79
SF11069,Madhya Pradesh,Warangal,Sugarcane,Kharif,7.42,583.1,24.4,83.4,5.7,6.27,23.9,62.6,41.5,99.4,Flood,99.8,6.32,0.87,56.47,419.01,3397,456928,1423377.0,966449.0,14010,29.908,49.7,130249.19,61580.59,191829.78
SF11070,Tamil Nadu,Raichur,Pulses,Rabi,3.9,380.5,27.7,80.0,9.5,5.98,22.5,88.0,25.1,74.5,Sprinkler,182.3,3.43,0.88,0.59,2.3,65729,279401,151177.0,-128224.0,1332,1.727,57.1,-32877.95,71641.28,38763.33
SF11071,Tamil Nadu,Nalgonda,Pulses,Kharif,1.34,1097.6,29.5,62.6,6.8,6.36,39.6,183.8,46.1,91.2,Sprinkler,114.0,1.52,0.99,1.33,1.78,68587,82226,122085.0,39859.0,539,3.302,68.8,29745.52,61362.69,91108.21
SF11072,Gujarat,Guntur,Chilli,Rabi,8.87,83.9,26.8,34.0,7.9,6.85,25.4,133.6,50.3,158.0,Drip,292.2,6.61,0.76,2.43,21.55,121953,615755,2628087.0,2012332.0,4804,4.486,20.9,226869.45,69419.95,296289.4
SF11073,Punjab,Nashik,Maize,Rabi,11.28,266.4,24.5,52.3,6.3,7.91,19.1,130.6,63.9,60.5,Rainfed,136.6,6.72,0.86,0.45,5.08,22474,777105,114168.0,-662937.0,3735,1.36,36.2,-58771.01,68892.29,10121.28
SF11074,Punjab,Warangal,Cotton,Zaid,14.11,142.7,31.0,48.7,8.9,6.22,13.6,120.5,56.6,69.3,Flood,83.6,4.36,0.87,0.85,11.99,63759,860188,764470.0,-95718.0,13111,0.914,42.7,-6783.7,60963.0,54179.31
SF11075,Telangana,Erode,Rice,Kharif,7.18,854.2,25.9,88.0,6.4,6.67,34.2,146.8,66.1,132.1,Sprinkler,194.4,7.21,0.86,4.98,35.76,20009,512697,715522.0,202825.0,11654,3.068,55.1,28248.61,71406.27,99654.87
SF11076,Andhra Pradesh,Warangal,Sugarcane,Kharif,6.11,780.2,29.9,77.2,6.1,6.91,22.1,109.5,69.9,66.9,Rainfed,122.5,8.48,0.79,69.39,423.97,3211,420473,1361368.0,940895.0,7437,57.008,56.8,153992.64,68817.18,222809.82
SF11077,Gujarat,Erode,Cotton,Kharif,6.09,1209.9,29.2,68.5,5.7,7.29,34.6,170.9,96.0,93.5,Sprinkler,206.1,1.88,0.73,1.13,6.88,70217,402164,483093.0,80929.0,4560,1.509,59.7,13288.83,66036.78,79325.62
SF11078,Karnataka,Ludhiana,Cotton,Rabi,8.69,362.7,23.0,52.3,9.1,6.45,24.9,108.3,54.4,147.2,Flood,225.2,6.19,0.7,1.13,9.82,65717,623304,645341.0,22037.0,6446,1.523,27.9,2535.9,71726.58,74262.49
SF11079,Madhya Pradesh,Nalgonda,Pulses,Rabi,10.56,611.7,21.3,57.9,9.1,7.68,30.6,111.2,65.4,119.2,Drip,220.3,2.94,0.98,0.37,3.91,65161,654685,254780.0,-399905.0,3540,1.105,50.8,-37869.79,61996.69,24126.89
SF11080,Madhya Pradesh,Raichur,Cotton,Rabi,11.6,562.2,21.9,78.0,8.2,6.88,25.2,124.3,52.7,91.9,Flood,40.0,2.76,0.85,1.75,20.3,69335,681034,1407500.0,726466.0,12546,1.618,57.9,62626.38,58709.83,121336.21
SF11081,Punjab,Warangal,Pulses,Kharif,7.63,918.1,31.2,72.3,7.1,6.33,34.8,168.2,35.4,106.7,Flood,103.9,5.17,0.85,1.05,8.01,69691,456646,558225.0,101579.0,3476,2.304,66.6,13313.11,59848.75,73161.86
SF11082,Maharashtra,Guntur,Rice,Kharif,2.43,864.1,32.5,55.5,6.6,7.36,33.1,113.2,76.1,143.3,Flood,153.0,5.68,0.66,2.07,5.03,20908,172081,105167.0,-66914.0,5025,1.001,49.0,-27536.63,70815.23,43278.6
SF11083,Punjab,Krishna,Chilli,Rabi,4.61,392.6,25.4,59.9,6.4,7.22,21.2,54.3,53.5,128.9,Rainfed,238.0,8.27,0.85,1.24,5.72,101144,343072,578544.0,235472.0,1636,3.496,30.2,51078.52,74419.09,125497.61
SF11084,Maharashtra,Krishna,Rice,Kharif,14.47,1181.2,28.6,79.5,7.4,7.52,35.8,125.0,93.7,147.6,Flood,204.5,5.89,0.71,1.4,20.26,20305,1005633,411379.0,-594254.0,22294,0.909,61.8,-41068.0,69497.79,28429.79
SF11085,Telangana,Erode,Chilli,Kharif,5.67,1171.1,33.6,65.4,6.4,7.8,24.3,106.8,26.9,151.9,Sprinkler,196.4,7.05,0.98,0.37,2.1,116661,321376,244988.0,-76388.0,3233,0.65,60.5,-13472.31,56680.07,43207.76
SF11086,Gujarat,Warangal,Cotton,Rabi,12.22,99.1,26.3,63.9,6.5,6.23,20.3,154.0,50.4,90.4,Drip,180.5,5.88,0.75,1.2,14.66,59780,816272,876375.0,60103.0,7636,1.92,34.4,4918.41,66798.04,71716.45
SF11087,Maharashtra,Erode,Rice,Rabi,10.34,367.1,19.6,43.7,6.4,6.33,30.5,137.9,74.6,118.3,Drip,145.2,6.05,0.86,2.81,29.06,20151,724665,585588.0,-139077.0,12856,2.26,32.7,-13450.39,70083.66,56633.27
SF11088,Andhra Pradesh,Guntur,Rice,Rabi,4.18,250.7,21.3,61.7,7.5,6.95,19.6,123.9,54.2,122.2,Flood,192.3,2.26,0.83,2.18,9.11,26102,261102,237789.0,-23313.0,9115,0.999,50.6,-5577.27,62464.59,56887.32
SF11089,Gujarat,Rajkot,Cotton,Kharif,0.61,905.1,31.0,83.1,7.1,6.3,30.1,165.0,50.4,113.2,Drip,220.7,3.91,0.69,1.94,1.18,61002,40825,71982.0,31157.0,440,2.682,55.0,51077.05,66926.23,118003.28
SF11090,Maharashtra,Ludhiana,Sugarcane,Rabi,7.05,195.2,26.6,62.7,8.4,6.54,28.5,74.6,15.0,135.9,Sprinkler,193.9,4.13,0.99,44.19,311.54,3357,556453,1045840.0,489387.0,10925,28.516,45.6,69416.6,78929.5,148346.1
SF11091,Maharashtra,Indore,Maize,Rabi,13.28,359.9,25.6,60.0,6.9,7.31,28.5,139.5,67.1,119.1,Flood,193.7,6.23,0.78,1.83,24.3,20595,837053,500458.0,-336595.0,12055,2.016,33.8,-25346.01,63031.1,37685.09
SF11092,Punjab,Ludhiana,Chilli,Rabi,12.31,471.1,24.3,57.3,6.5,6.36,30.2,141.4,64.1,102.1,Flood,180.2,3.55,0.65,1.7,20.93,120569,856215,2523509.0,1667294.0,8330,2.513,42.2,135442.24,69554.43,204996.67
SF11093,Punjab,Indore,Sugarcane,Rabi,12.79,317.2,19.2,64.6,7.9,7.28,29.2,129.6,56.4,91.7,Flood,181.6,6.69,0.82,32.24,412.35,3098,997501,1277460.0,279959.0,29011,14.214,46.7,21888.9,77990.7,99879.59
SF11094,Karnataka,Rajkot,Wheat,Rabi,10.03,586.4,22.9,68.3,8.6,7.23,24.9,135.6,45.4,30.0,Flood,256.0,1.16,0.81,2.37,23.77,25127,676529,597269.0,-79260.0,5620,4.23,70.4,-7902.29,67450.55,59548.26
SF11095,Punjab,Erode,Pulses,Rabi,7.58,417.9,21.0,62.7,7.9,6.2,21.4,150.7,81.9,132.5,Flood,175.7,8.76,0.91,1.0,7.58,85664,564198,649333.0,85135.0,3514,2.157,14.7,11231.53,74432.45,85663.98
SF11096,Karnataka,Rajkot,Cotton,Kharif,6.44,976.7,26.5,79.0,6.8,7.05,30.7,117.6,62.8,139.2,Drip,288.1,4.18,0.79,2.19,14.1,65263,491558,920208.0,428650.0,4483,3.145,62.5,66560.56,76328.88,142889.44
SF11097,Madhya Pradesh,Nashik,Cotton,Rabi,14.36,215.8,25.7,57.3,9.1,6.4,18.6,117.6,43.6,110.2,Flood,132.8,7.37,0.98,1.4,20.1,73046,995381,1468225.0,472844.0,12946,1.553,35.8,32927.86,69316.23,102244.08
SF11098,Andhra Pradesh,Krishna,Groundnut,Kharif,3.19,943.3,33.0,69.8,7.4,6.43,29.4,74.8,56.9,109.1,Sprinkler,253.3,8.36,0.87,1.37,4.37,69542,222519,303899.0,81380.0,1487,2.939,37.0,25510.97,69755.17,95266.14
SF11099,Telangana,Ludhiana,Groundnut,Kharif,14.19,986.9,31.2,51.5,7.2,6.53,28.6,134.5,77.5,126.7,Flood,256.3,5.54,0.75,1.76,24.97,54512,1076788,1361165.0,284377.0,9288,2.688,43.0,20040.66,75883.58,95924.24
SF11100,Gujarat,Krishna,Maize,Rabi,5.09,537.7,26.5,44.3,6.6,6.35,25.1,149.6,52.0,122.5,Rainfed,283.3,4.62,0.96,3.55,18.07,22625,404781,408834.0,4053.0,1821,9.923,43.8,796.27,79524.75,80321.02
SF11101,Andhra Pradesh,Nashik,Maize,Kharif,14.79,980.5,29.5,59.0,7.0,6.83,22.6,120.2,67.2,94.1,Drip,220.3,2.49,0.73,4.7,69.51,19245,867065,1337720.0,470655.0,7889,8.811,56.2,31822.52,58625.08,90447.6
SF11102,Tamil Nadu,Nashik,Wheat,Rabi,9.5,859.7,21.4,66.9,7.7,5.63,20.4,100.3,52.4,126.8,Flood,108.8,3.99,0.83,0.75,7.12,25273,615830,179944.0,-435886.0,6805,1.046,53.6,-45882.74,64824.21,18941.47
SF11103,Punjab,Krishna,Wheat,Zaid,2.63,80.0,26.7,26.7,7.3,6.14,12.1,81.6,72.1,109.3,Rainfed,184.8,5.91,0.67,1.22,3.21,23973,180919,76953.0,-103966.0,825,3.891,21.2,-39530.8,68790.49,29259.7
SF11104,Punjab,Krishna,Chilli,Rabi,3.75,362.8,25.5,47.2,6.2,5.59,17.3,145.3,52.9,135.1,Flood,213.7,3.44,0.66,0.42,1.58,94778,198424,149749.0,-48675.0,3357,0.471,35.7,-12980.0,52913.07,39933.07
SF11105,Andhra Pradesh,Krishna,Rice,Kharif,5.32,699.8,33.8,68.9,7.4,6.75,27.2,130.5,104.7,140.1,Flood,336.8,5.05,0.97,4.56,24.26,20121,442360,488135.0,45775.0,9206,2.635,57.1,8604.32,83150.38,91754.7
SF11106,Telangana,Erode,Cotton,Rabi,13.23,479.9,24.3,56.3,8.8,5.69,17.9,162.6,60.9,113.0,Drip,291.4,4.92,0.94,0.54,7.14,56683,1065611,404717.0,-660894.0,8697,0.821,48.5,-49954.2,80545.05,30590.85
SF11107,Punjab,Krishna,Maize,Kharif,8.71,783.9,27.8,72.9,7.7,5.94,39.3,166.9,71.9,170.0,Sprinkler,207.2,2.83,0.92,3.25,28.31,21374,598488,605098.0,6610.0,4968,5.698,57.7,758.9,68712.74,69471.64
SF11108,Punjab,Erode,Sugarcane,Kharif,11.79,926.4,28.3,56.4,6.4,7.33,33.5,114.9,54.1,97.8,Flood,200.1,0.5,0.92,47.41,558.96,3250,731958,1816620.0,1084662.0,26126,21.395,63.4,91998.47,62082.95,154081.42
SF11109,Madhya Pradesh,Warangal,Wheat,Rabi,9.46,435.3,23.3,54.3,7.1,7.57,28.6,111.0,22.2,109.9,Drip,221.9,1.09,0.99,0.95,8.99,22934,684633,206177.0,-478456.0,4458,2.017,59.1,-50576.74,72371.35,21794.61
SF11110,Punjab,Nalgonda,Sugarcane,Rabi,2.03,350.6,21.7,69.5,8.2,6.8,22.2,65.6,65.3,115.0,Flood,252.5,7.96,0.97,45.21,91.78,3316,154906,304342.0,149436.0,4984,18.415,20.1,73613.79,76308.37,149922.17
SF11111,Madhya Pradesh,Indore,Chilli,Rabi,9.36,210.8,22.0,60.3,8.6,6.5,23.6,117.2,70.7,109.8,Rainfed,137.9,1.82,0.7,1.69,15.82,115031,542991,1819790.0,1276799.0,3152,5.019,52.1,136410.15,58011.86,194422.01
SF11112,Andhra Pradesh,Warangal,Pulses,Rabi,5.91,739.7,23.6,50.5,7.7,6.45,20.5,167.7,58.7,48.8,Flood,242.2,3.38,0.84,1.26,7.45,75650,463972,563592.0,99620.0,3341,2.23,63.4,16856.18,78506.26,95362.44
SF11113,Tamil Nadu,Indore,Groundnut,Zaid,4.84,444.1,30.8,57.2,9.8,7.01,17.2,125.9,57.7,89.3,Drip,171.4,3.01,0.96,1.62,7.84,49204,322694,385759.0,63065.0,2094,3.744,44.1,13029.96,66672.31,79702.27
SF11114,Madhya Pradesh,Rajkot,Groundnut,Kharif,9.87,964.0,25.5,64.1,5.7,5.97,35.2,138.1,43.4,92.0,Rainfed,243.3,6.13,0.94,0.84,8.29,58347,763002,483697.0,-279305.0,2500,3.316,36.4,-28298.38,77305.17,49006.79
SF11115,Karnataka,Krishna,Rice,Kharif,3.24,894.5,26.8,72.6,5.5,7.56,26.3,109.1,42.3,137.7,Rainfed,57.5,8.79,0.92,1.54,4.99,23138,180145,115459.0,-64686.0,2734,1.825,48.7,-19964.81,55600.31,35635.49
SF11116,Maharashtra,Rajkot,Rice,Zaid,11.3,174.4,33.6,52.1,9.4,7.58,19.5,116.2,33.9,90.8,Flood,101.0,4.03,0.88,0.88,9.94,21552,680348,214227.0,-466121.0,19359,0.513,38.1,-41249.65,60207.79,18958.14
SF11117,Telangana,Indore,Cotton,Kharif,12.46,592.2,28.6,80.3,7.5,6.16,45.5,125.2,55.4,93.2,Drip,141.8,7.99,0.69,1.93,24.05,68174,749236,1639585.0,890349.0,7828,3.072,36.7,71456.58,60131.3,131587.88
SF11118,Andhra Pradesh,Krishna,Pulses,Zaid,11.56,194.2,32.9,49.4,9.1,8.2,24.1,157.8,59.8,92.8,Flood,267.7,3.8,0.74,0.3,3.47,64129,691146,222528.0,-468618.0,4980,0.697,38.4,-40537.89,59787.72,19249.83
SF11119,Tamil Nadu,Warangal,Chilli,Kharif,14.93,715.2,30.7,49.6,7.4,6.42,30.6,132.5,38.1,77.6,Drip,264.1,5.82,0.77,2.74,40.91,92226,1109069,3772966.0,2663897.0,8362,4.892,45.7,178425.79,74284.59,252710.38
SF11120,Andhra Pradesh,Erode,Cotton,Kharif,14.7,1264.4,30.0,51.2,7.6,5.9,26.9,117.3,74.3,97.5,Flood,140.1,6.32,0.93,0.6,8.82,78921,1100207,696083.0,-404124.0,17513,0.504,54.8,-27491.43,74844.01,47352.59
SF11121,Telangana,Erode,Rice,Kharif,11.41,788.7,27.0,72.6,6.0,6.81,24.9,142.0,56.3,30.0,Rainfed,259.9,3.65,0.82,3.79,43.24,20690,644166,894636.0,250470.0,8300,5.21,63.1,21951.8,56456.27,78408.06
SF11122,Maharashtra,Erode,Cotton,Rabi,0.51,336.5,22.8,59.9,6.1,6.4,21.1,121.6,63.8,140.5,Rainfed,171.1,6.4,0.87,1.09,0.56,70858,31404,39680.0,8276.0,191,2.932,41.9,16227.45,61576.47,77803.92
SF11123,Madhya Pradesh,Warangal,Rice,Kharif,14.61,922.5,29.7,81.8,6.2,6.84,30.6,175.7,62.4,105.7,Rainfed,205.0,1.67,0.92,3.33,48.65,19239,989789,935977.0,-53812.0,11593,4.196,74.6,-3683.23,67747.36,64064.13
SF11124,Maharashtra,Nashik,Cotton,Zaid,1.52,354.5,30.4,50.6,7.4,6.97,19.9,167.9,57.5,115.9,Flood,208.3,6.95,0.81,1.36,2.07,58305,112113,120691.0,8578.0,1420,1.458,40.7,5643.42,73758.55,79401.97
SF11125,Maharashtra,Nalgonda,Wheat,Rabi,11.75,80.0,23.5,46.4,8.2,6.58,25.6,187.5,62.9,115.5,Drip,93.2,8.76,0.9,2.74,32.2,23139,613747,745076.0,131329.0,5457,5.901,13.1,11176.94,52233.79,63410.72
SF11126,Tamil Nadu,Indore,Pulses,Zaid,0.92,80.0,30.3,44.4,7.5,5.94,16.1,62.7,43.5,152.9,Drip,103.4,3.08,0.72,0.47,0.43,66485,48736,28589.0,-20147.0,270,1.593,34.2,-21898.91,52973.91,31075.0
SF11127,Maharashtra,Warangal,Wheat,Kharif,6.14,774.8,32.7,86.2,3.5,6.04,31.1,119.0,49.7,74.4,Sprinkler,216.6,5.7,0.84,1.82,11.17,21442,482354,239507.0,-242847.0,3081,3.625,73.7,-39551.63,78559.28,39007.65
SF11128,Gujarat,Rajkot,Cotton,Kharif,14.7,840.1,30.5,69.2,7.0,7.41,32.6,181.0,77.4,100.0,Flood,161.0,6.9,0.84,1.2,17.64,66767,1059972,1177770.0,117798.0,14495,1.217,56.2,8013.47,72106.94,80120.41
SF11129,Madhya Pradesh,Guntur,Chilli,Kharif,10.03,611.5,25.4,80.7,6.8,6.54,36.6,144.8,67.0,118.8,Rainfed,194.9,1.54,0.81,2.46,24.67,113106,651771,2790325.0,2138554.0,3125,7.894,63.3,213215.75,64982.15,278197.91
SF11130,Andhra Pradesh,Indore,Groundnut,Rabi,13.61,409.4,23.7,61.1,7.4,7.14,16.0,129.4,46.4,106.0,Rainfed,176.7,6.91,0.75,1.29,17.56,54579,778569,958407.0,179838.0,3858,4.552,40.4,13213.67,57205.66,70419.32
SF11131,Maharashtra,Guntur,Groundnut,Rabi,4.17,651.5,24.0,63.1,5.6,6.15,34.2,62.0,16.7,124.1,Drip,240.1,8.27,0.77,1.67,6.96,60227,315258,419180.0,103922.0,1855,3.752,46.4,24921.34,75601.44,100522.78
SF11132,Gujarat,Nalgonda,Sugarcane,Rabi,3.2,476.5,23.3,72.7,7.9,5.75,21.8,86.4,54.7,118.7,Sprinkler,184.8,5.49,0.78,17.68,56.58,3446,229831,194975.0,-34856.0,4936,11.463,47.1,-10892.5,71822.19,60929.69
SF11133,Tamil Nadu,Erode,Chilli,Rabi,11.47,204.1,22.3,31.8,9.2,6.66,21.4,169.9,59.7,72.3,Rainfed,147.0,7.44,0.92,1.5,17.21,112177,781060,1930566.0,1149506.0,3796,4.534,13.6,100218.48,68095.9,168314.39
SF11134,Karnataka,Raichur,Cotton,Kharif,10.89,853.7,32.7,68.0,7.9,7.14,33.1,89.3,43.2,70.7,Flood,166.9,6.36,0.83,1.4449999999999998,15.74,68953,665642,1085320.0,419678.0,10950,1.437,47.4,38537.92,61124.15,99662.08
SF11135,Karnataka,Krishna,Chilli,Kharif,3.15,669.6,27.1,82.2,7.5,7.53,38.4,118.0,77.1,133.1,Flood,82.0,4.26,0.84,1.42,4.47,117238,189823,524054.0,334231.0,2531,1.766,64.7,106105.08,60261.27,166366.35
SF11136,Maharashtra,Nalgonda,Groundnut,Rabi,0.63,303.0,23.0,51.2,7.3,5.46,20.0,139.1,27.7,57.6,Flood,97.7,1.4,0.71,0.3,0.19,52323,32203,9941.0,-22262.0,443,0.429,45.1,-35336.51,51115.87,15779.37
SF11137,Telangana,Indore,Wheat,Kharif,14.48,961.5,28.4,66.3,7.5,7.49,28.4,137.9,40.8,151.8,Flood,191.3,0.5,0.81,1.45,21.0,18032,964436,378672.0,-585764.0,11566,1.816,74.2,-40453.31,66604.7,26151.38
SF11138,Punjab,Warangal,Wheat,Kharif,0.73,881.1,26.0,73.9,4.8,5.86,17.4,100.3,85.1,72.2,Drip,158.5,7.3,0.77,1.69,1.23,22784,52521,28024.0,-24497.0,327,3.761,51.4,-33557.53,71946.58,38389.04
SF11139,Gujarat,Nalgonda,Pulses,Rabi,4.26,300.6,24.1,51.4,6.8,6.34,33.1,161.9,51.7,86.4,Rainfed,78.9,7.28,0.91,1.06,4.52,66174,250535,299106.0,48571.0,859,5.262,31.1,11401.64,58811.03,70212.68
SF11140,Telangana,Ludhiana,Pulses,Zaid,8.82,280.6,30.8,51.2,7.2,7.9,23.9,113.1,32.0,34.4,Flood,178.2,9.17,0.73,0.3,2.65,57687,684281,152871.0,-531410.0,4185,0.633,19.7,-60250.57,77582.88,17332.31
SF11141,Gujarat,Warangal,Rice,Rabi,1.9,674.4,21.1,58.9,6.8,6.97,25.4,104.0,54.5,89.9,Flood,93.0,4.51,0.72,2.72,5.17,23883,114801,123475.0,8674.0,3582,1.443,49.8,4565.26,60421.58,64986.84
SF11142,Andhra Pradesh,Nalgonda,Rice,Kharif,14.72,642.3,26.0,77.0,8.2,6.82,31.9,132.5,74.9,119.6,Drip,125.7,2.05,0.88,4.97,73.16,22740,816279,1663658.0,847379.0,19893,3.678,65.7,57566.51,55453.74,113020.24
SF11143,Punjab,Raichur,Rice,Kharif,12.18,1039.8,28.6,58.6,5.6,6.79,28.9,87.7,74.7,141.8,Rainfed,298.0,2.59,0.85,3.62,44.09,18530,892676,816988.0,-75688.0,10413,4.234,57.7,-6214.12,73290.31,67076.19
SF11144,Madhya Pradesh,Warangal,Sugarcane,Zaid,5.46,344.5,28.0,52.3,8.5,6.11,19.7,150.9,46.5,99.9,Sprinkler,155.4,2.23,0.82,44.55,243.24,3555,308091,864718.0,556627.0,10904,22.307,42.5,101946.34,56426.92,158373.26
SF11145,Karnataka,Guntur,Groundnut,Kharif,1.84,599.5,30.7,81.8,8.5,7.32,28.7,101.3,47.4,99.9,Sprinkler,174.6,3.89,0.8,1.44,2.65,60032,128937,159085.0,30148.0,945,2.804,67.9,16384.78,70074.46,86459.24
SF11146,Punjab,Guntur,Wheat,Kharif,10.89,819.7,29.8,84.5,6.0,6.42,32.9,117.3,44.9,77.2,Sprinkler,142.0,4.13,0.7,3.92,42.69,21627,677279,923257.0,245978.0,5294,8.064,67.7,22587.51,62192.75,84780.26
SF11147,Madhya Pradesh,Nalgonda,Groundnut,Zaid,1.87,376.1,29.5,48.3,7.6,6.59,21.3,181.8,50.7,133.5,Rainfed,223.7,2.9,0.91,1.57,2.94,53573,138892,157505.0,18613.0,485,6.062,45.5,9953.48,74273.8,84227.27
SF11148,Karnataka,Raichur,Groundnut,Kharif,3.42,315.3,24.8,52.7,6.9,7.45,34.5,53.2,85.8,94.6,Drip,218.5,4.08,0.77,0.97,3.32,62252,237164,206677.0,-30487.0,1482,2.24,50.4,-8914.33,69346.2,60431.87
SF11149,Punjab,Raichur,Rice,Kharif,13.18,796.0,24.9,69.4,7.7,7.22,29.5,92.7,69.5,103.1,Rainfed,212.0,2.89,0.85,2.32,30.58,22270,919872,681017.0,-238855.0,10997,2.781,56.0,-18122.53,69793.02,51670.49
SF11150,Madhya Pradesh,Raichur,Chilli,Kharif,1.01,562.9,29.3,61.6,7.4,6.45,18.8,151.9,64.9,93.5,Flood,195.7,6.29,0.84,2.38,2.4,83800,61054,201120.0,140066.0,705,3.404,39.5,138679.21,60449.5,199128.71
SF11151,Punjab,Rajkot,Groundnut,Kharif,3.69,965.8,28.4,66.3,6.9,7.95,29.1,95.8,32.7,127.7,Sprinkler,194.9,7.66,0.77,0.3,1.11,47574,247887,52807.0,-195080.0,1715,0.647,48.0,-52867.21,67178.05,14310.84
SF11152,Karnataka,Krishna,Maize,Kharif,5.56,750.0,26.8,72.2,5.4,6.17,23.5,169.2,69.2,130.5,Sprinkler,241.4,4.46,0.9,3.71,20.63,22125,426882,456439.0,29557.0,2569,8.03,60.8,5316.01,76777.34,82093.35
SF11153,Andhra Pradesh,Indore,Pulses,Rabi,14.76,847.7,24.2,64.9,6.9,5.42,26.4,126.7,46.5,80.2,Rainfed,149.3,1.64,0.98,0.3,4.43,68547,914017,303663.0,-610354.0,3265,1.357,54.6,-41351.9,61925.27,20573.37
SF11154,Andhra Pradesh,Guntur,Chilli,Rabi,3.74,504.1,26.0,64.7,8.2,6.84,29.4,56.1,45.2,139.6,Drip,186.4,8.15,0.88,2.43,9.09,97746,252667,888511.0,635844.0,2331,3.9,37.5,170011.76,67558.02,237569.79
SF11155,Tamil Nadu,Indore,Wheat,Rabi,4.98,678.5,20.5,45.0,6.1,6.72,28.7,96.3,53.4,92.1,Rainfed,216.7,4.12,0.71,2.82,14.04,28848,366741,405026.0,38285.0,1354,10.369,45.5,7687.75,73642.77,81330.52
SF11156,Telangana,Warangal,Maize,Kharif,2.02,846.3,26.9,66.8,7.2,7.52,36.2,105.2,61.3,70.1,Rainfed,70.8,3.71,0.72,1.67,3.37,22514,122429,75872.0,-46557.0,630,5.349,49.3,-23048.02,60608.42,37560.4
SF11157,Punjab,Krishna,Groundnut,Rabi,13.21,85.7,25.5,65.3,8.5,6.95,29.0,129.7,35.7,87.8,Drip,40.0,9.27,0.74,1.48,19.55,57951,789760,1132942.0,343182.0,4532,4.314,15.4,25978.96,59785.01,85763.97
SF11158,Punjab,Warangal,Pulses,Kharif,5.59,531.2,28.3,73.1,5.3,6.07,32.1,95.1,58.7,90.0,Rainfed,252.9,3.55,0.75,0.78,4.36,85547,362005,372985.0,10980.0,1035,4.213,62.2,1964.22,64759.39,66723.61
SF11159,Tamil Nadu,Warangal,Maize,Zaid,2.12,452.9,37.1,54.6,7.6,6.75,16.7,155.0,81.7,145.6,Sprinkler,180.2,8.09,0.71,3.09,6.55,23254,145735,152314.0,6579.0,1199,5.463,40.3,3103.3,68742.92,71846.23
SF11160,Gujarat,Erode,Maize,Kharif,3.39,938.7,26.2,87.6,7.9,7.08,29.2,166.6,43.7,138.7,Flood,207.0,5.67,0.9,4.27,14.48,20469,248148,296391.0,48243.0,2504,5.783,68.5,14230.97,73200.0,87430.97
SF11161,Telangana,Nalgonda,Wheat,Zaid,8.26,490.3,33.7,46.7,9.8,7.53,15.4,78.6,77.9,150.2,Sprinkler,213.2,1.21,0.73,1.1,9.09,27736,589875,252120.0,-337755.0,4541,2.002,58.5,-40890.44,71413.44,30523.0
SF11162,Punjab,Erode,Maize,Kharif,12.28,962.7,29.9,76.3,5.9,7.8,36.5,110.9,96.3,82.2,Flood,121.0,4.42,0.81,0.88,10.81,21646,710922,233993.0,-476929.0,8547,1.265,67.9,-38837.87,57892.67,19054.8
SF11163,Tamil Nadu,Raichur,Wheat,Rabi,13.72,638.1,26.5,62.7,7.3,7.19,31.9,104.9,64.7,56.0,Drip,161.7,1.73,1.0,2.84,38.96,22282,746137,868107.0,121970.0,7366,5.289,53.9,8889.94,54383.16,63273.1
SF11164,Tamil Nadu,Guntur,Rice,Rabi,5.29,542.8,25.5,60.3,7.5,6.53,24.8,118.5,73.7,72.8,Rainfed,178.7,1.84,0.81,3.6,19.04,17369,232433,330706.0,98273.0,4052,4.699,53.1,18577.13,43938.19,62515.31
SF11165,Andhra Pradesh,Nashik,Groundnut,Rabi,0.99,277.1,23.8,60.7,8.1,5.68,28.0,60.6,42.6,133.7,Rainfed,236.3,3.32,0.92,0.41,0.41,57320,61543,23501.0,-38042.0,268,1.53,53.8,-38426.26,62164.65,23738.38
SF11166,Maharashtra,Nalgonda,Cotton,Rabi,4.24,702.8,23.7,55.1,8.1,6.07,27.4,165.8,39.0,118.6,Sprinkler,164.4,5.47,0.65,1.45,6.15,66851,295357,411134.0,115777.0,2937,2.094,43.7,27305.9,69659.67,96965.57
SF11167,Maharashtra,Warangal,Maize,Rabi,7.16,547.1,25.7,60.6,7.5,7.6,24.2,101.9,39.9,137.4,Rainfed,163.5,4.96,0.83,1.51,10.81,18944,381258,204785.0,-176473.0,1989,5.435,33.9,-24647.07,53248.32,28601.26
SF11168,Karnataka,Indore,Cotton,Kharif,8.69,1062.9,26.9,78.2,5.9,7.39,29.7,159.5,66.5,72.3,Rainfed,212.7,4.57,0.66,0.89,7.73,63453,637725,490492.0,-147233.0,3929,1.967,61.7,-16942.81,73386.08,56443.27
SF11169,Maharashtra,Indore,Maize,Kharif,9.19,501.7,30.6,77.3,6.1,5.84,26.4,122.0,62.9,82.7,Flood,219.2,6.05,0.93,1.58,14.52,24139,708960,350498.0,-358462.0,6118,2.373,44.4,-39005.66,77144.72,38139.06
SF11170,Andhra Pradesh,Erode,Pulses,Kharif,12.03,789.5,28.3,72.3,6.4,6.83,33.6,120.7,28.4,113.3,Flood,187.6,5.85,1.0,1.57,18.89,61727,809336,1166023.0,356687.0,5270,3.584,45.9,29649.79,67276.48,96926.27
SF11171,Karnataka,Nalgonda,Pulses,Rabi,9.41,286.1,24.1,65.1,7.3,7.4,18.3,71.3,44.9,147.7,Drip,65.8,4.0,0.9,0.69,6.49,75749,601596,491611.0,-109985.0,3357,1.933,40.7,-11688.1,63931.56,52243.46
SF11172,Punjab,Nalgonda,Pulses,Rabi,4.74,216.0,25.2,34.4,9.8,6.73,32.6,92.3,80.5,73.8,Flood,194.9,9.36,0.68,1.01,4.79,71525,353077,342605.0,-10472.0,2677,1.789,12.9,-2209.28,74488.82,72279.54
SF11173,Maharashtra,Krishna,Maize,Rabi,3.05,241.0,28.0,58.1,6.8,6.8,13.0,67.2,56.8,91.2,Drip,86.9,7.57,0.83,3.43,10.46,19631,198958,205340.0,6382.0,1326,7.888,38.1,2092.46,65232.13,67324.59
SF11174,Gujarat,Erode,Maize,Rabi,14.78,111.3,26.1,58.4,8.5,6.71,31.2,137.0,42.5,127.7,Rainfed,281.2,10.3,0.95,2.28,33.7,20291,1122550,683807.0,-438743.0,3722,9.054,24.5,-29684.91,75950.61,46265.7
SF11175,Madhya Pradesh,Krishna,Wheat,Kharif,7.85,783.7,27.6,71.1,7.3,7.1,28.7,140.1,72.6,129.7,Sprinkler,250.0,4.08,0.72,3.08,24.18,22125,617349,534982.0,-82367.0,3723,6.495,59.9,-10492.61,78643.18,68150.57
SF11176,Andhra Pradesh,Warangal,Maize,Rabi,12.1,435.1,23.2,55.6,9.9,5.66,25.6,151.3,69.1,94.3,Drip,167.7,6.46,0.71,1.3,15.73,21357,669991,335946.0,-334045.0,5214,3.017,34.3,-27607.02,55371.16,27764.13
SF11177,Maharashtra,Raichur,Wheat,Rabi,4.19,503.1,27.1,52.1,5.6,7.18,22.6,141.1,60.3,101.9,Sprinkler,121.5,7.14,0.99,2.71,11.35,27010,260110,306564.0,46454.0,1940,5.851,35.5,11086.87,62078.76,73165.63
SF11178,Tamil Nadu,Erode,Groundnut,Kharif,10.25,727.1,29.2,67.7,7.5,5.44,34.4,70.9,94.5,134.0,Rainfed,139.2,1.17,0.88,0.31,3.18,59790,545006,190132.0,-354874.0,2896,1.098,58.8,-34621.85,53171.32,18549.46
SF11179,Karnataka,Nalgonda,Sugarcane,Kharif,6.38,941.4,25.2,69.8,5.5,6.75,25.1,170.7,47.7,90.9,Drip,244.9,3.56,0.77,83.79,534.58,3060,435000,1635815.0,1200815.0,11086,48.221,54.2,188215.52,68181.82,256397.34
SF11180,Punjab,Erode,Maize,Kharif,7.53,997.8,29.2,71.6,6.5,6.22,28.2,116.8,74.2,65.4,Flood,151.9,3.17,0.71,3.55,26.73,20244,505451,541122.0,35671.0,5097,5.244,66.9,4737.18,67124.97,71862.15
SF11181,Tamil Nadu,Warangal,Cotton,Zaid,1.51,278.3,28.6,71.2,6.3,5.43,17.1,153.5,51.6,113.0,Flood,56.9,4.43,0.66,0.3,0.45,74844,84856,33680.0,-51176.0,1378,0.327,61.4,-33891.39,56196.03,22304.64
SF11182,Gujarat,Erode,Rice,Rabi,12.19,715.8,23.5,53.5,7.9,5.76,23.4,111.2,19.2,96.6,Drip,135.6,5.51,0.83,1.34,16.33,21595,997506,352646.0,-644860.0,15595,1.047,35.0,-52900.74,81829.86,28929.12
SF11183,Punjab,Warangal,Rice,Rabi,4.39,298.1,27.0,73.7,8.4,6.73,24.6,163.4,52.2,144.0,Flood,312.7,1.14,0.9,3.97,17.43,24220,364634,422155.0,57521.0,7595,2.295,61.2,13102.73,83060.14,96162.87
SF11184,Gujarat,Indore,Cotton,Zaid,13.09,262.8,31.9,53.8,8.6,6.52,14.8,98.3,62.4,81.5,Drip,239.2,6.83,0.97,1.29,16.89,72596,1107403,1226146.0,118743.0,9038,1.869,31.0,9071.28,84599.16,93670.44
SF11185,Tamil Nadu,Indore,Rice,Zaid,4.97,404.3,35.8,43.3,7.7,7.43,22.9,119.6,37.5,74.8,Rainfed,359.8,3.68,0.93,1.16,5.77,20052,430010,115700.0,-314310.0,3239,1.781,41.2,-63241.45,86521.13,23279.68
SF11186,Gujarat,Guntur,Groundnut,Rabi,10.43,663.8,23.4,63.6,7.4,6.16,15.9,95.6,59.5,73.3,Sprinkler,247.8,7.58,0.93,1.37,14.29,67175,832795,959931.0,127136.0,4952,2.886,40.4,12189.45,79846.12,92035.57
SF11187,Telangana,Indore,Maize,Kharif,10.44,742.9,27.4,70.5,6.3,6.27,38.8,140.9,42.8,93.9,Rainfed,141.3,4.09,0.89,3.9,40.72,22284,598571,907404.0,308833.0,2924,13.926,57.8,29581.7,57334.39,86916.09
SF11188,Tamil Nadu,Indore,Cotton,Rabi,11.83,513.6,23.2,59.9,8.5,8.05,23.0,106.3,90.5,85.7,Rainfed,200.5,6.81,0.72,0.3,3.55,62140,915662,220597.0,-695065.0,4308,0.824,35.3,-58754.44,77401.69,18647.25
SF11189,Madhya Pradesh,Ludhiana,Wheat,Zaid,6.3,330.0,33.0,66.9,8.3,6.8,15.8,106.2,84.2,105.7,Drip,129.8,2.82,0.89,2.51,15.81,24640,366299,389558.0,23259.0,2613,6.051,55.9,3691.9,58142.7,61834.6
SF11190,Andhra Pradesh,Nashik,Pulses,Kharif,0.88,818.0,29.6,74.5,7.6,7.37,30.0,141.8,63.1,128.2,Rainfed,326.5,5.43,0.75,0.93,0.82,59766,55589,49008.0,-6581.0,192,4.271,66.8,-7478.41,63169.32,55690.91
SF11191,Madhya Pradesh,Guntur,Rice,Kharif,14.97,1220.9,29.4,75.0,4.5,6.58,26.3,133.2,34.0,86.4,Rainfed,187.3,2.81,0.81,2.61,39.07,22490,945700,878684.0,-67016.0,13258,2.947,69.1,-4476.69,63173.01,58696.33
SF11192,Punjab,Nashik,Sugarcane,Kharif,1.22,1034.6,30.6,67.8,7.5,6.81,32.9,125.2,67.7,99.6,Rainfed,245.1,2.81,0.77,51.37,62.67,3602,96681,225737.0,129056.0,1219,51.411,74.0,105783.61,79246.72,185030.33
SF11193,Punjab,Warangal,Rice,Kharif,11.87,454.2,28.2,68.9,5.9,7.71,37.2,133.9,57.8,122.2,Flood,234.4,5.22,0.71,1.14,13.53,22385,931749,302869.0,-628880.0,25133,0.538,49.1,-52980.62,78496.12,25515.5
SF11194,Telangana,Raichur,Rice,Rabi,12.54,457.5,25.5,64.9,6.4,7.25,19.7,131.6,36.2,90.4,Rainfed,40.0,10.21,0.72,2.41,30.22,21342,659415,644955.0,-14460.0,11092,2.724,20.3,-1153.11,52584.93,51431.82
SF11195,Madhya Pradesh,Warangal,Sugarcane,Kharif,14.32,1187.4,30.8,75.1,5.6,6.76,27.7,140.4,96.0,102.7,Sprinkler,215.6,1.35,0.77,66.24,948.56,3683,953956,3493546.0,2539590.0,24373,38.918,85.5,177345.67,66617.04,243962.71
SF11196,Madhya Pradesh,Erode,Chilli,Rabi,1.13,574.4,21.8,60.6,7.0,6.18,22.3,131.8,58.2,79.1,Flood,196.0,4.37,0.79,1.38,1.56,93191,68445,145378.0,76933.0,948,1.646,49.7,68082.3,60570.8,128653.1
SF11197,Karnataka,Ludhiana,Rice,Kharif,4.29,747.1,24.8,77.6,5.8,5.74,31.1,106.8,67.0,100.1,Flood,215.0,6.63,0.82,1.29,5.53,18142,307513,100325.0,-207188.0,8004,0.691,57.8,-48295.57,71681.35,23385.78
SF11198,Karnataka,Rajkot,Sugarcane,Kharif,8.18,906.3,24.0,53.7,7.2,6.8,36.6,125.3,27.9,124.4,Flood,104.6,3.32,0.76,72.05,589.37,3585,422022,2112891.0,1690869.0,21224,27.769,54.7,206707.7,51591.93,258299.63
SF11199,Telangana,Krishna,Wheat,Kharif,2.23,786.9,33.3,71.3,6.6,5.76,33.6,100.6,61.7,138.4,Sprinkler,200.9,6.6,0.79,1.03,2.3,20801,165381,47842.0,-117539.0,1250,1.84,55.9,-52708.07,74161.88,21453.81
SF11200,Andhra Pradesh,Ludhiana,Maize,Zaid,14.66,528.9,30.7,59.5,7.4,6.26,22.5,130.5,46.7,61.4,Flood,96.3,5.6,0.7,2.62,38.41,20246,831136,777649.0,-53487.0,9788,3.924,47.4,-3648.5,56694.13,53045.63
SF11201,Tamil Nadu,Indore,Wheat,Zaid,0.5,356.7,29.8,41.1,7.9,7.66,22.0,133.3,72.8,112.3,Rainfed,112.4,2.23,0.66,0.77,0.38,18322,26826,6962.0,-19864.0,189,2.011,42.4,-39728.0,53652.0,13924.0
SF11202,Tamil Nadu,Nashik,Sugarcane,Rabi,3.23,405.3,24.9,59.3,7.3,5.72,23.75,139.5,73.0,111.0,Flood,286.7,5.79,0.94,20.64,66.67,3713,235033,247546.0,12513.0,7296,9.138,42.4,3873.99,72765.63,76639.63
SF11203,Maharashtra,Guntur,Maize,Kharif,8.48,858.7,29.0,73.8,7.1,6.62,32.4,148.8,60.6,142.4,Flood,161.9,5.26,0.79,4.54,38.5,21037,544787,809924.0,265137.0,6449,5.97,49.1,31266.16,64243.75,95509.91
SF11204,Punjab,Warangal,Wheat,Rabi,4.66,264.1,18.5,60.4,8.4,6.77,21.6,71.0,35.6,152.2,Drip,143.1,3.39,0.82,2.46,11.46,25677,283552,294258.0,10706.0,2247,5.1,49.4,2297.42,60848.07,63145.49
SF11205,Telangana,Nalgonda,Rice,Rabi,3.38,539.8,27.9,54.2,7.6,6.92,21.4,87.0,52.6,149.1,Sprinkler,136.3,5.48,0.79,4.22,14.26,19570,206072,279068.0,72996.0,5277,2.702,29.9,21596.45,60968.05,82564.5
SF11206,Madhya Pradesh,Nalgonda,Groundnut,Rabi,11.83,92.5,26.0,62.0,9.2,7.52,25.8,133.2,57.8,85.8,Flood,281.2,2.09,0.87,0.66,7.81,46532,813906,363415.0,-450491.0,7721,1.012,47.2,-38080.39,68800.17,30719.78
SF11207,Punjab,Nashik,Cotton,Rabi,11.5,429.9,21.4,60.6,6.9,6.1,24.5,99.5,61.5,38.7,Flood,150.8,2.19,0.84,0.94,10.81,56296,699979,608560.0,-91419.0,11330,0.954,36.7,-7949.48,60867.74,52918.26
SF11208,Maharashtra,Guntur,Sugarcane,Rabi,13.85,518.4,18.9,42.7,7.8,5.44,27.2,101.2,58.2,100.9,Flood,188.7,3.68,0.67,7.15,99.03,2594,769423,256884.0,-512539.0,31992,3.095,39.0,-37006.43,55554.01,18547.58
SF11209,Maharashtra,Erode,Groundnut,Rabi,11.0,422.3,23.3,64.3,7.8,6.57,24.8,122.9,30.6,80.3,Flood,156.1,3.4,0.89,1.56,17.16,52844,667178,906803.0,239625.0,7513,2.284,52.2,21784.09,60652.55,82436.64
SF11210,Punjab,Guntur,Rice,Kharif,4.54,663.7,28.5,61.3,4.7,6.74,33.2,40.0,31.6,104.7,Flood,180.5,4.06,0.65,3.22,14.62,26710,276050,390500.0,114450.0,7756,1.885,55.1,25209.25,60803.96,86013.22
SF11211,Madhya Pradesh,Nalgonda,Pulses,Rabi,5.12,594.8,19.1,59.2,6.2,6.12,19.4,76.8,71.1,192.5,Flood,67.0,6.49,0.66,0.71,3.64,65213,268084,237375.0,-30709.0,2492,1.461,36.0,-5997.85,52360.16,46362.3
SF11212,Gujarat,Nalgonda,Sugarcane,Kharif,14.85,664.8,27.7,54.2,6.4,7.04,16.3,107.8,28.6,120.8,Drip,157.1,6.72,0.86,64.45,957.08,3342,883868,3198561.0,2314693.0,20165,47.462,47.6,155871.58,59519.73,215391.31
SF11213,Telangana,Krishna,Rice,Kharif,1.76,721.9,28.5,59.5,8.9,6.83,37.2,104.5,58.7,82.6,Rainfed,203.2,3.08,0.89,4.38,7.71,23600,124279,181956.0,57677.0,1567,4.92,57.6,32771.02,70613.07,103384.09
SF11214,Madhya Pradesh,Rajkot,Rice,Kharif,9.71,899.0,27.0,77.6,7.4,5.89,28.9,78.3,65.7,89.1,Rainfed,227.4,8.26,0.86,1.31,12.72,23504,818567,298971.0,-519596.0,9109,1.396,58.3,-53511.43,84301.44,30790.01
SF11215,Tamil Nadu,Raichur,Maize,Rabi,6.02,463.5,17.7,53.6,8.9,7.84,22.8,140.5,49.6,143.3,Rainfed,244.2,4.31,0.91,0.66,3.97,15396,393142,61122.0,-332020.0,1646,2.412,36.8,-55152.82,65305.98,10153.16
SF11216,Tamil Nadu,Raichur,Groundnut,Kharif,12.91,1108.5,27.8,68.1,7.3,7.24,39.4,124.3,47.7,65.8,Drip,286.1,4.88,0.94,1.4,18.07,69537,874202,1256534.0,382332.0,5197,3.477,64.6,29615.18,67715.1,97330.29
SF11217,Punjab,Nashik,Pulses,Kharif,9.99,842.5,29.6,69.8,5.8,6.23,41.0,94.8,60.9,180.4,Flood,149.1,4.73,0.94,1.07,10.69,85888,728214,918143.0,189929.0,4651,2.298,54.2,19011.91,72894.29,91906.21
SF11218,Andhra Pradesh,Guntur,Sugarcane,Rabi,11.54,431.9,22.8,63.1,6.4,6.5,30.5,177.3,55.3,121.7,Sprinkler,137.0,6.7,0.91,73.89,852.69,3183,760301,2714112.0,1953811.0,23161,36.816,37.9,169307.71,65883.97,235191.68
SF11219,Andhra Pradesh,Erode,Pulses,Rabi,11.36,296.6,22.5,59.0,7.4,6.62,27.1,115.8,83.8,96.1,Flood,241.7,4.14,0.96,1.24,14.09,71528,778704,1007830.0,229126.0,5767,2.443,48.5,20169.54,68547.89,88717.43
SF11220,Telangana,Ludhiana,Sugarcane,Rabi,6.61,425.0,22.2,70.9,6.7,5.73,27.0,117.4,41.4,103.9,Sprinkler,137.3,4.48,0.83,23.37,154.48,3937,393957,608188.0,214231.0,12025,12.847,40.3,32410.14,59600.15,92010.29
SF11221,Maharashtra,Rajkot,Rice,Kharif,14.32,888.9,27.6,86.2,7.7,7.49,25.0,94.9,56.6,135.7,Flood,209.7,3.71,0.73,1.81,25.92,21391,951219,554455.0,-396764.0,28602,0.906,69.4,-27706.98,66425.91,38718.92
SF11222,Tamil Nadu,Nashik,Wheat,Zaid,2.15,490.4,29.9,54.1,7.6,6.04,17.0,137.5,54.1,140.5,Flood,259.6,6.11,0.87,1.91,4.11,27332,169643,112335.0,-57308.0,1342,3.063,48.8,-26654.88,78903.72,52248.84
SF11223,Andhra Pradesh,Raichur,Groundnut,Rabi,10.4,362.7,21.2,78.5,8.1,7.21,27.4,135.8,46.0,98.0,Flood,179.9,3.76,0.79,1.09,11.34,55082,704223,624630.0,-79593.0,6947,1.632,42.0,-7653.17,67713.75,60060.58
SF11224,Tamil Nadu,Raichur,Pulses,Kharif,12.31,824.7,27.7,66.3,6.5,8.4,28.6,111.5,25.1,100.3,Sprinkler,196.4,4.68,0.97,0.3,3.69,79731,970080,294207.0,-675873.0,4193,0.88,49.9,-54904.39,78804.22,23899.84
SF11225,Maharashtra,Raichur,Wheat,Rabi,0.77,435.1,23.8,66.1,5.6,7.01,21.8,182.7,80.9,130.1,Rainfed,165.4,5.73,0.76,2.91,2.24,23604,45558,52873.0,7315.0,207,10.821,52.0,9500.0,59166.23,68666.23
SF11226,Andhra Pradesh,Guntur,Groundnut,Rabi,13.99,671.5,22.1,57.8,8.1,6.89,23.4,68.3,59.4,69.0,Rainfed,363.6,4.91,0.7,1.53,21.4,56146,979523,1201524.0,222001.0,3957,5.408,45.8,15868.55,70015.94,85884.49
SF11227,Andhra Pradesh,Krishna,Maize,Kharif,4.67,635.2,27.0,89.2,5.3,6.73,33.4,56.1,44.8,89.3,Flood,218.8,7.14,0.75,4.89,22.84,19821,297735,452712.0,154977.0,3191,7.158,46.4,33185.65,63754.82,96940.47
SF11228,Maharashtra,Erode,Maize,Kharif,14.34,869.5,25.8,73.2,7.5,6.64,30.3,171.5,58.8,105.5,Flood,214.2,5.19,0.87,4.86,69.69,23079,980645,1608376.0,627731.0,11516,6.052,47.4,43774.83,68385.29,112160.11
SF11229,Andhra Pradesh,Krishna,Maize,Rabi,1.31,607.0,26.4,39.1,7.2,6.08,27.9,97.9,50.9,172.1,Drip,309.6,4.74,0.68,3.83,5.02,19470,95957,97739.0,1782.0,667,7.526,31.1,1360.31,73249.62,74609.92
SF11230,Andhra Pradesh,Ludhiana,Cotton,Rabi,12.75,559.3,25.0,72.5,7.4,5.58,20.3,107.6,44.7,120.2,Flood,167.0,6.23,0.68,0.44,5.61,69919,1013954,392246.0,-621708.0,11309,0.496,51.2,-48761.41,79525.8,30764.39
SF11231,Karnataka,Rajkot,Pulses,Kharif,10.58,501.6,31.1,74.5,5.7,6.39,24.5,153.9,55.9,99.7,Flood,240.4,7.68,0.92,1.17,12.38,63192,750814,782317.0,31503.0,4616,2.682,51.3,2977.6,70965.41,73943.01
SF11232,Karnataka,Warangal,Chilli,Rabi,12.41,255.7,20.7,45.6,7.2,7.18,21.8,102.3,43.3,83.3,Rainfed,150.6,5.72,0.99,1.03,12.78,111431,944108,1424088.0,479980.0,4244,3.011,26.2,38676.87,76076.39,114753.26
SF11233,Madhya Pradesh,Erode,Chilli,Rabi,14.62,325.5,22.5,57.9,6.8,6.25,22.3,64.8,67.3,111.9,Rainfed,232.2,2.98,1.0,1.15,16.81,115726,1068058,1945354.0,877296.0,4641,3.622,32.7,60006.57,73054.58,133061.15
SF11234,Karnataka,Nalgonda,Chilli,Kharif,10.01,888.6,25.2,78.6,8.0,5.95,25.4,120.8,77.5,86.8,Drip,306.0,4.5,0.98,1.38,13.81,95767,763970,1322542.0,558572.0,4236,3.26,61.1,55801.4,76320.68,132122.08
SF11235,Madhya Pradesh,Ludhiana,Rice,Zaid,11.94,235.0,32.2,67.9,8.8,7.97,17.4,146.4,46.3,46.6,Sprinkler,125.9,5.14,0.74,0.33,3.94,22679,620870,89355.0,-531515.0,16869,0.234,30.7,-44515.49,51999.16,7483.67
SF11236,Punjab,Erode,Cotton,Kharif,9.34,716.5,27.9,77.1,7.4,6.7,26.3,145.6,26.5,113.3,Flood,205.7,5.58,0.86,2.26,21.11,64782,728481,1367548.0,639067.0,8299,2.544,60.2,68422.59,77995.82,146418.42
SF11237,Tamil Nadu,Guntur,Maize,Rabi,10.31,328.7,22.6,59.9,8.7,6.27,19.9,131.0,38.6,80.3,Rainfed,192.6,6.37,0.99,2.38,24.54,20369,803381,499855.0,-303526.0,2746,8.937,29.4,-29439.96,77922.5,48482.54
SF11238,Karnataka,Nalgonda,Sugarcane,Kharif,2.78,837.0,28.4,56.5,8.4,7.16,31.1,82.6,67.0,118.4,Rainfed,151.5,2.34,0.97,50.33,139.92,4095,132074,572972.0,440898.0,2956,47.334,65.6,158596.4,47508.63,206105.04
SF11239,Karnataka,Raichur,Rice,Kharif,10.33,890.4,25.7,53.3,7.5,6.46,29.3,118.6,71.0,128.3,Rainfed,192.8,6.32,0.9,3.46,35.74,26594,660631,950470.0,289839.0,8434,4.238,34.4,28057.99,63952.66,92010.65
SF11240,Gujarat,Warangal,Pulses,Rabi,9.87,487.2,23.9,50.2,6.9,6.22,12.4,153.6,73.9,114.2,Drip,136.4,4.21,0.78,1.23,12.14,75552,741707,917201.0,175494.0,3465,3.504,33.7,17780.55,75147.62,92928.17
SF11241,Andhra Pradesh,Nalgonda,Cotton,Kharif,10.85,866.2,26.6,78.4,6.8,6.69,28.8,98.2,50.1,89.2,Sprinkler,159.4,4.98,0.87,2.48,26.91,70634,702988,1900761.0,1197773.0,8303,3.241,59.6,110393.82,64791.52,175185.35
SF11242,Gujarat,Ludhiana,Wheat,Rabi,12.49,763.1,27.1,54.4,7.8,6.14,22.8,102.5,25.1,69.5,Drip,110.0,4.23,0.71,2.25,28.1,24991,574483,702247.0,127764.0,4054,6.931,53.9,10229.3,45995.44,56224.74
SF11243,Maharashtra,Rajkot,Wheat,Rabi,14.93,583.9,21.8,58.9,8.3,6.44,19.6,104.8,89.5,128.8,Rainfed,135.0,0.5,0.7,2.55,38.07,23228,634890,884290.0,249400.0,4364,8.724,55.4,16704.62,42524.45,59229.07
SF11244,Telangana,Indore,Chilli,Kharif,7.14,793.8,29.3,64.4,7.8,6.79,30.5,137.8,93.1,84.0,Sprinkler,155.0,5.88,0.71,3.33,23.78,105151,357147,2500491.0,2143344.0,4469,5.321,41.2,300188.24,50020.59,350208.82
SF11245,Punjab,Krishna,Groundnut,Kharif,1.58,959.0,27.7,72.1,7.9,6.9,36.7,97.0,50.6,104.6,Sprinkler,157.1,5.03,0.98,1.98,3.13,70000,86556,219100.0,132544.0,860,3.64,58.0,83888.61,54782.28,138670.89
SF11246,Gujarat,Krishna,Sugarcane,Zaid,4.57,566.9,30.4,38.4,5.8,6.84,20.7,147.8,46.3,73.7,Rainfed,213.5,5.91,1.0,46.48,212.41,3432,317927,728991.0,411064.0,5076,41.846,35.1,89948.36,69568.27,159516.63
SF11247,Karnataka,Ludhiana,Pulses,Zaid,14.67,630.4,32.0,51.0,10.2,7.86,19.2,116.8,68.8,115.9,Rainfed,141.3,3.55,0.91,0.3,4.4,70585,786394,310574.0,-475820.0,3367,1.307,47.3,-32434.9,53605.59,21170.69
SF11248,Andhra Pradesh,Nashik,Groundnut,Rabi,2.39,622.5,22.8,60.0,8.8,6.59,24.1,126.5,50.4,117.9,Rainfed,162.5,4.04,0.86,1.73,4.13,55917,156022,230937.0,74915.0,660,6.258,47.8,31345.19,65281.17,96626.36
SF11249,Tamil Nadu,Ludhiana,Wheat,Kharif,1.84,686.6,29.2,67.4,5.8,7.73,22.1,86.5,71.1,157.3,Rainfed,104.4,1.71,0.98,0.99,1.82,28354,120699,51604.0,-69095.0,455,4.0,62.0,-37551.63,65597.28,28045.65
SF11250,Punjab,Raichur,Cotton,Rabi,5.35,442.9,21.4,63.7,9.5,6.12,22.8,109.5,58.4,113.5,Flood,244.9,4.94,0.89,1.02,5.46,57275,438702,312722.0,-125980.0,5093,1.072,22.6,-23547.66,82000.37,58452.71
SF11251,Tamil Nadu,Ludhiana,Rice,Zaid,14.9,204.5,33.9,44.2,8.0,6.83,26.2,125.4,45.2,145.0,Flood,205.1,2.33,0.91,1.86,27.71,24231,1008900,671441.0,-337459.0,29489,0.94,42.2,-22648.26,67711.41,45063.15
SF11252,Telangana,Warangal,Chilli,Zaid,9.92,151.5,31.8,50.5,8.5,6.27,20.8,71.7,69.9,121.5,Flood,313.9,4.75,0.98,1.22,12.1,108639,791746,1314532.0,522786.0,7012,1.726,46.4,52700.2,79813.1,132513.31
SF11253,Maharashtra,Ludhiana,Groundnut,Kharif,0.6,850.4,31.5,76.0,6.9,6.71,31.7,95.7,82.0,92.1,Flood,134.8,4.88,0.86,2.03,1.22,60628,30901,73966.0,43065.0,390,3.128,48.6,71775.0,51501.67,123276.67
SF11254,Andhra Pradesh,Nalgonda,Sugarcane,Rabi,9.18,450.4,26.3,32.5,8.0,6.57,31.2,167.8,43.9,103.5,Sprinkler,158.0,4.56,0.92,70.83,650.22,3895,615233,2532607.0,1917374.0,15084,43.107,28.3,208864.27,67018.85,275883.12
SF11255,Maharashtra,Rajkot,Cotton,Kharif,14.61,1121.5,28.2,83.6,8.2,6.15,29.0,109.2,65.3,122.3,Flood,178.0,4.79,0.83,1.16,16.95,69660,1044544,1180737.0,136193.0,17394,0.974,78.2,9321.9,71495.14,80817.04
SF11256,Madhya Pradesh,Ludhiana,Chilli,Kharif,1.41,1160.1,24.9,68.8,5.6,7.08,31.2,187.8,63.0,120.2,Sprinkler,198.2,6.64,0.97,2.26,3.19,102699,97615,327610.0,229995.0,825,3.867,66.8,163117.02,69230.5,232347.52
SF11257,Telangana,Nalgonda,Pulses,Rabi,12.94,674.0,25.2,71.6,7.9,6.04,25.4,106.4,49.2,109.0,Drip,144.9,5.61,0.92,1.17,15.14,72904,879411,1103767.0,224356.0,4046,3.742,43.1,17338.18,67960.66,85298.84
SF11258,Tamil Nadu,Indore,Wheat,Rabi,8.88,348.6,25.2,62.3,7.2,6.18,22.5,153.2,40.7,122.3,Sprinkler,130.2,4.1,0.95,2.02,17.94,18807,478966,337398.0,-141568.0,4407,4.071,44.2,-15942.34,53937.61,37995.27
SF11259,Telangana,Nashik,Pulses,Zaid,9.83,164.4,30.4,45.2,8.4,5.23,20.2,120.9,37.6,153.6,Rainfed,156.5,4.77,0.95,0.3,2.95,69015,698026,203594.0,-494432.0,1953,1.51,35.1,-50298.27,71009.77,20711.5
SF11260,Andhra Pradesh,Warangal,Maize,Rabi,13.14,248.6,25.1,71.1,6.7,7.4,19.7,147.3,48.0,102.8,Rainfed,241.8,7.44,0.85,1.89,24.83,21754,877962,540152.0,-337810.0,4324,5.742,27.5,-25708.52,66815.98,41107.46
SF11261,Karnataka,Nalgonda,Groundnut,Rabi,13.81,426.7,22.4,49.2,7.8,6.02,25.7,108.5,25.3,110.4,Flood,229.1,4.23,0.92,0.81,11.19,58313,1076274,652522.0,-423752.0,6354,1.761,40.3,-30684.43,77934.4,47249.96
SF11262,Tamil Nadu,Ludhiana,Pulses,Rabi,10.78,330.1,24.1,51.0,7.9,6.84,19.0,173.4,48.3,99.9,Rainfed,242.2,3.14,0.96,1.08,11.64,60414,732834,703219.0,-29615.0,2167,5.371,52.1,-2747.22,67980.89,65233.67
SF11263,Telangana,Rajkot,Rice,Rabi,5.63,776.4,21.0,57.9,6.3,6.9,23.4,115.2,74.5,126.3,Drip,119.6,4.46,0.99,4.12,23.2,21890,300377,507848.0,207471.0,7136,3.251,39.2,36850.98,53352.93,90203.91
SF11264,Gujarat,Rajkot,Cotton,Rabi,9.02,385.9,23.9,46.9,7.2,6.61,32.0,122.2,19.0,116.3,Sprinkler,191.9,6.37,0.95,1.8,16.24,64787,481722,1052141.0,570419.0,5066,3.206,34.0,63239.36,53405.99,116645.34
SF11265,Telangana,Guntur,Groundnut,Rabi,1.12,625.4,23.2,65.9,8.1,7.33,22.3,138.2,32.1,84.3,Drip,146.8,6.11,0.73,1.23,1.38,58005,77743,80047.0,2304.0,444,3.108,40.8,2057.14,69413.39,71470.54
SF11266,Maharashtra,Warangal,Wheat,Kharif,6.01,942.9,32.9,64.0,5.8,6.27,33.7,130.5,46.9,137.1,Drip,211.1,7.18,0.65,2.4,14.42,21519,396260,310304.0,-85956.0,3006,4.797,42.0,-14302.16,65933.44,51631.28
SF11267,Gujarat,Guntur,Rice,Rabi,3.94,480.8,23.6,61.7,7.5,7.02,29.7,82.2,40.8,176.2,Sprinkler,232.9,5.73,0.89,2.72,10.72,23251,244366,249251.0,4885.0,4945,2.168,51.7,1239.85,62021.83,63261.68
SF11268,Telangana,Krishna,Sugarcane,Kharif,4.27,1016.7,32.6,62.6,5.5,6.9,41.2,115.2,48.3,93.8,Drip,224.4,6.71,0.68,66.06,282.08,4059,279504,1144963.0,865459.0,5260,53.627,33.2,202683.61,65457.61,268141.22
SF11269,Gujarat,Warangal,Wheat,Kharif,3.02,1034.1,28.4,61.4,6.5,7.23,26.6,107.8,71.4,90.3,Drip,124.4,4.32,0.76,2.3,6.95,25171,188945,174938.0,-14007.0,1561,4.452,58.6,-4638.08,62564.57,57926.49
SF11270,Madhya Pradesh,Krishna,Maize,Kharif,11.85,930.4,27.4,78.0,7.7,7.04,36.6,66.5,72.2,99.5,Rainfed,259.2,5.2,0.65,3.11,36.85,20453,801433,753693.0,-47740.0,3661,10.066,48.1,-4028.69,67631.48,63602.78
SF11271,Punjab,Indore,Rice,Rabi,9.07,201.9,30.2,57.0,7.9,6.6,23.6,121.5,30.0,104.7,Flood,173.0,4.33,0.98,2.81,25.49,18550,693371,472840.0,-220531.0,15523,1.642,50.7,-24314.33,76446.64,52132.3
SF11272,Tamil Nadu,Rajkot,Maize,Rabi,10.89,316.1,21.8,65.9,6.7,6.99,31.1,170.1,83.6,121.8,Rainfed,169.8,8.82,0.88,3.07,33.43,22556,796672,754047.0,-42625.0,3424,9.763,34.4,-3914.14,73156.29,69242.15
SF11273,Andhra Pradesh,Nalgonda,Groundnut,Kharif,3.88,1141.7,27.2,77.5,7.0,7.74,28.6,156.3,34.2,123.6,Drip,214.5,4.95,1.0,0.55,2.13,53927,278904,114865.0,-164039.0,1697,1.255,60.5,-42278.09,71882.47,29604.38
SF11274,Punjab,Raichur,Groundnut,Kharif,2.57,882.1,28.9,76.7,6.4,6.46,32.1,119.0,74.6,110.7,Flood,174.2,4.83,0.75,2.03,5.22,52904,152982,276159.0,123177.0,1605,3.252,52.1,47928.79,59526.07,107454.86
SF11275,Punjab,Rajkot,Chilli,Kharif,11.47,769.6,27.6,65.9,7.0,6.1,35.0,165.0,41.6,142.0,Rainfed,126.6,3.69,0.81,1.66,19.04,108309,717297,2062203.0,1344906.0,4003,4.756,56.6,117254.23,62536.79,179791.02
SF11276,Andhra Pradesh,Raichur,Maize,Rabi,13.67,297.0,26.8,75.8,6.6,7.0,9.3,145.4,54.1,104.1,Flood,227.0,4.1,0.98,3.74,51.13,20218,872194,1033746.0,161552.0,10927,4.679,45.2,11818.0,63803.51,75621.51
SF11277,Andhra Pradesh,Guntur,Cotton,Kharif,5.71,843.4,30.2,81.2,8.7,6.6,31.2,136.0,95.4,138.9,Drip,162.1,3.82,0.93,2.3,13.13,68002,373772,892866.0,519094.0,4295,3.057,63.2,90909.63,65459.19,156368.83
SF11278,Telangana,Nashik,Maize,Rabi,13.24,618.1,26.5,56.0,8.9,6.52,24.7,88.4,97.7,75.7,Flood,112.7,6.31,0.89,5.44,72.03,19773,817782,1424249.0,606467.0,10116,7.12,43.2,45805.66,61766.01,107571.68
SF11279,Andhra Pradesh,Krishna,Wheat,Kharif,11.09,755.2,35.3,81.8,7.9,7.33,31.2,142.8,33.9,148.4,Flood,196.2,4.08,0.72,1.77,19.63,22021,685980,432272.0,-253708.0,8347,2.352,62.2,-22877.19,61855.73,38978.54
SF11280,Telangana,Warangal,Rice,Rabi,10.49,463.8,25.1,54.9,7.5,6.74,24.8,90.9,63.5,59.1,Rainfed,202.8,5.51,0.97,3.03,31.78,22063,670869,701162.0,30293.0,7868,4.039,31.1,2887.8,63953.19,66840.99
SF11281,Maharashtra,Erode,Maize,Kharif,4.9,709.0,28.0,74.4,6.6,5.83,27.6,72.8,75.1,71.5,Drip,306.2,3.67,0.88,2.22,10.88,15000,324134,163200.0,-160934.0,2436,4.466,52.2,-32843.67,66149.8,33306.12
SF11282,Andhra Pradesh,Nalgonda,Sugarcane,Zaid,6.92,302.1,27.1,37.8,9.1,7.29,12.3,99.3,72.3,92.6,Flood,219.2,3.79,0.87,35.44,245.24,3433,610847,841909.0,231062.0,16288,15.056,29.0,33390.46,88272.69,121663.15
SF11283,Tamil Nadu,Krishna,Pulses,Kharif,2.3,850.0,29.5,66.1,8.0,7.2,24.7,98.4,46.2,94.2,Sprinkler,135.9,4.94,0.76,1.09,2.51,65910,162262,165434.0,3172.0,760,3.303,58.4,1379.13,70548.7,71927.83
SF11284,Andhra Pradesh,Indore,Cotton,Rabi,7.82,571.6,22.6,55.7,8.2,7.42,26.1,156.8,51.7,108.3,Sprinkler,204.5,1.07,0.83,0.86,6.73,57187,496287,384869.0,-111418.0,5404,1.245,54.1,-14247.83,63463.81,49215.98
SF11285,Telangana,Ludhiana,Maize,Kharif,2.51,646.1,29.6,70.6,6.2,6.4,27.1,135.0,61.5,154.2,Drip,171.0,3.22,0.83,4.79,12.02,19551,176180,235003.0,58823.0,1169,10.282,42.2,23435.46,70191.24,93626.69
SF11286,Maharashtra,Raichur,Cotton,Rabi,4.31,440.3,17.6,66.5,6.8,6.95,29.4,81.6,19.7,95.2,Drip,164.8,6.4,0.99,1.19,5.13,69314,249006,355581.0,106575.0,3246,1.58,35.4,24727.38,57774.01,82501.39
SF11287,Madhya Pradesh,Ludhiana,Rice,Kharif,4.45,796.6,26.0,72.0,6.7,6.0,35.2,100.6,43.8,84.5,Rainfed,125.6,5.84,0.77,1.81,8.05,19784,267714,159261.0,-108453.0,3569,2.256,41.7,-24371.46,60160.45,35788.99
SF11288,Gujarat,Rajkot,Pulses,Rabi,4.0,658.3,25.8,47.5,7.0,6.5,30.7,71.6,74.8,99.7,Flood,177.1,2.94,0.67,1.04,4.16,73999,240435,307836.0,67401.0,2125,1.958,46.7,16850.25,60108.75,76959.0
SF11289,Andhra Pradesh,Rajkot,Maize,Zaid,12.27,127.9,28.3,52.9,7.1,6.27,17.8,83.5,58.4,94.2,Drip,191.5,2.59,0.84,1.95,23.93,22784,896788,545221.0,-351567.0,6438,3.717,46.5,-28652.57,73087.86,44435.29
SF11290,Telangana,Ludhiana,Cotton,Kharif,14.95,1231.3,29.1,70.1,8.0,5.64,28.1,102.3,75.8,65.0,Rainfed,144.0,8.97,0.8,0.32,4.78,78840,1005868,376855.0,-629013.0,6023,0.794,61.9,-42074.45,67282.14,25207.69
SF11291,Punjab,Warangal,Groundnut,Rabi,6.97,470.4,26.3,49.8,7.4,6.25,15.6,111.0,64.3,155.1,Flood,159.4,2.1,0.71,1.52,10.59,59775,407823,633017.0,225194.0,4103,2.581,59.9,32309.04,58511.19,90820.23
SF11292,Maharashtra,Nalgonda,Maize,Rabi,8.03,539.5,30.3,51.4,6.3,6.57,27.5,148.8,59.9,114.2,Rainfed,194.0,7.32,0.83,3.97,31.88,20342,551274,648503.0,97229.0,2535,12.576,36.1,12108.22,68651.81,80760.02
SF11293,Punjab,Nalgonda,Pulses,Rabi,9.42,282.0,26.6,35.0,8.7,7.33,30.4,165.8,76.6,103.4,Flood,258.6,2.54,0.98,0.89,8.38,68553,535576,574474.0,38898.0,5510,1.521,38.6,4129.3,56855.2,60984.5
SF11294,Punjab,Rajkot,Wheat,Rabi,4.98,137.9,24.7,65.5,5.6,5.64,23.9,166.8,33.6,141.1,Flood,178.3,4.51,0.88,0.6,2.99,27623,346017,82593.0,-263424.0,3506,0.853,36.4,-52896.39,69481.33,16584.94
SF11295,Gujarat,Krishna,Pulses,Kharif,3.78,666.7,26.6,69.3,5.7,6.71,24.8,75.4,36.9,96.3,Flood,108.1,6.58,0.82,1.61,6.09,68885,256864,419510.0,162646.0,1448,4.206,41.0,43028.04,67953.44,110981.48
SF11296,Karnataka,Rajkot,Rice,Zaid,10.69,80.0,29.5,54.3,9.3,6.46,12.2,110.5,64.4,118.8,Rainfed,196.9,8.44,0.87,2.02,21.59,20846,817336,450065.0,-367271.0,9078,2.378,27.4,-34356.5,76458.0,42101.5
SF11297,Karnataka,Indore,Sugarcane,Kharif,10.25,1110.2,31.6,90.3,4.4,5.2,31.200000000000003,109.0,63.8,109.2,Flood,165.2,7.36,0.8,3.27,33.52,3136,785319,105119.0,-680200.0,24337,1.377,58.1,-66360.98,76616.49,10255.51
SF11298,Maharashtra,Nalgonda,Wheat,Zaid,12.61,509.3,30.3,49.4,8.5,7.01,18.4,145.1,79.1,84.9,Sprinkler,180.7,2.34,0.91,3.27,41.23,21289,771971,877745.0,105774.0,7082,5.822,39.4,8388.1,61218.95,69607.06
SF11299,Andhra Pradesh,Raichur,Wheat,Kharif,4.77,1160.8,27.5,87.9,5.7,6.29,36.3,87.5,55.0,148.8,Rainfed,190.8,5.77,0.68,1.91,9.11,23886,292759,217601.0,-75158.0,1315,6.928,74.0,-15756.39,61375.05,45618.66
SF11300,Madhya Pradesh,Rajkot,Wheat,Rabi,12.69,561.0,21.3,60.8,8.0,6.87,24.1,136.2,59.2,167.4,Flood,192.6,1.07,0.7,2.89,36.67,22487,913207,824598.0,-88609.0,10384,3.531,45.4,-6982.58,71962.73,64980.14
SF11301,Andhra Pradesh,Nalgonda,Chilli,Rabi,10.09,586.1,23.6,51.5,7.7,7.64,32.9,83.7,54.7,94.9,Flood,136.1,7.77,0.97,0.67,6.76,91856,779554,620947.0,-158607.0,8485,0.797,34.8,-15719.23,77260.06,61540.83
SF11302,Maharashtra,Nashik,Groundnut,Zaid,3.58,470.1,28.2,60.1,8.4,6.17,21.6,91.8,36.4,100.3,Flood,178.4,4.9,0.78,1.42,5.08,54444,227315,276576.0,49261.0,2629,1.932,45.3,13760.06,63495.81,77255.87
SF11303,Andhra Pradesh,Erode,Wheat,Kharif,6.59,954.7,25.7,59.1,7.6,6.62,31.3,190.2,89.0,69.3,Flood,255.9,5.09,0.82,3.72,24.51,26481,445211,649049.0,203838.0,4707,5.207,67.8,30931.41,67558.57,98489.98
SF11304,Gujarat,Nashik,Rice,Zaid,8.24,341.3,27.8,48.7,8.9,6.72,20.4,155.9,56.0,89.1,Flood,277.0,7.15,0.81,3.03,24.97,22826,683356,569965.0,-113391.0,15039,1.66,22.2,-13761.04,82931.55,69170.51
SF11305,Andhra Pradesh,Rajkot,Cotton,Rabi,11.9,715.7,24.7,68.1,5.2,5.79,21.8,133.1,52.6,114.3,Rainfed,186.2,6.89,0.69,0.66,7.85,73142,830253,574165.0,-256088.0,5131,1.53,55.0,-21520.0,69769.16,48249.16
SF11306,Maharashtra,Raichur,Maize,Zaid,3.5,257.1,31.1,66.1,7.2,6.49,22.2,123.1,49.3,70.8,Rainfed,249.4,7.37,0.81,2.21,7.74,21506,228019,166456.0,-61563.0,909,8.515,41.8,-17589.43,65148.29,47558.86
SF11307,Tamil Nadu,Indore,Cotton,Rabi,6.43,362.5,25.6,74.0,7.2,6.85,23.3,113.7,28.3,76.5,Flood,256.5,6.49,0.9,1.54,9.9,60636,415694,600296.0,184602.0,5986,1.654,43.9,28709.49,64649.14,93358.63
SF11308,Karnataka,Ludhiana,Wheat,Rabi,5.84,199.0,23.4,53.0,7.6,6.41,35.1,117.6,49.1,45.7,Rainfed,231.2,5.89,0.95,1.75,10.22,21913,422219,223951.0,-198268.0,1700,6.012,36.3,-33950.0,72297.77,38347.77
SF11309,Maharashtra,Ludhiana,Chilli,Rabi,12.29,376.9,24.8,53.5,7.5,6.46,30.7,99.8,61.2,113.3,Rainfed,130.9,5.45,0.85,1.91,23.47,120306,668563,2823582.0,2155019.0,4094,5.733,27.8,175347.36,54398.94,229746.3
SF11310,Gujarat,Raichur,Maize,Rabi,14.31,605.4,24.7,74.0,8.5,7.42,23.3,94.8,66.0,103.7,Flood,141.7,5.91,0.79,2.17,31.05,22188,1162498,688937.0,-473561.0,12196,2.546,59.0,-33093.01,81236.76,48143.75
SF11311,Punjab,Rajkot,Chilli,Rabi,13.04,301.3,25.4,57.6,6.2,6.21,28.1,143.2,62.3,86.5,Flood,66.2,6.96,0.89,1.65,21.52,112879,586190,2429156.0,1842966.0,12107,1.777,29.5,141331.75,44953.22,186284.97
SF11312,Punjab,Rajkot,Rice,Zaid,13.55,152.9,29.2,44.4,7.8,5.49,26.0,96.4,41.5,95.3,Drip,234.7,3.48,0.75,0.45,6.1,26735,1065824,163084.0,-902740.0,15849,0.385,21.2,-66622.88,78658.6,12035.72
SF11313,Telangana,Erode,Maize,Kharif,1.89,823.8,28.3,63.4,7.0,7.11,23.2,118.8,56.6,149.2,Sprinkler,222.8,4.01,0.98,4.62,8.73,19483,138631,170087.0,31456.0,949,9.199,53.0,16643.39,73349.74,89993.12
SF11314,Punjab,Krishna,Maize,Kharif,10.39,979.0,27.6,81.0,7.7,6.37,28.8,157.4,56.1,72.0,Sprinkler,304.0,10.4,0.69,3.81,39.59,18487,855699,731900.0,-123799.0,7003,5.653,43.3,-11915.21,82357.94,70442.73
SF11315,Gujarat,Warangal,Cotton,Zaid,4.84,213.2,30.8,39.0,7.2,6.73,22.4,166.8,56.9,120.1,Drip,109.9,7.54,0.83,1.8,8.71,65396,341935,569599.0,227664.0,2688,3.24,32.6,47038.02,70647.73,117685.74
SF11316,Maharashtra,Warangal,Groundnut,Zaid,6.73,83.1,28.3,49.1,6.9,7.63,21.0,79.9,17.1,131.1,Drip,208.8,2.43,0.74,0.5,3.36,55355,492883,185993.0,-306890.0,3243,1.036,28.8,-45600.3,73236.7,27636.4
SF11317,Andhra Pradesh,Rajkot,Wheat,Rabi,12.46,466.2,23.4,64.0,9.2,6.96,24.0,177.7,49.6,84.1,Rainfed,187.2,4.73,0.72,2.45,30.53,18228,811811,556501.0,-255310.0,3751,8.139,42.7,-20490.37,65153.37,44663.0
SF11318,Maharashtra,Rajkot,Wheat,Kharif,13.7,926.7,27.3,70.6,7.3,5.62,29.9,51.8,87.3,119.6,Rainfed,238.2,8.67,0.89,0.69,9.45,25186,883141,238008.0,-645133.0,3979,2.375,35.0,-47090.0,64462.85,17372.85
SF11319,Karnataka,Warangal,Pulses,Rabi,11.62,543.9,22.1,63.5,8.2,7.48,18.6,54.6,57.8,119.5,Flood,302.6,5.58,0.94,0.52,6.04,66892,833031,404028.0,-429003.0,6154,0.981,37.3,-36919.36,71689.41,34770.05
SF11320,Andhra Pradesh,Krishna,Rice,Rabi,0.65,154.1,25.0,61.7,7.7,7.22,24.9,147.1,79.5,68.9,Flood,143.7,7.51,0.91,2.08,1.35,22045,45220,29761.0,-15459.0,1630,0.828,33.7,-23783.08,69569.23,45786.15
SF11321,Punjab,Guntur,Sugarcane,Rabi,4.42,615.8,24.4,58.0,8.4,6.05,18.1,135.2,44.0,70.6,Drip,133.2,2.97,1.0,48.66,215.08,3515,261016,756006.0,494990.0,7178,29.964,51.2,111988.69,59053.39,171042.08
SF11322,Gujarat,Krishna,Cotton,Rabi,2.01,333.2,19.8,51.7,6.8,6.53,24.3,158.1,27.3,83.2,Flood,235.8,3.57,0.82,1.39,2.79,64522,173455,180016.0,6561.0,1774,1.573,44.6,3264.18,86296.02,89560.2
SF11323,Gujarat,Warangal,Sugarcane,Rabi,11.16,409.9,21.4,65.0,7.8,6.28,23.75,96.0,32.1,90.2,Drip,131.1,3.09,0.91,44.47,496.29,3600,722250,1786644.0,1064394.0,19691,25.204,51.4,95375.81,64717.74,160093.55
SF11324,Maharashtra,Krishna,Wheat,Rabi,14.49,402.7,27.6,56.3,5.8,6.57,21.3,156.5,83.0,79.4,Drip,202.8,6.31,0.94,3.41,49.41,23551,1046049,1163655.0,117606.0,7193,6.869,37.3,8116.36,72191.1,80307.45
SF11325,Gujarat,Nalgonda,Rice,Kharif,11.77,619.7,30.2,80.6,5.9,6.72,37.9,172.1,27.5,125.7,Flood,229.5,5.27,0.68,3.69,43.43,26817,705071,1164662.0,459591.0,19254,2.256,49.5,39047.66,59904.08,98951.74
SF11326,Punjab,Guntur,Rice,Kharif,1.24,920.8,29.2,81.0,6.5,6.85,30.0,78.2,65.6,99.2,Drip,224.2,7.22,0.75,3.78,4.69,22153,81945,103898.0,21953.0,1653,2.837,40.1,17704.03,66084.68,83788.71
SF11327,Tamil Nadu,Warangal,Maize,Zaid,10.13,227.2,37.9,32.7,6.7,6.19,15.4,144.0,41.4,96.7,Drip,182.8,5.19,0.66,2.22,22.49,20941,619063,470963.0,-148100.0,6307,3.566,27.5,-14619.94,61111.85,46491.91
SF11328,Tamil Nadu,Ludhiana,Pulses,Rabi,3.01,177.7,18.5,49.9,6.9,6.72,29.1,110.4,58.6,96.4,Flood,189.7,3.55,1.0,0.83,2.5,74751,192800,186878.0,-5922.0,1430,1.748,32.0,-1967.44,64053.16,62085.71
SF11329,Andhra Pradesh,Indore,Wheat,Zaid,7.58,80.0,32.2,53.9,7.6,8.22,25.8,144.8,38.3,88.3,Sprinkler,199.5,8.53,0.94,0.3,2.27,25461,502945,57796.0,-445149.0,4757,0.477,23.5,-58726.78,66351.58,7624.8
SF11330,Andhra Pradesh,Rajkot,Groundnut,Rabi,6.58,456.1,19.1,42.7,6.4,7.04,20.4,68.1,20.8,67.8,Drip,276.3,3.94,0.69,1.4,9.21,60970,495648,561534.0,65886.0,3494,2.636,35.5,10013.07,75326.44,85339.51
SF11331,Andhra Pradesh,Erode,Rice,Rabi,5.1,373.9,23.2,70.2,6.3,6.2,16.8,63.6,65.4,93.5,Rainfed,165.1,3.27,0.73,1.94,9.89,24429,320674,241603.0,-79071.0,4428,2.234,49.2,-15504.12,62877.25,47373.14
SF11332,Karnataka,Nashik,Maize,Rabi,12.91,445.8,24.8,49.1,8.2,6.14,22.6,101.5,51.7,154.7,Sprinkler,334.8,6.4,1.0,2.87,37.05,21107,1087154,782014.0,-305140.0,7239,5.118,27.4,-23635.94,84210.22,60574.28
SF11333,Gujarat,Nashik,Cotton,Rabi,6.71,248.0,18.6,69.8,7.7,5.88,29.9,73.4,70.6,135.6,Sprinkler,195.4,5.85,0.73,0.61,4.09,68518,396949,280239.0,-116710.0,4304,0.95,46.3,-17393.44,59157.82,41764.38
SF11334,Karnataka,Krishna,Cotton,Kharif,5.91,848.3,28.7,74.2,6.9,6.53,32.7,99.0,42.3,60.8,Sprinkler,271.4,5.46,0.68,2.02,11.94,76486,473404,913243.0,439839.0,4516,2.644,59.9,74422.84,80102.2,154525.04
SF11335,Madhya Pradesh,Nalgonda,Sugarcane,Kharif,13.78,1134.8,29.5,75.7,6.1,7.33,26.4,85.4,44.3,135.5,Rainfed,50.5,2.22,0.78,24.92,343.4,2944,645768,1010970.0,365202.0,14349,23.932,68.0,26502.32,46862.7,73365.02
SF11336,Madhya Pradesh,Indore,Wheat,Kharif,14.02,758.2,22.4,76.4,6.4,7.33,28.8,144.9,41.9,121.3,Rainfed,287.7,8.21,0.88,1.52,21.31,21689,1131769,462193.0,-669576.0,3626,5.877,53.1,-47758.63,80725.32,32966.69
SF11337,Karnataka,Nashik,Wheat,Rabi,10.28,455.1,23.0,62.2,7.2,6.71,25.0,113.0,62.2,105.7,Drip,140.6,4.67,0.87,3.03,31.15,25818,677923,804231.0,126308.0,4572,6.813,47.8,12286.77,65945.82,78232.59
SF11338,Tamil Nadu,Indore,Maize,Rabi,11.76,441.8,24.4,59.9,6.4,6.77,24.3,60.2,31.5,136.2,Flood,165.6,3.21,0.79,3.65,42.92,23399,724159,1004285.0,280126.0,8040,5.338,42.5,23820.24,61578.15,85398.38
SF11339,Madhya Pradesh,Erode,Pulses,Rabi,3.4,496.0,25.9,52.1,6.5,7.31,26.5,114.2,54.5,102.0,Sprinkler,205.8,4.54,0.67,0.9,3.06,69087,233230,211406.0,-21824.0,1333,2.296,42.1,-6418.82,68597.06,62178.24
SF11340,Maharashtra,Ludhiana,Cotton,Rabi,1.62,560.5,22.0,57.8,7.0,5.63,20.0,182.1,56.4,99.0,Flood,264.5,1.31,0.93,0.4,0.65,73072,110894,47497.0,-63397.0,1462,0.445,61.1,-39133.95,68453.09,29319.14
SF11341,Andhra Pradesh,Krishna,Chilli,Rabi,7.61,334.7,24.8,77.6,9.0,5.55,25.2,149.9,71.2,137.1,Rainfed,268.5,5.79,0.85,0.4,3.04,112182,522803,341033.0,-181770.0,2360,1.288,53.9,-23885.68,68699.47,44813.8
SF11342,Madhya Pradesh,Rajkot,Wheat,Rabi,1.46,583.9,23.9,49.2,6.6,5.61,20.6,156.4,52.4,179.6,Sprinkler,221.9,6.39,0.93,0.87,1.27,23475,80834,29813.0,-51021.0,720,1.764,23.8,-34945.89,55365.75,20419.86
SF11343,Gujarat,Ludhiana,Groundnut,Zaid,3.71,354.7,34.4,41.4,8.4,6.31,12.4,102.0,27.0,81.7,Rainfed,145.2,4.27,0.7,0.93,3.45,63072,181658,217598.0,35940.0,984,3.506,38.4,9687.33,48964.42,58651.75
SF11344,Telangana,Ludhiana,Rice,Rabi,2.78,719.2,22.9,66.4,6.8,7.08,23.8,84.8,55.0,89.4,Drip,138.8,1.44,0.87,3.43,9.54,23078,149716,220164.0,70448.0,3817,2.499,64.8,25341.01,53854.68,79195.68
SF11345,Punjab,Raichur,Pulses,Rabi,7.69,678.8,20.7,74.9,6.6,6.41,25.5,157.4,42.7,119.1,Flood,291.6,8.27,0.79,1.15,8.84,68009,527389,601200.0,73811.0,3265,2.708,52.1,9598.31,68581.14,78179.45
SF11346,Gujarat,Rajkot,Maize,Rabi,14.03,385.2,20.7,74.6,6.6,6.63,18.8,138.3,73.0,97.6,Drip,229.4,6.66,0.99,3.55,49.81,17933,910116,893243.0,-16873.0,6285,7.925,34.5,-1202.64,64869.28,63666.64
SF11347,Karnataka,Raichur,Pulses,Kharif,13.78,962.9,30.7,71.1,7.4,5.2,32.3,129.7,72.5,76.9,Rainfed,175.4,4.27,0.83,0.3,4.13,65758,897102,271581.0,-625521.0,2606,1.585,57.8,-45393.4,65101.74,19708.35
SF11348,Andhra Pradesh,Ludhiana,Sugarcane,Kharif,10.89,675.2,27.5,80.2,5.7,6.68,47.0,145.8,76.2,118.7,Rainfed,180.2,5.64,0.98,76.14,829.16,3511,666567,2911181.0,2244614.0,10595,78.26,53.4,206116.99,61209.09,267326.08
SF11349,Maharashtra,Erode,Pulses,Kharif,5.21,1035.9,29.4,76.8,7.1,6.74,30.0,126.2,39.2,133.6,Flood,179.9,5.41,0.71,1.39,7.24,77283,396280,559529.0,163249.0,2413,3.0,70.5,31333.78,76061.42,107395.2
SF11350,Maharashtra,Nashik,Cotton,Kharif,11.4,436.0,32.5,74.2,5.9,6.31,32.2,123.9,59.1,105.4,Flood,154.8,2.73,0.66,1.45,16.53,67365,826568,1113543.0,286975.0,11067,1.494,53.2,25173.25,72505.96,97679.21
SF11351,Andhra Pradesh,Raichur,Sugarcane,Kharif,2.0,958.5,27.3,66.7,7.6,7.47,33.8,99.2,59.6,90.8,Rainfed,172.6,5.18,0.9,29.46,58.92,3068,159609,180767.0,21158.0,2098,28.084,47.5,10579.0,79804.5,90383.5
SF11352,Andhra Pradesh,Ludhiana,Rice,Zaid,8.46,419.2,26.0,60.2,8.4,6.5,21.6,98.9,59.5,127.8,Rainfed,312.6,5.03,0.88,2.71,22.93,23039,706780,528284.0,-178496.0,6831,3.357,41.7,-21098.82,83543.74,62444.92
SF11353,Andhra Pradesh,Ludhiana,Rice,Zaid,14.7,410.7,29.5,49.1,8.4,6.42,24.3,103.6,53.1,57.8,Flood,212.5,1.74,1.0,2.55,37.48,15686,1178677,587911.0,-590766.0,30583,1.226,47.8,-40188.16,80182.11,39993.95
SF11354,Madhya Pradesh,Rajkot,Wheat,Kharif,6.74,622.5,27.4,83.4,6.6,6.34,30.6,126.9,15.0,121.2,Flood,241.3,7.13,0.84,2.99,20.15,21751,511425,438283.0,-73142.0,4872,4.136,40.5,-10851.93,75879.08,65027.15
SF11355,Telangana,Nalgonda,Rice,Rabi,0.69,251.1,22.9,69.4,7.7,6.3,24.9,153.3,30.3,71.2,Drip,224.7,8.86,0.93,2.04,1.41,21880,50875,30851.0,-20024.0,902,1.563,33.4,-29020.29,73731.88,44711.59
SF11356,Tamil Nadu,Erode,Pulses,Kharif,7.65,756.5,27.9,69.0,7.7,6.58,27.2,152.8,106.8,101.3,Drip,172.6,2.13,0.67,2.02,15.45,68613,391952,1060071.0,668119.0,2270,6.806,63.2,87335.82,51235.56,138571.37
SF11357,Andhra Pradesh,Krishna,Cotton,Zaid,9.99,183.2,33.5,70.7,9.3,6.87,15.0,83.1,48.3,90.6,Sprinkler,181.6,1.72,0.68,0.94,9.39,68847,590745,646473.0,55728.0,7896,1.189,56.9,5578.38,59133.63,64712.01
SF11358,Maharashtra,Ludhiana,Cotton,Kharif,10.61,904.9,27.8,92.2,8.6,7.31,36.0,181.5,72.4,114.2,Flood,200.6,3.1,0.84,1.5,15.92,82001,782707,1305456.0,522749.0,9446,1.685,72.7,49269.46,73770.69,123040.15
SF11359,Andhra Pradesh,Raichur,Wheat,Kharif,10.32,777.6,30.7,62.3,6.6,7.06,34.3,136.2,57.5,93.5,Rainfed,153.0,7.83,0.83,2.59,26.73,23203,755276,620216.0,-135060.0,3205,8.34,45.9,-13087.21,73185.66,60098.45
SF11360,Gujarat,Guntur,Sugarcane,Rabi,9.54,266.3,25.1,53.0,6.9,6.5,21.2,112.7,49.2,149.4,Drip,198.9,5.52,0.94,45.46,433.69,3170,668231,1374797.0,706566.0,13403,32.358,37.6,74063.52,70045.18,144108.7
SF11361,Punjab,Erode,Cotton,Kharif,5.49,698.7,24.9,72.9,6.9,6.56,37.9,77.8,31.7,108.1,Rainfed,212.9,5.71,0.98,1.54,8.45,65215,361776,551067.0,189291.0,2156,3.919,55.3,34479.23,65897.27,100376.5
SF11362,Gujarat,Nalgonda,Maize,Kharif,0.91,717.6,29.4,84.5,7.2,7.07,35.7,145.6,67.2,138.9,Sprinkler,175.6,6.2,0.69,4.74,4.31,23339,57455,100591.0,43136.0,549,7.851,56.2,47402.2,63137.36,110539.56
SF11363,Andhra Pradesh,Nashik,Wheat,Kharif,11.83,723.6,29.6,74.3,4.6,7.79,35.1,67.0,53.8,117.2,Sprinkler,176.5,2.16,0.73,0.93,11.0,25913,883157,285043.0,-598114.0,5569,1.975,65.9,-50559.09,74654.02,24094.93
SF11364,Maharashtra,Warangal,Chilli,Kharif,2.01,880.1,26.4,62.8,7.0,5.88,30.5,116.7,89.5,108.0,Rainfed,246.7,8.28,0.79,1.2,2.41,98028,160478,236247.0,75769.0,732,3.292,39.0,37696.02,79839.8,117535.82
SF11365,Madhya Pradesh,Ludhiana,Maize,Kharif,7.74,1043.5,30.7,82.5,7.6,5.94,22.8,73.2,42.7,105.9,Sprinkler,254.7,5.55,0.96,1.98,15.33,20485,531941,314035.0,-217906.0,4984,3.076,67.0,-28153.23,68726.23,40573.0
SF11366,Andhra Pradesh,Indore,Rice,Kharif,2.73,1246.9,30.3,72.9,7.3,6.72,29.5,124.4,62.8,108.8,Drip,68.3,4.61,0.96,3.3,9.01,21110,134828,190201.0,55373.0,3588,2.511,66.1,20283.15,49387.55,69670.7
SF11367,Tamil Nadu,Rajkot,Rice,Rabi,4.26,551.1,17.6,52.3,7.2,6.6,17.8,96.6,63.7,110.0,Flood,144.0,6.54,0.83,3.07,13.08,23120,267093,302410.0,35317.0,7933,1.649,38.9,8290.38,62697.89,70988.26
SF11368,Karnataka,Warangal,Wheat,Rabi,6.47,609.6,21.5,69.8,7.4,6.59,19.1,149.9,74.3,94.1,Flood,117.0,6.4,0.96,3.19,20.64,21304,488576,439715.0,-48861.0,4512,4.574,27.3,-7551.93,75514.06,67962.13
SF11369,Andhra Pradesh,Rajkot,Rice,Kharif,4.71,932.4,27.8,70.7,7.0,7.02,35.7,106.9,32.8,125.4,Flood,126.7,2.89,0.7,2.83,13.33,24630,323234,328318.0,5084.0,8129,1.64,55.5,1079.41,68627.18,69706.58
SF11370,Andhra Pradesh,Indore,Wheat,Kharif,8.09,793.7,30.2,57.6,6.5,6.84,34.2,112.8,57.4,97.9,Sprinkler,159.3,7.91,0.66,3.59,29.04,24043,531538,698209.0,166671.0,4285,6.777,29.8,20602.1,65703.09,86305.19
SF11371,Gujarat,Nalgonda,Maize,Rabi,3.17,385.2,24.8,52.2,8.3,7.6,31.1,166.5,87.7,104.1,Drip,190.5,4.12,0.99,1.68,5.33,21273,211965,113385.0,-98580.0,1480,3.601,44.6,-31097.79,66865.93,35768.14
SF11372,Gujarat,Ludhiana,Wheat,Rabi,4.78,438.9,27.0,42.0,6.6,6.58,14.6,112.0,53.5,80.0,Rainfed,259.1,4.75,0.67,3.18,15.2,24482,279500,372126.0,92626.0,1478,10.284,43.8,19377.82,58472.8,77850.63
SF11373,Karnataka,Erode,Rice,Rabi,9.66,359.9,26.6,47.9,7.0,6.62,18.6,140.7,55.4,132.9,Rainfed,167.2,5.08,0.66,3.51,33.91,24200,491683,820622.0,328939.0,7509,4.516,37.4,34051.66,50898.86,84950.52
SF11374,Karnataka,Indore,Sugarcane,Zaid,9.13,234.6,27.9,61.5,7.4,7.15,30.6,154.2,33.6,107.9,Flood,168.9,3.34,0.82,34.39,313.98,3063,574372,961721.0,387349.0,24310,12.916,32.8,42425.96,62910.41,105336.36
SF11375,Gujarat,Indore,Rice,Rabi,3.34,625.3,22.8,70.4,7.0,7.76,33.3,89.9,56.1,110.3,Sprinkler,271.6,4.27,0.66,0.78,2.61,22642,234218,59096.0,-175122.0,4743,0.55,42.8,-52431.74,70125.15,17693.41
SF11376,Karnataka,Rajkot,Wheat,Rabi,8.4,352.6,26.2,45.9,8.3,7.53,29.9,98.8,55.2,121.7,Sprinkler,98.5,5.69,0.92,1.4,11.76,24372,473890,286615.0,-187275.0,3303,3.56,30.4,-22294.64,56415.48,34120.83
SF11377,Maharashtra,Indore,Cotton,Rabi,14.62,680.9,22.5,47.5,7.9,7.71,22.2,130.4,62.7,87.8,Flood,254.0,6.8,0.89,0.5,7.31,78454,870256,573499.0,-296757.0,16530,0.442,27.9,-20298.02,59525.03,39227.02
SF11378,Karnataka,Warangal,Cotton,Kharif,9.78,931.6,24.8,78.8,7.6,5.8,34.0,115.3,84.3,153.5,Drip,111.7,5.73,0.67,0.91,8.9,71789,617640,638922.0,21282.0,5766,1.544,58.5,2176.07,63153.37,65329.45
SF11379,Karnataka,Indore,Chilli,Kharif,11.81,607.0,25.7,71.9,6.7,6.2,31.0,101.1,73.2,77.6,Sprinkler,226.6,6.35,0.68,2.06,24.33,107650,961453,2619124.0,1657671.0,7007,3.472,40.5,140361.64,81410.08,221771.72
SF11380,Maharashtra,Krishna,Maize,Kharif,9.13,967.3,27.7,69.6,6.7,6.95,26.5,118.3,61.9,86.7,Drip,316.2,2.05,0.66,3.72,33.96,19674,554871,668129.0,113258.0,4765,7.127,77.7,12405.04,60774.48,73179.52
SF11381,Maharashtra,Warangal,Rice,Kharif,8.35,868.2,25.8,91.9,7.2,6.89,29.0,118.0,84.7,97.7,Drip,111.4,4.21,0.82,4.63,38.66,20217,468898,781589.0,312691.0,10681,3.62,68.0,37448.02,56155.45,93603.47
SF11382,Tamil Nadu,Guntur,Chilli,Kharif,7.83,1011.9,29.8,72.9,7.2,5.67,26.8,104.4,62.6,79.4,Rainfed,269.3,3.98,0.93,0.62,4.85,103974,558321,504274.0,-54047.0,2446,1.983,61.8,-6902.55,71305.36,64402.81
SF11383,Gujarat,Warangal,Maize,Kharif,3.14,799.8,33.3,76.5,7.7,8.02,31.8,119.8,52.6,125.1,Rainfed,216.2,4.46,0.96,0.44,1.38,18057,226791,24919.0,-201872.0,920,1.5,50.2,-64290.45,72226.43,7935.99
SF11384,Tamil Nadu,Indore,Wheat,Kharif,5.29,867.7,27.9,85.1,8.4,6.84,39.7,126.4,85.2,146.8,Drip,279.0,7.34,0.66,4.56,24.12,18702,444124,451092.0,6968.0,2278,10.588,47.0,1317.2,83955.39,85272.59
SF11385,Tamil Nadu,Krishna,Groundnut,Rabi,6.37,377.3,22.0,48.2,7.5,6.1,22.5,97.5,32.5,72.5,Drip,271.7,4.32,0.92,1.29,8.22,48336,408895,397322.0,-11573.0,3129,2.627,42.9,-1816.8,64190.74,62373.94
SF11386,Telangana,Erode,Groundnut,Rabi,13.35,511.3,20.5,71.9,6.2,8.25,17.0,146.8,60.1,124.1,Rainfed,107.6,6.73,0.74,0.3,4.0,58443,690127,233772.0,-456355.0,3368,1.188,36.4,-34183.9,51694.91,17511.01
SF11387,Gujarat,Raichur,Pulses,Kharif,1.0,1095.9,28.1,72.1,6.2,7.25,19.4,94.3,40.5,49.3,Sprinkler,189.0,3.13,0.82,0.96,0.96,79478,67672,76299.0,8627.0,319,3.009,58.5,8627.0,67672.0,76299.0
SF11388,Karnataka,Guntur,Maize,Rabi,5.19,269.3,18.2,47.2,9.3,5.57,30.0,148.9,68.8,92.2,Sprinkler,166.7,5.38,0.96,0.87,4.52,26097,404533,117958.0,-286575.0,2740,1.65,39.1,-55216.76,77944.7,22727.94
SF11389,Telangana,Raichur,Cotton,Zaid,13.9,80.0,32.7,45.5,8.5,5.77,20.4,54.0,74.9,77.3,Drip,65.8,1.21,0.75,0.45,6.26,67342,608010,421561.0,-186449.0,7993,0.783,48.6,-13413.6,43741.73,30328.13
SF11390,Punjab,Guntur,Rice,Rabi,14.55,372.0,26.8,54.2,7.6,6.72,27.3,128.5,26.3,90.9,Rainfed,284.5,8.85,0.73,2.77,40.3,19308,1210509,778112.0,-432397.0,12362,3.26,30.4,-29718.01,83196.49,53478.49
SF11391,Punjab,Nashik,Rice,Kharif,2.15,896.7,24.2,75.8,4.5,6.79,30.8,121.2,86.4,30.0,Sprinkler,255.9,0.5,0.99,3.57,7.68,16891,150243,129723.0,-20520.0,3356,2.288,63.1,-9544.19,69880.47,60336.28
SF11392,Telangana,Rajkot,Groundnut,Kharif,6.56,782.0,26.1,75.2,6.5,6.23,29.0,187.7,89.0,118.7,Rainfed,184.0,3.44,0.7,1.93,12.66,55161,407379,698338.0,290959.0,1501,8.434,56.9,44353.51,62100.46,106453.96
SF11393,Karnataka,Nashik,Chilli,Kharif,2.36,784.7,30.6,56.9,5.9,5.26,27.8,95.8,35.2,112.6,Drip,196.1,9.34,0.89,0.3,0.71,100437,171687,71310.0,-100377.0,1274,0.557,27.4,-42532.63,72748.73,30216.1
SF11394,Andhra Pradesh,Nashik,Pulses,Rabi,12.31,198.9,24.1,58.9,7.4,7.2,19.6,156.7,49.5,108.3,Rainfed,122.3,4.67,0.76,0.72,8.86,69029,796197,611597.0,-184600.0,2617,3.386,23.6,-14995.94,64678.88,49682.94
SF11395,Madhya Pradesh,Nashik,Chilli,Rabi,2.29,289.3,24.5,55.9,8.0,6.73,19.9,181.7,50.7,115.6,Rainfed,193.0,2.82,0.81,2.22,5.08,111486,152394,566349.0,413955.0,805,6.311,22.6,180766.38,66547.6,247313.97
SF11396,Karnataka,Raichur,Maize,Zaid,14.01,447.1,30.7,55.7,8.7,6.67,24.9,143.7,51.2,107.8,Sprinkler,322.8,1.78,0.84,4.22,59.12,24926,1124023,1473625.0,349602.0,9580,6.171,44.0,24953.75,80230.05,105183.8
SF11397,Andhra Pradesh,Nalgonda,Sugarcane,Rabi,7.36,611.4,23.3,49.7,8.1,5.53,19.1,123.6,64.4,100.7,Sprinkler,150.5,4.16,0.88,14.58,107.31,3183,435268,341568.0,-93700.0,11870,9.04,42.7,-12730.98,59139.67,46408.7
SF11398,Maharashtra,Nalgonda,Cotton,Rabi,5.11,413.2,24.7,59.7,9.7,5.65,22.0,139.5,66.7,110.6,Rainfed,259.0,8.59,0.88,0.38,1.94,72740,405607,141116.0,-264491.0,1988,0.976,27.4,-51759.49,79375.15,27615.66
SF11399,Andhra Pradesh,Guntur,Wheat,Rabi,7.61,469.7,23.3,58.2,6.6,6.96,17.2,65.7,48.1,114.8,Sprinkler,143.1,6.27,0.81,2.51,19.1,20530,523371,392123.0,-131248.0,4271,4.472,32.7,-17246.78,68774.11,51527.33
SF11400,Punjab,Rajkot,Wheat,Kharif,1.33,577.1,29.0,68.6,6.8,5.59,34.4,133.1,46.5,72.8,Flood,243.0,4.86,0.8,0.75,1.0,21051,98048,21051.0,-76997.0,882,1.134,38.3,-57892.48,73720.3,15827.82
SF11401,Punjab,Nalgonda,Sugarcane,Zaid,13.6,491.1,30.6,46.8,7.7,6.88,28.6,153.3,37.3,108.0,Flood,180.6,5.59,0.72,50.01,680.14,4188,802702,2848426.0,2045724.0,34392,19.776,48.0,150420.88,59022.21,209443.09
SF11402,Maharashtra,Krishna,Rice,Rabi,2.42,397.5,27.1,50.6,7.6,6.0,32.9,127.5,46.8,96.9,Rainfed,245.7,5.82,0.82,1.46,3.53,22203,176583,78377.0,-98206.0,1816,1.944,28.4,-40580.99,72968.18,32387.19
SF11403,Karnataka,Nashik,Groundnut,Zaid,1.65,80.0,31.6,56.0,7.7,5.2,20.3,97.4,55.8,138.0,Drip,99.8,7.09,0.98,0.3,0.49,60201,95249,29498.0,-65751.0,701,0.699,30.9,-39849.09,57726.67,17877.58
SF11404,Punjab,Erode,Cotton,Kharif,5.75,840.5,28.2,65.4,5.8,7.88,25.0,103.8,86.8,95.9,Sprinkler,151.9,7.23,0.66,0.43,2.47,69903,388574,172660.0,-215914.0,4162,0.593,38.9,-37550.26,67578.09,30027.83
SF11405,Tamil Nadu,Guntur,Rice,Rabi,4.31,204.9,25.5,53.0,7.3,7.31,23.6,136.8,44.8,82.1,Sprinkler,91.0,3.91,0.82,1.82,7.84,23817,193694,186725.0,-6969.0,5683,1.38,35.2,-1616.94,44940.6,43323.67
SF11406,Madhya Pradesh,Krishna,Rice,Kharif,9.03,1081.7,26.3,79.0,5.7,6.88,35.5,185.0,57.2,156.6,Flood,193.7,3.03,0.97,4.16,37.56,24696,608313,927582.0,319269.0,18214,2.062,68.3,35356.48,67365.78,102722.26
SF11407,Gujarat,Raichur,Rice,Kharif,11.14,785.4,31.6,83.6,6.0,6.17,30.6,54.1,60.0,102.3,Flood,106.9,7.18,0.83,2.05,22.84,23276,740717,531624.0,-209093.0,20951,1.09,60.1,-18769.57,66491.65,47722.08
SF11408,Madhya Pradesh,Ludhiana,Wheat,Rabi,6.51,431.1,24.4,65.4,8.0,7.52,21.6,72.6,65.9,108.5,Flood,176.1,4.91,0.79,1.29,8.4,25410,463087,213444.0,-249643.0,4879,1.722,44.8,-38347.62,71134.72,32787.1
SF11409,Andhra Pradesh,Warangal,Pulses,Rabi,5.57,487.9,27.0,51.4,6.8,7.66,26.3,93.8,80.9,103.2,Rainfed,214.6,4.37,0.84,0.48,2.67,61232,332707,163489.0,-169218.0,1051,2.54,36.8,-30380.25,59731.96,29351.71
SF11410,Gujarat,Ludhiana,Rice,Kharif,8.43,891.5,30.3,66.4,5.9,7.25,26.0,137.1,44.6,122.0,Sprinkler,201.4,3.02,0.67,2.07,17.45,19968,582274,348442.0,-233832.0,11339,1.539,57.1,-27738.08,69071.65,41333.57
SF11411,Andhra Pradesh,Guntur,Groundnut,Rabi,10.83,319.2,23.7,51.1,6.5,7.15,24.3,95.2,66.0,68.1,Rainfed,199.4,5.32,0.79,1.42,15.38,59489,573810,914941.0,341131.0,3005,5.118,34.2,31498.71,52983.38,84482.09
SF11412,Telangana,Warangal,Rice,Rabi,3.2,245.2,25.2,59.4,5.9,6.79,24.5,130.6,38.1,127.6,Rainfed,104.8,4.32,0.92,3.08,9.86,23602,161938,232716.0,70778.0,2682,3.676,36.3,22118.12,50605.62,72723.75
SF11413,Madhya Pradesh,Indore,Sugarcane,Rabi,10.14,374.8,21.9,62.6,7.0,6.16,17.5,164.7,54.3,117.6,Rainfed,190.1,5.25,0.85,32.35,328.03,3280,712801,1075938.0,363137.0,9690,33.852,40.6,35812.33,70295.96,106108.28
SF11414,Punjab,Warangal,Sugarcane,Rabi,7.86,191.6,21.7,53.6,7.6,6.82,9.0,101.7,35.4,99.3,Rainfed,114.7,4.78,0.89,43.39,341.05,3723,427298,1269729.0,842431.0,7159,47.639,39.8,107179.52,54363.61,161543.13
SF11415,Maharashtra,Krishna,Sugarcane,Rabi,5.67,397.3,18.1,56.6,9.1,6.23,22.1,122.2,65.1,96.8,Drip,335.0,4.58,0.83,39.9,226.23,3537,424147,800176.0,376029.0,8951,25.274,33.6,66319.05,74805.47,141124.51
SF11416,Madhya Pradesh,Ludhiana,Rice,Kharif,3.67,949.5,33.8,70.8,9.1,6.49,37.4,94.9,45.1,78.7,Flood,235.5,1.33,0.92,2.98,10.94,21790,213679,238383.0,24704.0,6911,1.583,76.3,6731.34,58223.16,64954.5
SF11417,Punjab,Warangal,Cotton,Kharif,1.73,567.8,31.1,83.6,6.7,5.83,34.7,119.5,57.8,130.7,Sprinkler,116.6,1.13,0.67,0.85,1.47,70599,104870,103781.0,-1089.0,1268,1.159,60.5,-629.48,60618.5,59989.02
SF11418,Karnataka,Ludhiana,Maize,Rabi,0.91,556.9,21.7,49.1,6.0,7.12,16.0,134.4,62.9,99.7,Sprinkler,236.8,2.02,0.96,3.75,3.41,18302,60983,62410.0,1427.0,528,6.458,58.4,1568.13,67014.29,68582.42
SF11419,Maharashtra,Erode,Maize,Rabi,4.61,603.4,27.7,59.1,5.4,5.87,23.2,160.0,48.1,95.0,Flood,225.6,5.59,0.96,2.03,9.36,20747,344480,194192.0,-150288.0,3638,2.573,42.5,-32600.43,74724.51,42124.08
SF11420,Karnataka,Nashik,Chilli,Rabi,2.11,125.1,26.5,47.1,9.0,6.55,22.5,82.0,74.4,119.9,Flood,222.7,4.57,0.8,1.69,3.57,125821,146729,449181.0,302452.0,1668,2.14,31.1,143342.18,69539.81,212881.99
SF11421,Telangana,Raichur,Rice,Rabi,5.06,678.7,24.5,56.7,7.9,6.66,19.6,99.0,41.8,128.2,Flood,162.9,3.39,0.88,3.87,19.58,18463,350098,361506.0,11408.0,10317,1.898,50.0,2254.55,69189.33,71443.87
SF11422,Tamil Nadu,Rajkot,Rice,Kharif,11.92,811.2,28.0,71.0,7.0,6.86,36.0,49.7,69.3,118.5,Flood,180.4,2.94,0.74,4.05,48.28,28551,861397,1378442.0,517045.0,20359,2.371,56.7,43376.26,72264.85,115641.11
SF11423,Punjab,Warangal,Pulses,Rabi,0.97,767.3,21.5,51.0,6.8,6.79,26.0,110.3,80.6,120.7,Drip,181.7,5.8,0.66,1.42,1.38,67216,63387,92758.0,29371.0,363,3.802,45.3,30279.38,65347.42,95626.8
SF11424,Karnataka,Warangal,Pulses,Kharif,7.32,675.5,28.1,62.1,8.0,6.32,31.7,117.3,50.3,121.9,Drip,112.2,5.53,0.96,1.62,11.86,62072,469471,736174.0,266703.0,2368,5.008,38.9,36434.84,64135.38,100570.22
SF11425,Karnataka,Warangal,Pulses,Rabi,5.09,386.3,27.0,54.5,8.4,7.18,21.5,73.4,50.5,99.5,Flood,302.7,8.03,0.85,0.91,4.63,75182,433767,348093.0,-85674.0,2443,1.895,37.5,-16831.83,85219.45,68387.62
SF11426,Maharashtra,Indore,Pulses,Kharif,9.92,719.2,31.0,62.3,6.7,7.08,31.4,102.1,89.7,114.6,Flood,144.5,7.34,0.7,1.34,13.29,73818,719818,981041.0,261223.0,3979,3.34,44.3,26332.96,72562.3,98895.26
SF11427,Andhra Pradesh,Nalgonda,Wheat,Rabi,11.82,118.1,26.0,57.6,8.3,6.9,16.6,136.3,59.8,102.8,Sprinkler,99.7,4.0,0.89,2.56,30.26,27669,637063,837264.0,200201.0,5598,5.406,31.4,16937.48,53897.04,70834.52
SF11428,Karnataka,Rajkot,Maize,Rabi,13.46,385.4,23.8,70.0,8.0,6.47,27.0,138.7,34.2,70.7,Rainfed,241.9,4.7,0.7,3.47,46.71,21658,1018093,1011645.0,-6448.0,3477,13.434,40.9,-479.05,75638.41,75159.36
SF11429,Tamil Nadu,Warangal,Wheat,Kharif,11.87,1176.6,28.6,77.1,6.6,5.41,38.6,146.6,29.8,126.1,Sprinkler,183.7,2.45,0.72,0.31,3.68,23412,845422,86156.0,-759266.0,4822,0.763,72.5,-63965.12,71223.42,7258.3
SF11430,Gujarat,Ludhiana,Rice,Kharif,7.84,947.9,28.3,82.7,7.0,6.64,36.0,134.5,44.1,162.8,Flood,126.4,6.95,0.79,3.35,26.26,24242,469642,636595.0,166953.0,16791,1.564,57.6,21295.03,59903.32,81198.34
SF11431,Madhya Pradesh,Raichur,Cotton,Rabi,1.5,431.8,24.8,60.1,6.9,6.27,33.4,120.7,64.8,106.2,Rainfed,43.2,2.65,0.8,1.16,1.74,68156,84959,118591.0,33632.0,659,2.64,57.4,22421.33,56639.33,79060.67
SF11432,Maharashtra,Nashik,Rice,Kharif,10.83,1052.0,31.5,63.1,6.6,6.42,34.9,125.8,62.6,128.3,Flood,271.0,4.2,0.74,2.66,28.81,23525,800206,677755.0,-122451.0,18797,1.533,52.1,-11306.65,73887.9,62581.26
SF11433,Punjab,Nashik,Wheat,Kharif,10.12,989.7,27.1,64.8,6.6,6.5,30.0,99.7,29.0,98.0,Rainfed,160.0,4.51,0.95,2.68,27.12,22629,684121,613698.0,-70423.0,3342,8.115,45.4,-6958.79,67600.89,60642.09
SF11434,Gujarat,Ludhiana,Wheat,Kharif,7.15,859.8,25.3,71.6,5.8,6.19,36.4,132.0,70.2,91.3,Flood,261.7,4.26,0.98,2.72,19.45,27418,495253,533280.0,38027.0,5300,3.67,62.9,5318.46,69266.15,74584.62
SF11435,Karnataka,Ludhiana,Cotton,Kharif,9.48,862.1,33.7,62.1,9.5,7.53,35.1,138.0,67.9,118.4,Sprinkler,146.3,6.2,0.7,0.87,8.25,63356,667732,522687.0,-145045.0,6473,1.275,57.0,-15300.11,70435.86,55135.76
SF11436,Tamil Nadu,Guntur,Rice,Kharif,13.97,621.9,28.7,57.0,5.6,6.42,27.5,127.1,76.0,79.4,Rainfed,242.3,7.76,1.0,3.16,44.15,26352,1059561,1163441.0,103880.0,9636,4.582,38.8,7435.93,75845.45,83281.39
SF11437,Maharashtra,Guntur,Pulses,Kharif,7.87,814.2,28.7,72.8,6.1,6.72,27.1,67.4,61.0,80.0,Rainfed,180.1,5.31,0.8,1.54,12.12,81617,460068,989198.0,529130.0,1766,6.863,54.4,67233.8,58458.45,125692.25
SF11438,Maharashtra,Indore,Maize,Kharif,4.87,754.6,30.3,82.3,8.3,6.46,31.3,112.9,77.5,137.0,Flood,168.4,4.52,0.66,5.74,27.95,21039,384050,588040.0,203990.0,3522,7.936,55.8,41887.06,78860.37,120747.43
SF11439,Tamil Nadu,Guntur,Chilli,Zaid,10.5,359.5,33.2,43.5,7.1,6.64,23.1,137.0,56.6,72.6,Rainfed,231.0,8.33,0.81,1.3,13.65,93872,830425,1281353.0,450928.0,3845,3.55,27.2,42945.52,79088.1,122033.62
SF11440,Andhra Pradesh,Nalgonda,Pulses,Zaid,2.63,516.8,31.8,46.8,7.8,7.83,16.0,133.9,83.0,103.0,Flood,160.6,8.81,0.89,0.3,0.79,78999,199591,62409.0,-137182.0,1439,0.549,26.0,-52160.46,75890.11,23729.66
SF11441,Tamil Nadu,Warangal,Rice,Kharif,13.71,1150.6,27.2,80.5,7.7,5.65,33.5,98.7,67.8,70.2,Rainfed,40.0,8.9,0.86,0.74,10.15,22982,774511,233267.0,-541244.0,13116,0.774,52.6,-39478.05,56492.41,17014.37
SF11442,Karnataka,Raichur,Chilli,Kharif,12.96,518.5,27.0,67.1,6.8,5.82,24.8,98.9,74.3,169.8,Sprinkler,172.5,4.61,0.82,1.25,16.2,98545,1001488,1596429.0,594941.0,8558,1.893,49.3,45905.94,77275.31,123181.25
SF11443,Karnataka,Nashik,Pulses,Kharif,0.98,946.5,29.9,66.0,7.1,6.51,37.6,190.0,35.8,122.7,Drip,116.8,5.91,0.74,1.69,1.66,60033,53698,99655.0,45957.0,278,5.971,68.4,46894.9,54793.88,101688.78
SF11444,Tamil Nadu,Indore,Chilli,Kharif,14.39,418.9,23.4,84.1,6.7,6.3,36.6,134.0,36.5,30.0,Flood,145.1,1.54,0.94,1.48,21.3,106535,783074,2269196.0,1486122.0,10261,2.076,67.5,103274.64,54417.93,157692.56
SF11445,Tamil Nadu,Erode,Rice,Rabi,2.36,202.7,24.7,63.0,6.9,6.29,21.2,67.1,62.6,80.1,Sprinkler,255.2,0.5,0.91,2.52,5.95,19161,170258,114008.0,-56250.0,3695,1.61,54.8,-23834.75,72143.22,48308.47
SF11446,Maharashtra,Raichur,Cotton,Kharif,2.95,857.4,33.4,65.4,8.6,6.77,35.0,114.9,54.9,151.7,Flood,224.5,4.07,0.92,1.7,5.02,57990,211266,291110.0,79844.0,2833,1.772,66.7,27065.76,71615.59,98681.36
SF11447,Gujarat,Guntur,Pulses,Kharif,3.7,906.1,25.2,57.5,5.7,6.75,31.8,115.3,39.7,142.1,Sprinkler,147.7,4.1,0.96,1.55,5.74,78927,217623,453041.0,235418.0,1525,3.764,64.6,63626.49,58817.03,122443.51
SF11448,Karnataka,Nashik,Pulses,Zaid,11.72,222.4,32.4,63.8,8.8,7.39,28.8,154.8,47.9,86.3,Drip,162.3,5.99,0.77,0.64,7.5,69729,763310,522968.0,-240342.0,2986,2.512,49.5,-20507.0,65128.84,44621.84
SF11449,Andhra Pradesh,Rajkot,Sugarcane,Kharif,10.59,632.9,24.6,66.2,7.4,6.6,33.9,93.8,33.5,145.8,Flood,142.3,5.23,0.7,68.66,727.11,3151,699116,2291124.0,1592008.0,26438,27.502,44.2,150331.26,66016.62,216347.88
SF11450,Tamil Nadu,Warangal,Chilli,Rabi,9.19,582.6,22.1,37.5,7.0,7.25,28.7,137.9,78.4,85.6,Drip,249.0,2.44,0.74,1.88,17.28,82190,634290,1420243.0,785953.0,4045,4.272,45.4,85522.63,69019.59,154542.22
SF11451,Andhra Pradesh,Raichur,Wheat,Zaid,13.26,421.7,34.5,47.5,8.5,6.03,19.3,135.9,58.8,149.3,Drip,209.8,5.62,0.99,1.58,20.95,18867,953475,395264.0,-558211.0,5920,3.539,28.4,-42097.36,71906.11,29808.75
SF11452,Punjab,Nashik,Cotton,Kharif,11.22,999.2,27.5,58.4,6.6,6.08,33.2,116.8,50.2,102.8,Flood,278.0,4.72,0.83,1.12,12.57,54177,839947,681005.0,-158942.0,12547,1.002,47.2,-14165.95,74861.59,60695.63
SF11453,Maharashtra,Indore,Rice,Rabi,11.34,316.0,24.6,58.4,8.2,7.01,21.7,104.5,22.6,129.6,Flood,209.6,5.03,0.94,2.03,23.02,22793,794979,524695.0,-270284.0,23011,1.0,31.3,-23834.57,70103.97,46269.4
SF11454,Karnataka,Rajkot,Maize,Kharif,9.98,654.4,28.3,77.2,6.6,6.8,29.8,93.2,44.7,140.3,Flood,105.1,4.77,0.88,4.71,47.01,23104,647001,1086119.0,439118.0,7397,6.355,49.7,43999.8,64829.76,108829.56
SF11455,Maharashtra,Rajkot,Rice,Rabi,7.48,452.4,24.3,52.7,9.0,7.5,25.3,108.6,61.4,200.0,Rainfed,224.0,4.7,0.78,1.69,12.64,23243,632287,293792.0,-338495.0,5093,2.482,41.1,-45253.34,84530.35,39277.01
SF11456,Andhra Pradesh,Ludhiana,Groundnut,Kharif,11.57,847.8,30.5,71.1,7.1,6.46,28.5,146.6,65.5,67.9,Sprinkler,114.6,4.61,0.82,2.0,23.14,61344,747204,1419500.0,672296.0,4252,5.442,58.0,58106.83,64581.16,122687.99
SF11457,Karnataka,Nalgonda,Pulses,Kharif,10.22,792.1,24.9,58.8,5.6,5.36,32.5,110.2,32.1,41.3,Flood,172.5,6.57,0.85,0.3,3.07,73740,897039,226382.0,-670657.0,4437,0.692,42.6,-65622.02,87772.9,22150.88
SF11458,Telangana,Erode,Cotton,Rabi,3.71,272.2,23.5,52.5,8.1,7.52,19.4,141.2,73.3,120.1,Flood,113.4,6.42,0.89,0.68,2.52,71480,226066,180130.0,-45936.0,3144,0.802,42.3,-12381.67,60934.23,48552.56
SF11459,Punjab,Erode,Groundnut,Kharif,13.29,776.4,32.9,73.8,7.0,6.68,33.9,88.2,57.0,113.0,Rainfed,96.4,7.01,0.94,1.86,24.72,62510,848746,1545247.0,696501.0,3745,6.601,55.6,52407.9,63863.51,116271.41
SF11460,Tamil Nadu,Warangal,Rice,Kharif,10.15,988.2,29.3,76.7,7.1,6.39,32.2,129.1,51.4,133.1,Drip,149.7,8.68,0.98,3.77,38.27,21228,680854,812396.0,131542.0,11996,3.19,52.8,12959.8,67079.21,80039.01
SF11461,Telangana,Rajkot,Sugarcane,Rabi,9.51,573.3,21.2,50.6,6.4,6.58,26.4,92.2,79.9,66.8,Sprinkler,233.4,6.93,0.87,67.12,638.31,3328,731205,2124296.0,1393091.0,17398,36.689,30.8,146486.96,76888.01,223374.97
SF11462,Karnataka,Erode,Pulses,Kharif,7.88,1046.1,26.7,56.9,6.6,6.76,30.7,167.6,37.2,108.5,Rainfed,201.3,5.35,0.85,1.38,10.87,74570,454597,810576.0,355979.0,1335,8.142,35.6,45175.0,57689.97,102864.97
SF11463,Madhya Pradesh,Guntur,Maize,Rabi,14.24,551.8,19.3,48.4,8.4,7.1,34.2,96.1,49.3,124.8,Rainfed,252.6,6.13,0.77,3.0,42.72,19093,1064101,815653.0,-248448.0,4446,9.609,31.5,-17447.19,74726.19,57279.0
SF11464,Madhya Pradesh,Raichur,Wheat,Kharif,7.66,871.6500000000001,26.4,72.3,6.9,7.31,32.2,143.7,48.7,83.2,Drip,106.0,3.77,1.0,2.03,15.55,21382,441481,332490.0,-108991.0,3587,4.335,56.3,-14228.59,57634.6,43406.01
SF11465,Gujarat,Nashik,Sugarcane,Kharif,7.65,579.6,28.0,75.0,5.5,6.74,39.4,153.0,43.2,100.5,Drip,205.1,7.2,1.0,91.98,703.65,3839,484604,2701312.0,2216708.0,12787,55.029,44.5,289765.75,63346.93,353112.68
SF11466,Gujarat,Rajkot,Groundnut,Rabi,8.32,400.5,23.9,48.0,7.0,5.76,22.1,86.9,45.0,165.0,Drip,216.4,6.4,0.85,0.58,4.83,58500,597966,282555.0,-315411.0,2885,1.674,33.6,-37909.98,71870.91,33960.94
SF11467,Telangana,Guntur,Cotton,Zaid,5.82,330.3,31.9,52.7,5.9,7.01,20.2,127.8,37.2,127.1,Flood,136.4,3.75,0.77,1.07,6.23,73344,340964,456933.0,115969.0,5638,1.105,42.6,19925.95,58584.88,78510.82
SF11468,Punjab,Warangal,Cotton,Rabi,9.89,697.8,23.5,63.8,6.6,7.64,22.8,60.1,58.5,99.3,Flood,159.7,2.15,0.75,0.53,5.24,59194,580185,310177.0,-270008.0,9590,0.546,53.1,-27301.11,58663.8,31362.69
SF11469,Karnataka,Warangal,Maize,Kharif,4.84,685.2,27.9,76.4,7.7,6.81,30.6,91.4,54.4,126.6,Sprinkler,81.5,2.55,0.72,5.66,27.39,23418,238854,641419.0,402565.0,2658,10.305,64.4,83174.59,49350.0,132524.59
SF11470,Maharashtra,Guntur,Pulses,Rabi,11.29,333.7,23.3,64.0,9.3,6.64,29.9,125.5,67.8,87.0,Flood,261.9,4.47,0.7,1.05,11.85,65227,748830,772940.0,24110.0,5687,2.084,38.7,2135.52,66326.84,68462.36
SF11471,Telangana,Guntur,Groundnut,Rabi,3.88,264.0,25.4,61.6,7.7,6.96,28.5,149.4,41.2,94.9,Sprinkler,258.1,5.97,0.87,1.66,6.44,58014,314222,373610.0,59388.0,1800,3.578,32.0,15306.19,80985.05,96291.24
SF11472,Punjab,Guntur,Pulses,Rabi,14.91,504.5,24.1,38.1,6.0,6.9,18.2,95.9,53.4,122.1,Rainfed,272.0,5.58,0.81,1.07,15.95,75559,1091574,1205166.0,113592.0,2237,7.13,33.8,7618.51,73210.87,80829.38
SF11473,Telangana,Erode,Rice,Rabi,8.45,357.1,19.0,53.6,6.5,6.07,23.7,118.9,63.9,118.4,Drip,194.6,4.74,0.92,1.81,15.29,21385,565287,326977.0,-238310.0,9973,1.533,33.3,-28202.37,66897.87,38695.5
SF11474,Gujarat,Nalgonda,Rice,Kharif,6.97,847.5,26.7,70.2,7.5,7.93,27.4,160.0,43.6,119.7,Sprinkler,52.1,7.91,0.85,0.72,5.02,22102,431178,110952.0,-320226.0,8911,0.563,40.4,-45943.47,61861.98,15918.51
SF11475,Karnataka,Guntur,Rice,Rabi,2.28,383.6,22.4,66.7,7.1,6.57,25.2,57.3,65.4,94.1,Rainfed,160.9,4.81,0.69,2.39,5.45,21782,123220,118712.0,-4508.0,1580,3.449,52.6,-1977.19,54043.86,52066.67
SF11476,Gujarat,Nalgonda,Rice,Rabi,10.87,457.3,22.6,45.6,6.9,6.26,30.3,79.5,69.9,49.2,Rainfed,173.0,5.7,0.8,2.0,21.74,22722,801055,493976.0,-307079.0,9298,2.338,52.9,-28250.14,73694.11,45443.97
SF11477,Gujarat,Guntur,Chilli,Rabi,3.79,482.0,24.9,48.7,8.9,6.17,23.0,82.5,44.0,112.1,Flood,192.4,5.26,0.99,1.58,5.99,108584,258456,650418.0,391962.0,3050,1.964,51.2,103420.05,68194.2,171614.25
SF11478,Madhya Pradesh,Ludhiana,Groundnut,Rabi,0.75,235.2,22.7,48.6,7.6,6.95,20.4,121.6,74.3,146.0,Rainfed,166.5,4.51,0.73,1.19,0.89,55399,44667,49305.0,4638.0,191,4.66,43.9,6184.0,59556.0,65740.0
SF11479,Telangana,Guntur,Wheat,Kharif,0.73,1075.8,31.4,66.7,6.6,6.8,32.9,93.7,36.9,92.3,Sprinkler,279.8,9.04,0.87,2.39,1.74,22362,58278,38910.0,-19368.0,402,4.328,45.4,-26531.51,79832.88,53301.37
SF11480,Karnataka,Krishna,Rice,Rabi,12.89,442.8,22.5,76.0,7.7,7.93,26.2,130.8,73.0,108.5,Flood,117.8,4.79,0.9,0.47,6.06,21131,945158,128054.0,-817104.0,21743,0.279,45.7,-63390.54,73324.9,9934.37
SF11481,Maharashtra,Raichur,Pulses,Kharif,13.37,1025.4,31.1,73.0,6.9,7.54,23.8,67.5,59.7,129.8,Flood,249.2,1.57,0.67,0.48,6.42,72140,1073179,463139.0,-610040.0,6942,0.925,60.9,-45627.52,80267.69,34640.16
SF11482,Andhra Pradesh,Indore,Pulses,Rabi,5.54,257.7,21.2,53.5,7.1,5.69,20.0,116.1,25.1,110.7,Sprinkler,210.8,1.31,0.8,0.3,1.66,58047,359519,96358.0,-263161.0,2268,0.732,42.7,-47501.99,64895.13,17393.14
SF11483,Karnataka,Ludhiana,Chilli,Zaid,11.36,127.0,34.0,48.0,7.8,6.18,26.8,174.5,82.7,85.8,Drip,123.5,3.47,0.94,1.26,14.31,103686,622905,1483747.0,860842.0,7279,1.966,37.2,75778.35,54833.19,130611.53
SF11484,Maharashtra,Rajkot,Wheat,Kharif,1.2,1321.6,27.8,64.4,5.4,6.07,28.9,103.5,52.2,119.1,Rainfed,196.9,3.55,0.73,1.23,1.48,23745,79759,35143.0,-44616.0,336,4.405,61.3,-37180.0,66465.83,29285.83
SF11485,Punjab,Erode,Pulses,Zaid,7.99,279.4,28.1,56.9,7.6,6.38,20.2,114.9,54.5,126.5,Flood,95.2,4.72,0.66,0.96,7.67,74269,549054,569643.0,20589.0,4352,1.762,40.7,2576.85,68717.65,71294.49
SF11486,Telangana,Krishna,Groundnut,Kharif,7.45,772.3,27.6,85.4,7.5,6.65,28.4,102.9,55.7,101.4,Drip,152.8,5.73,0.88,2.45,18.25,52649,466391,960844.0,494453.0,2526,7.225,59.1,66369.53,62602.82,128972.35
SF11487,Maharashtra,Ludhiana,Chilli,Rabi,14.61,553.4,21.7,72.6,6.7,6.76,29.1,171.6,45.5,103.6,Drip,218.2,5.15,0.8,2.69,39.3,94045,812696,3695968.0,2883272.0,8730,4.502,44.1,197349.21,55626.01,252975.22
SF11488,Madhya Pradesh,Nalgonda,Pulses,Kharif,3.03,1040.9,28.9,57.6,6.9,5.89,42.3,121.5,28.6,86.4,Flood,182.5,6.55,0.96,0.53,1.61,62681,221958,100916.0,-121042.0,1536,1.048,49.5,-39947.85,73253.47,33305.61
SF11489,Gujarat,Nalgonda,Pulses,Kharif,6.97,845.5,33.3,80.2,4.6,6.43,29.2,98.9,72.7,97.1,Drip,166.3,5.75,0.73,1.36,9.48,73225,424761,694173.0,269412.0,2423,3.913,49.8,38653.08,60941.32,99594.4
SF11490,Gujarat,Warangal,Chilli,Zaid,1.58,236.1,31.3,52.7,7.9,6.3,13.0,88.4,40.2,102.7,Sprinkler,209.1,3.82,0.69,1.49,2.35,92158,117759,216571.0,98812.0,1017,2.311,42.4,62539.24,74531.01,137070.25
SF11491,Andhra Pradesh,Krishna,Maize,Rabi,13.78,525.8,28.6,54.4,7.3,5.43,27.1,143.3,70.3,128.3,Drip,109.6,4.23,0.8,0.61,8.41,19507,792857,164054.0,-628803.0,6680,1.259,54.3,-45631.57,57536.79,11905.22
SF11492,Maharashtra,Rajkot,Wheat,Rabi,5.97,724.4,24.0,68.8,7.0,7.05,19.4,128.0,74.5,62.7,Sprinkler,272.9,5.45,0.72,2.9,17.31,24335,376228,421239.0,45011.0,3240,5.343,52.9,7539.53,63019.77,70559.3
SF11493,Andhra Pradesh,Nashik,Maize,Zaid,9.65,292.6,31.9,37.7,8.8,7.22,18.6,196.8,69.9,95.9,Rainfed,50.6,8.99,0.85,2.18,21.04,17694,412404,372282.0,-40122.0,2854,7.372,15.1,-4157.72,42736.17,38578.45
SF11494,Tamil Nadu,Ludhiana,Groundnut,Kharif,5.91,569.2,32.1,75.4,7.1,6.51,31.3,132.2,49.5,147.2,Flood,150.1,6.82,0.91,1.72,10.17,46330,482059,471176.0,-10883.0,3484,2.919,45.3,-1841.46,81566.67,79725.21
SF11495,Tamil Nadu,Rajkot,Chilli,Kharif,10.01,788.6,22.9,59.5,8.4,6.51,38.2,74.7,54.6,85.8,Flood,316.1,3.18,0.96,2.23,22.32,89908,883886,2006747.0,1122861.0,6484,3.442,57.5,112173.93,88300.3,200474.23
SF11496,Telangana,Guntur,Wheat,Kharif,3.86,1395.2,25.9,64.4,6.2,6.87,29.8,133.1,53.8,105.5,Flood,163.0,6.18,0.87,2.4,9.26,22646,231318,209702.0,-21616.0,3065,3.021,68.2,-5600.0,59926.94,54326.94
SF11497,Karnataka,Rajkot,Sugarcane,Rabi,3.27,403.55,28.1,65.6,6.8,6.75,26.7,115.4,52.6,106.3,Flood,192.9,4.72,0.92,79.86,261.14,3227,208043,842699.0,634656.0,6440,40.55,47.8,194084.4,63621.71,257706.12
SF11498,Telangana,Warangal,Sugarcane,Zaid,14.51,430.5,30.0,51.8,7.5,7.09,19.3,74.4,47.9,108.4,Rainfed,186.6,4.87,0.86,40.18,583.01,3708,1020799,2161801.0,1141002.0,13150,44.335,41.1,78635.56,70351.41,148986.97
SF11499,Maharashtra,Krishna,Maize,Kharif,12.44,1139.2,28.8,84.6,5.8,6.15,30.3,96.3,42.7,77.2,Flood,204.4,6.09,0.83,2.46,30.6,21413,924101,655238.0,-268863.0,8594,3.561,42.3,-21612.78,74284.65,52671.86
SF11500,Andhra Pradesh,Nashik,Maize,Zaid,9.33,169.5,30.2,46.7,8.2,6.83,9.1,161.3,54.4,61.4,Rainfed,217.0,5.72,0.94,1.9,17.73,21316,635637,377933.0,-257704.0,3469,5.111,30.5,-27621.01,68128.3,40507.29
SF11501,Telangana,Nalgonda,Maize,Rabi,2.14,313.6,23.9,56.1,7.3,6.1,28.5,167.3,40.9,160.5,Sprinkler,131.9,3.0,0.74,2.55,5.46,22678,119797,123822.0,4025.0,995,5.487,48.5,1880.84,55979.91,57860.75
SF11502,Telangana,Indore,Maize,Zaid,0.56,244.9,29.5,60.0,9.8,6.63,21.6,105.1,55.6,56.3,Drip,300.5,8.27,0.97,3.21,1.8,20443,40736,36797.0,-3939.0,257,7.004,37.4,-7033.93,72742.86,65708.93
SF11503,Punjab,Guntur,Pulses,Kharif,5.03,1167.0,29.4,84.4,7.1,6.79,29.9,108.1,29.3,121.0,Flood,232.5,4.03,0.8,1.19,5.99,67182,340711,402420.0,61709.0,2575,2.326,61.5,12268.19,67735.79,80003.98
SF11504,Maharashtra,Indore,Rice,Kharif,5.08,985.4,24.9,74.6,6.6,6.32,32.7,94.3,48.6,86.6,Flood,259.6,3.25,0.79,2.84,14.43,20014,338419,288802.0,-49617.0,10584,1.363,60.7,-9767.13,66617.91,56850.79
SF11505,Tamil Nadu,Krishna,Sugarcane,Rabi,4.58,203.5,25.6,59.5,6.9,6.0,29.8,132.6,91.0,137.5,Flood,252.7,7.2,0.88,28.48,130.44,3337,358289,435278.0,76989.0,10212,12.773,24.5,16809.83,78229.04,95038.86
SF11506,Tamil Nadu,Rajkot,Pulses,Rabi,6.09,321.4,22.2,56.5,8.1,7.72,22.5,180.3,68.9,116.7,Sprinkler,181.1,5.52,0.93,0.3,1.83,88103,396021,161228.0,-234793.0,2263,0.809,37.4,-38553.86,65028.08,26474.22
SF11507,Andhra Pradesh,Raichur,Rice,Kharif,12.64,1009.1,27.1,81.7,8.7,6.99,31.6,109.8,60.0,102.8,Drip,124.8,5.79,0.78,3.82,48.28,20728,807366,1000748.0,193382.0,20632,2.34,64.4,15299.21,63873.89,79173.1
SF11508,Punjab,Erode,Rice,Rabi,9.82,480.9,21.3,54.9,9.0,6.47,22.3,117.9,54.2,92.0,Drip,340.2,5.9,0.82,3.36,33.0,23622,686085,779526.0,93441.0,11411,2.892,31.2,9515.38,69866.09,79381.47
SF11509,Telangana,Rajkot,Groundnut,Rabi,9.17,407.1,26.4,52.9,7.2,7.33,21.9,154.1,59.1,131.9,Sprinkler,119.1,3.64,0.81,1.02,9.35,50296,529075,470268.0,-58807.0,4401,2.125,46.4,-6412.98,57696.29,51283.32
SF11510,Karnataka,Nalgonda,Wheat,Rabi,4.46,574.8,21.8,57.5,8.6,6.2,20.9,211.9,69.9,114.7,Rainfed,101.9,3.15,0.69,2.48,11.06,24259,241522,268305.0,26783.0,1069,10.346,45.2,6005.16,54152.91,60158.07
SF11511,Telangana,Rajkot,Groundnut,Rabi,1.91,456.3,24.6,69.9,7.4,6.95,14.4,79.4,56.1,76.8,Rainfed,246.5,1.62,0.69,1.52,2.9,52656,118096,152702.0,34606.0,487,5.955,41.1,18118.32,61830.37,79948.69
SF11512,Tamil Nadu,Warangal,Groundnut,Rabi,8.0,550.3,26.3,49.6,6.4,7.13,31.0,58.8,56.8,101.0,Rainfed,190.7,9.96,0.94,1.41,11.28,53472,589798,603164.0,13366.0,2017,5.592,27.4,1670.75,73724.75,75395.5
SF11513,Punjab,Raichur,Rice,Rabi,0.54,315.5,23.6,49.5,8.7,6.18,17.3,158.6,61.1,52.6,Sprinkler,159.3,5.1,0.75,2.2,1.19,22645,32924,26948.0,-5976.0,821,1.449,30.5,-11066.67,60970.37,49903.7
SF11514,Karnataka,Nashik,Groundnut,Kharif,10.14,1097.3,26.8,67.7,4.6,7.33,32.9,117.7,88.3,83.1,Rainfed,124.1,3.74,0.99,0.88,8.92,59622,632016,531828.0,-100188.0,2747,3.247,67.0,-9880.47,62328.99,52448.52
SF11515,Maharashtra,Ludhiana,Rice,Kharif,13.37,1047.4,26.7,68.5,7.1,6.19,27.0,116.9,76.3,145.4,Drip,189.6,5.02,0.8,2.84,37.97,23189,962185,880486.0,-81699.0,16672,2.277,44.5,-6110.62,71965.97,65855.35
SF11516,Tamil Nadu,Raichur,Sugarcane,Rabi,8.12,344.8,24.7,48.9,9.8,6.01,20.5,81.0,72.1,63.5,Drip,216.8,2.44,0.95,29.09,236.21,3436,516358,811618.0,295260.0,14776,15.986,37.1,36362.07,63590.89,99952.96
SF11517,Punjab,Warangal,Pulses,Kharif,9.52,706.1,25.7,67.5,5.3,6.75,32.4,148.8,65.5,160.0,Flood,124.0,7.64,0.91,1.75,16.66,65284,719681,1087631.0,367950.0,4520,3.686,42.7,38650.21,75596.74,114246.95
SF11518,Punjab,Nalgonda,Cotton,Rabi,4.64,609.4,24.6,62.8,6.9,6.15,22.4,97.9,51.9,96.9,Rainfed,198.5,4.87,0.81,1.01,4.69,62456,254342,292919.0,38577.0,1920,2.443,46.9,8314.01,54815.09,63129.09
SF11519,Madhya Pradesh,Krishna,Chilli,Rabi,9.66,540.5,21.0,54.7,8.0,6.56,17.7,154.9,46.7,121.1,Flood,150.3,7.67,0.95,2.2,21.25,88186,656636,1873952.0,1217316.0,7908,2.687,37.6,126016.15,67974.74,193990.89
SF11520,Punjab,Guntur,Maize,Rabi,13.24,373.3,24.0,57.4,7.3,6.35,24.4,69.9,84.1,71.3,Flood,173.7,6.07,0.98,3.68,48.72,23996,977146,1169085.0,191939.0,9358,5.206,32.9,14496.9,73802.57,88299.47
SF11521,Karnataka,Nalgonda,Sugarcane,Kharif,11.54,734.7,27.9,76.4,6.0,5.66,22.6,95.9,39.0,45.0,Flood,251.4,6.88,0.92,17.79,205.3,3698,1009237,759199.0,-250038.0,30054,6.831,49.7,-21667.07,87455.55,65788.47
SF11522,Telangana,Rajkot,Pulses,Rabi,8.13,472.8,20.8,60.1,7.0,7.4,18.8,49.1,54.4,84.9,Drip,153.3,7.4,0.89,0.63,5.12,65920,527589,337510.0,-190079.0,2263,2.262,44.8,-23379.95,64894.1,41514.15
SF11523,Tamil Nadu,Guntur,Pulses,Kharif,9.96,839.5,28.9,72.9,7.2,7.7,22.0,142.5,43.0,125.2,Drip,191.4,4.59,0.82,0.58,5.78,65855,668240,380642.0,-287598.0,2559,2.259,55.8,-28875.3,67092.37,38217.07
SF11524,Madhya Pradesh,Ludhiana,Cotton,Kharif,1.34,635.1,28.5,73.3,6.9,6.41,30.1,129.9,65.9,30.0,Sprinkler,248.1,3.82,0.71,1.88,2.52,55050,95725,138726.0,43001.0,860,2.93,54.7,32090.3,71436.57,103526.87
SF11525,Andhra Pradesh,Raichur,Rice,Kharif,13.01,883.7,25.6,74.4,6.0,7.49,23.2,157.8,62.6,96.3,Rainfed,145.2,5.57,0.76,1.9,24.72,21653,814830,535262.0,-279568.0,9343,2.646,56.5,-21488.7,62631.05,41142.35
SF11526,Maharashtra,Guntur,Maize,Rabi,4.5,702.3,19.9,71.2,6.1,6.96,25.9,115.7,64.5,84.4,Flood,258.9,2.36,0.7,3.37,15.16,20946,327597,317541.0,-10056.0,2662,5.695,60.4,-2234.67,72799.33,70564.67
SF11527,Madhya Pradesh,Nalgonda,Rice,Kharif,9.1,644.5,28.6,74.5,6.9,6.66,34.2,124.4,85.2,79.3,Drip,214.6,6.76,0.78,5.67,51.6,21419,655450,1105220.0,449770.0,11141,4.632,36.5,49425.27,72027.47,121452.75
SF11528,Andhra Pradesh,Warangal,Cotton,Rabi,12.76,346.2,23.1,41.7,8.7,5.28,20.2,108.1,40.3,111.5,Rainfed,208.7,6.07,0.79,0.3,3.83,66522,856983,254779.0,-602204.0,5217,0.734,27.4,-47194.67,67161.68,19967.01
SF11529,Gujarat,Nashik,Rice,Kharif,6.25,823.7,27.8,64.8,6.1,6.94,30.3,113.7,74.2,94.8,Rainfed,149.3,5.05,0.66,3.16,19.75,18958,369710,374420.0,4710.0,4842,4.079,48.8,753.6,59153.6,59907.2
SF11530,Karnataka,Rajkot,Rice,Rabi,8.18,511.5,24.9,73.3,9.2,5.85,21.9,144.6,55.8,107.4,Sprinkler,170.6,5.89,0.84,1.69,13.82,23553,568960,325502.0,-243458.0,10842,1.275,38.7,-29762.59,69555.01,39792.42
SF11531,Karnataka,Raichur,Pulses,Zaid,1.97,279.7,30.6,42.4,8.1,6.52,11.7,72.6,61.6,125.3,Sprinkler,158.2,7.05,0.72,0.82,1.62,55153,110739,89348.0,-21391.0,613,2.643,27.6,-10858.38,56212.69,45354.31
SF11532,Andhra Pradesh,Guntur,Chilli,Rabi,2.21,314.5,20.9,52.3,5.8,6.69,21.9,116.7,56.2,117.9,Sprinkler,166.9,7.3,0.93,1.67,3.69,115364,158940,425693.0,266753.0,1022,3.611,34.1,120702.71,71918.55,192621.27
SF11533,Madhya Pradesh,Guntur,Groundnut,Rabi,3.43,598.6,24.8,51.1,7.6,5.6,24.6,54.9,80.0,131.7,Rainfed,197.8,3.12,0.88,0.41,1.41,61279,212084,86403.0,-125681.0,883,1.597,42.9,-36641.69,61832.07,25190.38
SF11534,Madhya Pradesh,Guntur,Rice,Kharif,3.68,810.1,25.7,78.7,7.4,6.28,33.5,132.2,64.9,104.9,Sprinkler,215.3,1.07,0.91,3.34,12.29,19439,247904,238905.0,-8999.0,6068,2.025,55.2,-2445.38,67365.22,64919.84
SF11535,Maharashtra,Indore,Maize,Rabi,13.17,370.7,22.0,68.4,9.0,5.56,21.7,106.6,66.6,123.3,Rainfed,260.1,5.83,0.68,0.54,7.11,16092,957450,114414.0,-843036.0,4210,1.689,38.1,-64011.85,72699.32,8687.47
SF11536,Karnataka,Erode,Rice,Kharif,8.24,1041.6,26.3,77.6,7.2,6.21,32.3,80.6,34.9,107.3,Flood,158.2,7.13,0.88,2.48,20.44,22842,552490,466890.0,-85600.0,13268,1.541,56.2,-10388.35,67049.76,56661.41
SF11537,Andhra Pradesh,Krishna,Cotton,Kharif,13.54,536.1,23.9,59.2,7.1,6.42,25.2,130.3,62.2,98.0,Drip,223.9,5.88,0.97,2.22,30.06,65686,798319,1974521.0,1176202.0,7802,3.853,31.5,86868.69,58960.04,145828.73
SF11538,Tamil Nadu,Nashik,Maize,Kharif,6.42,967.0,30.1,75.4,6.6,6.96,34.8,115.2,77.8,145.2,Drip,199.1,4.57,0.87,4.31,27.67,19934,497089,551574.0,54485.0,2813,9.836,60.4,8486.76,77428.19,85914.95
SF11539,Gujarat,Raichur,Sugarcane,Kharif,12.87,830.4,30.2,71.1,6.1,5.95,43.5,160.4,94.1,116.6,Flood,231.0,3.94,0.94,37.75,485.84,3502,907621,1701412.0,793791.0,28126,17.274,61.0,61677.62,70522.22,132199.84
SF11540,Karnataka,Erode,Rice,Rabi,4.67,553.0,25.5,44.6,6.7,6.04,18.1,137.0,79.8,78.6,Sprinkler,164.5,3.09,0.92,2.36,11.02,21877,316858,241085.0,-75773.0,6506,1.694,43.1,-16225.48,67849.68,51624.2
SF11541,Karnataka,Ludhiana,Maize,Kharif,9.38,829.1,29.3,64.5,7.3,7.4,36.1,101.4,71.1,123.5,Rainfed,108.8,4.39,0.78,2.32,21.76,24780,520526,539213.0,18687.0,3139,6.932,57.2,1992.22,55493.18,57485.39
SF11542,Maharashtra,Krishna,Pulses,Kharif,4.77,817.2,30.1,74.1,6.7,6.22,36.5,117.9,60.0,94.4,Flood,114.3,4.96,0.84,0.92,4.39,70158,302777,307994.0,5217.0,2316,1.896,51.1,1093.71,63475.26,64568.97
SF11543,Tamil Nadu,Nalgonda,Pulses,Kharif,14.07,606.8,30.5,62.9,6.2,5.73,28.4,172.5,53.7,133.8,Drip,289.9,5.63,0.97,0.57,8.02,67533,1120882,541615.0,-579267.0,4939,1.624,51.7,-41170.36,79664.68,38494.31
SF11544,Madhya Pradesh,Guntur,Cotton,Zaid,6.59,125.5,29.2,51.4,9.5,7.65,26.7,96.7,53.1,132.3,Drip,162.8,5.94,0.85,0.43,2.83,73496,461848,207994.0,-253854.0,4029,0.702,28.5,-38521.09,70083.16,31562.06
SF11545,Maharashtra,Indore,Cotton,Rabi,7.87,587.1,22.0,62.1,7.4,6.26,22.8,91.4,54.9,133.3,Sprinkler,145.7,1.91,0.74,1.54,12.12,61019,455001,739550.0,284549.0,5073,2.389,46.4,36156.16,57814.61,93970.78
SF11546,Madhya Pradesh,Warangal,Groundnut,Kharif,2.41,722.3,28.9,80.5,8.0,5.75,36.2,112.5,56.6,108.8,Rainfed,172.1,4.97,0.7,0.62,1.49,58401,137444,87017.0,-50427.0,581,2.565,56.8,-20924.07,57030.71,36106.64
SF11547,Karnataka,Rajkot,Groundnut,Kharif,7.73,982.6,31.0,72.3,6.3,6.47,30.45,86.1,81.2,139.4,Flood,190.9,3.81,0.68,1.74,13.45,63337,497733,851883.0,354150.0,4711,2.855,62.8,45815.01,64389.78,110204.79
SF11548,Madhya Pradesh,Rajkot,Sugarcane,Rabi,4.39,317.1,25.0,67.3,8.5,5.6,15.6,57.7,47.2,113.2,Flood,206.9,3.67,0.68,9.09,39.91,3867,271062,154332.0,-116730.0,11757,3.395,51.3,-26589.98,61745.33,35155.35
SF11549,Tamil Nadu,Erode,Cotton,Zaid,12.64,197.0,31.8,51.9,9.1,5.82,16.1,98.0,39.2,50.1,Flood,178.2,7.08,0.99,0.38,4.8,61866,915408,296957.0,-618451.0,12378,0.388,23.4,-48928.09,72421.52,23493.43
SF11550,Madhya Pradesh,Indore,Wheat,Zaid,10.59,353.2,29.6,43.6,9.7,6.59,26.5,127.8,34.5,105.5,Rainfed,40.0,3.29,0.86,2.1,22.24,26423,604279,587648.0,-16631.0,3154,7.051,54.5,-1570.44,57061.28,55490.84
SF11551,Telangana,Warangal,Pulses,Kharif,14.73,894.2,27.1,63.2,7.2,6.97,26.4,147.8,51.9,93.4,Flood,144.2,6.43,0.92,1.28,18.85,75797,1062377,1428773.0,366396.0,7214,2.613,58.2,24874.13,72123.35,96997.49
SF11552,Karnataka,Krishna,Cotton,Rabi,8.62,317.3,20.3,58.6,8.4,6.67,19.5,109.2,48.7,125.5,Flood,104.6,2.4,0.98,1.52,13.1,59005,513161,772966.0,259805.0,9524,1.375,45.4,30139.79,59531.44,89671.23
SF11553,Tamil Nadu,Nalgonda,Wheat,Rabi,6.78,622.2,30.0,68.2,9.1,5.61,16.5,164.6,41.4,85.1,Rainfed,217.4,5.83,0.68,0.75,5.08,25403,484362,129047.0,-355315.0,1932,2.629,42.8,-52406.34,71439.82,19033.48
SF11554,Tamil Nadu,Rajkot,Rice,Kharif,11.22,892.3,32.6,70.0,6.2,6.82,24.5,135.1,61.0,169.4,Flood,220.0,1.56,0.92,3.63,40.73,21418,887424,872355.0,-15069.0,19361,2.104,74.4,-1343.05,79093.05,77750.0
SF11555,Telangana,Indore,Wheat,Kharif,7.69,859.4,31.8,83.6,6.1,6.58,38.1,115.0,54.0,74.0,Sprinkler,142.5,1.94,0.92,2.6,19.99,18399,450733,367796.0,-82937.0,3912,5.11,53.5,-10785.05,58612.87,47827.83
SF11556,Gujarat,Nalgonda,Groundnut,Kharif,13.57,738.5,28.4,69.1,7.4,6.86,24.5,94.1,49.9,73.4,Flood,123.4,6.14,0.91,1.74,23.61,59116,882008,1395729.0,513721.0,7803,3.026,52.0,37857.11,64996.9,102854.02
SF11557,Madhya Pradesh,Warangal,Rice,Rabi,12.82,319.5,24.5,72.5,6.9,6.04,31.4,133.6,72.8,114.2,Sprinkler,201.4,6.67,0.81,1.92,24.61,16902,1035543,415958.0,-619585.0,20851,1.18,35.2,-48329.56,80775.59,32446.02
SF11558,Andhra Pradesh,Warangal,Rice,Kharif,0.89,882.7,26.2,71.8,8.2,6.57,32.8,100.3,56.5,144.3,Flood,168.2,8.25,0.88,4.29,3.82,24445,57675,93380.0,35705.0,1800,2.122,47.3,40117.98,64803.37,104921.35
SF11559,Karnataka,Krishna,Pulses,Rabi,4.58,149.7,29.3,65.9,8.0,6.48,27.0,146.3,72.5,94.3,Rainfed,261.3,7.79,0.81,0.98,4.49,70556,301669,316796.0,15127.0,769,5.839,49.2,3302.84,65866.59,69169.43
SF11560,Karnataka,Raichur,Groundnut,Kharif,13.13,717.9,30.7,73.5,6.4,6.46,32.3,107.0,69.5,49.3,Rainfed,194.0,2.8,0.65,1.78,23.37,55623,885704,1299910.0,414206.0,3815,6.126,56.6,31546.53,67456.51,99003.05
SF11561,Gujarat,Nalgonda,Pulses,Rabi,2.69,311.1,23.5,51.7,7.8,6.52,18.8,76.9,86.5,95.1,Rainfed,241.1,8.09,0.81,0.87,2.34,65502,222228,153275.0,-68953.0,611,3.83,31.4,-25633.09,82612.64,56979.55
SF11562,Tamil Nadu,Nashik,Groundnut,Rabi,6.54,391.5,21.4,73.1,7.5,6.08,22.3,93.7,61.5,109.8,Flood,223.2,2.79,0.96,0.8,5.23,60378,501937,315777.0,-186160.0,4033,1.297,52.9,-28464.83,76748.78,48283.94
SF11563,Tamil Nadu,Ludhiana,Pulses,Kharif,8.1,797.5,33.9,82.3,7.5,6.95,37.3,94.3,58.5,92.7,Rainfed,211.7,4.42,0.89,1.1,8.91,78354,586986,698134.0,111148.0,1586,5.618,76.9,13721.98,72467.41,86189.38
SF11564,Punjab,Nashik,Cotton,Zaid,8.18,80.0,32.9,67.2,9.3,5.3,18.7,135.0,45.0,50.4,Sprinkler,139.6,7.39,0.71,0.3,2.45,60543,483844,148330.0,-335514.0,6197,0.395,19.5,-41016.38,59149.63,18133.25
SF11565,Karnataka,Krishna,Wheat,Kharif,9.85,1019.2,29.8,73.5,8.4,6.23,25.9,181.7,58.8,76.8,Rainfed,40.0,7.19,0.89,1.98,19.5,22863,519279,445828.0,-73451.0,3130,6.23,63.1,-7456.95,52718.68,45261.73
SF11566,Tamil Nadu,Nalgonda,Wheat,Kharif,9.19,721.4,27.7,60.8,7.5,6.94,29.0,144.7,69.3,112.3,Rainfed,163.2,5.89,0.95,3.25,29.87,23711,537518,708248.0,170730.0,2476,12.064,55.3,18577.8,58489.45,77067.25
SF11567,Maharashtra,Erode,Maize,Kharif,12.37,1136.7,30.4,68.4,6.5,6.53,22.3,99.4,78.3,103.0,Rainfed,155.3,6.29,0.78,3.21,39.71,24963,814805,991281.0,176476.0,3548,11.192,67.6,14266.45,65869.44,80135.89
SF11568,Maharashtra,Nashik,Wheat,Zaid,3.78,80.0,29.4,52.0,9.3,6.37,22.5,112.5,54.8,112.8,Rainfed,134.7,3.03,0.94,1.81,6.84,24822,235978,169782.0,-66196.0,1181,5.792,32.9,-17512.17,62428.04,44915.87
SF11569,Andhra Pradesh,Nalgonda,Maize,Kharif,8.15,984.3,28.4,73.9,8.3,7.0,32.7,149.2,76.3,164.2,Sprinkler,270.3,5.19,0.73,4.03,32.84,22780,496066,748095.0,252029.0,4261,7.707,53.6,30923.8,60866.99,91790.8
SF11570,Andhra Pradesh,Raichur,Chilli,Kharif,12.94,702.5,28.6,82.2,6.1,6.98,35.3,110.5,68.1,135.3,Rainfed,157.1,2.34,0.96,2.81,36.36,105099,717338,3821400.0,3104062.0,5055,7.193,53.9,239881.14,55435.7,295316.85
SF11571,Andhra Pradesh,Nashik,Wheat,Kharif,11.72,733.0,29.0,81.5,8.1,7.32,34.8,155.1,49.9,111.9,Rainfed,140.5,3.18,0.74,1.94,22.74,26708,684718,607340.0,-77378.0,2909,7.817,68.1,-6602.22,58423.04,51820.82
SF11572,Tamil Nadu,Raichur,Cotton,Rabi,11.85,365.3,24.0,64.0,5.2,6.72,33.3,96.4,91.9,114.3,Drip,311.5,6.89,0.77,1.7,20.14,63489,913688,1278668.0,364980.0,6968,2.89,45.4,30800.0,77104.47,107904.47
SF11573,Punjab,Indore,Wheat,Rabi,9.24,720.6,23.6,51.9,7.1,6.82,21.5,116.4,72.6,112.3,Sprinkler,138.7,6.29,0.86,3.16,29.2,23135,659835,675542.0,15707.0,3958,7.377,52.4,1699.89,71410.71,73110.61
SF11574,Madhya Pradesh,Krishna,Groundnut,Kharif,14.7,1098.9,29.3,86.8,5.3,8.4,27.5,123.2,57.1,46.9,Sprinkler,210.3,5.35,0.65,0.3,4.41,52960,1118092,233554.0,-884538.0,6285,0.702,66.2,-60172.65,76060.68,15888.03
SF11575,Madhya Pradesh,Krishna,Wheat,Rabi,11.47,491.5,25.6,61.6,7.3,6.45,25.8,107.8,33.4,103.9,Rainfed,211.0,5.3,0.89,2.73,31.31,25948,789587,812432.0,22845.0,3307,9.468,36.0,1991.72,68839.32,70831.04
SF11576,Gujarat,Nashik,Rice,Kharif,10.02,902.1,29.1,65.5,9.3,6.64,33.1,132.3,48.3,85.4,Rainfed,174.5,0.5,0.89,3.15,31.56,21815,492498,688481.0,195983.0,9867,3.199,66.1,19559.18,49151.5,68710.68
SF11577,Punjab,Ludhiana,Groundnut,Kharif,12.79,866.5,28.9,53.0,6.2,7.01,22.2,87.7,76.1,121.1,Rainfed,168.3,5.51,0.81,1.77,22.64,53220,814476,1204901.0,390425.0,3063,7.391,44.5,30525.8,63680.69,94206.49
SF11578,Telangana,Ludhiana,Rice,Zaid,11.33,214.8,28.3,59.8,8.0,6.37,21.2,70.7,50.6,86.3,Sprinkler,171.1,1.83,0.75,2.76,31.27,25808,741282,807016.0,65734.0,14837,2.108,56.2,5801.77,65426.48,71228.24
SF11579,Maharashtra,Raichur,Chilli,Kharif,0.6,634.4,27.6,87.6,5.6,5.68,27.7,123.6,74.9,88.9,Rainfed,179.9,6.16,0.77,0.69,0.41,96669,35174,39634.0,4460.0,260,1.577,59.6,7433.33,58623.33,66056.67
SF11580,Tamil Nadu,Rajkot,Pulses,Rabi,5.29,463.1,22.6,55.8,6.6,6.01,29.2,89.8,25.7,119.6,Flood,219.8,6.99,0.73,0.7,3.7,71382,376315,264113.0,-112202.0,2134,1.734,23.2,-21210.21,71137.05,49926.84
SF11581,Karnataka,Rajkot,Cotton,Rabi,11.65,293.3,18.8,59.0,5.4,6.17,33.6,154.1,51.0,79.8,Flood,125.7,4.64,0.84,0.88,10.25,69359,795403,710930.0,-84473.0,11472,0.893,38.5,-7250.9,68274.94,61024.03
SF11582,Karnataka,Krishna,Cotton,Rabi,0.93,536.0,27.1,75.7,8.1,7.5,31.0,111.5,38.1,119.5,Flood,179.1,0.84,0.89,0.82,0.76,57158,56442,43440.0,-13002.0,871,0.873,63.9,-13980.65,60690.32,46709.68
SF11583,Tamil Nadu,Warangal,Maize,Rabi,0.92,399.0,21.3,58.9,8.0,5.99,20.9,64.7,64.1,121.5,Drip,207.4,5.22,0.77,2.13,1.96,24192,59388,47416.0,-11972.0,428,4.579,47.1,-13013.04,64552.17,51539.13
SF11584,Madhya Pradesh,Raichur,Cotton,Kharif,14.8,897.7,25.6,66.3,7.5,6.75,27.7,125.6,55.7,98.7,Rainfed,201.8,1.18,0.69,1.44,21.31,60601,740462,1291407.0,550945.0,5148,4.139,63.0,37226.01,50031.22,87257.23
SF11585,Karnataka,Erode,Sugarcane,Rabi,9.95,394.0,21.4,58.8,7.8,7.17,32.1,131.7,53.7,122.0,Flood,222.8,5.6,0.78,45.46,452.33,3872,811945,1751422.0,939477.0,22625,19.992,39.8,94419.8,81602.51,176022.31
SF11586,Madhya Pradesh,Indore,Maize,Rabi,1.51,339.6,20.7,56.2,7.8,8.15,24.5,120.4,65.3,77.6,Drip,107.7,3.5,0.88,0.3,0.45,19629,81699,8833.0,-72866.0,837,0.538,34.3,-48255.63,54105.3,5849.67
SF11587,Madhya Pradesh,Nalgonda,Rice,Rabi,2.18,486.2,21.6,65.2,7.9,6.43,25.9,118.3,39.9,72.4,Drip,40.0,3.02,1.0,3.35,7.3,22436,118235,163783.0,45548.0,2794,2.613,54.3,20893.58,54236.24,75129.82
SF11588,Tamil Nadu,Nashik,Maize,Kharif,12.05,1093.5,30.0,73.2,7.2,6.52,23.8,80.0,70.0,124.7,Sprinkler,153.1,5.8,0.69,3.73,44.95,19834,805762,891538.0,85776.0,6697,6.712,59.1,7118.34,66868.22,73986.56
SF11589,Karnataka,Krishna,Pulses,Rabi,6.32,465.8,24.8,53.7,6.7,7.16,15.2,76.6,32.8,125.6,Rainfed,215.1,5.98,0.96,0.91,5.75,60071,398121,345408.0,-52713.0,1080,5.324,40.1,-8340.66,62993.83,54653.16
SF11590,Maharashtra,Nalgonda,Chilli,Kharif,5.31,864.0,26.1,67.7,7.9,6.37,39.4,143.8,71.8,142.9,Drip,152.0,1.37,0.8,2.64,14.02,105943,301782,1485321.0,1183539.0,2750,5.098,63.9,222888.7,56832.77,279721.47
SF11591,Maharashtra,Erode,Rice,Kharif,4.35,742.9,26.8,63.6,6.7,5.82,35.7,117.8,52.0,64.9,Flood,213.0,1.54,0.79,1.55,6.74,22032,283583,148496.0,-135087.0,8006,0.842,59.1,-31054.48,65191.49,34137.01
SF11592,Karnataka,Warangal,Wheat,Zaid,8.99,482.1,32.6,51.8,8.9,6.13,21.1,111.9,72.2,115.5,Flood,294.2,4.18,0.86,1.48,13.31,26643,593665,354618.0,-239047.0,6233,2.135,44.2,-26590.32,66036.15,39445.83
SF11593,Tamil Nadu,Indore,Groundnut,Zaid,11.15,80.0,31.8,61.8,8.6,5.56,19.8,79.2,59.7,75.6,Drip,128.5,5.88,0.96,0.3,3.34,56964,579752,190260.0,-389492.0,4729,0.706,32.3,-34932.02,51995.7,17063.68
SF11594,Andhra Pradesh,Krishna,Pulses,Rabi,14.11,411.6,26.3,58.5,8.2,6.61,27.8,104.1,69.3,118.6,Drip,217.0,5.08,0.95,1.6,22.58,91070,853156,2056361.0,1203205.0,4174,5.41,32.7,85273.21,60464.64,145737.85
SF11595,Karnataka,Indore,Wheat,Kharif,7.1,814.9,27.9,72.2,6.5,6.66,33.8,136.8,41.5,86.5,Flood,134.9,5.14,0.9,2.83,20.09,24771,401230,497649.0,96419.0,5519,3.64,60.6,13580.14,56511.27,70091.41
SF11596,Telangana,Warangal,Chilli,Kharif,4.43,846.7,26.5,70.7,8.6,6.13,29.0,91.5,62.0,91.6,Sprinkler,159.8,3.47,0.86,1.96,8.68,102593,235214,890507.0,655293.0,2790,3.111,56.8,147921.67,53095.71,201017.38
SF11597,Madhya Pradesh,Warangal,Cotton,Rabi,6.4,661.3,22.6,58.6,8.3,6.46,27.5,86.8,35.4,147.7,Drip,160.0,3.59,0.79,1.66,10.62,67268,432770,714386.0,281616.0,4531,2.344,53.3,44002.5,67620.31,111622.81
SF11598,Madhya Pradesh,Nalgonda,Chilli,Rabi,6.5,301.9,21.2,86.0,7.8,7.1,19.9,81.5,57.7,126.3,Rainfed,245.7,8.59,0.9,1.66,10.79,98658,524144,1064520.0,540376.0,2130,5.066,38.7,83134.77,80637.54,163772.31
SF11599,Telangana,Rajkot,Chilli,Kharif,10.24,675.6,26.0,65.4,6.1,5.77,33.8,68.0,42.5,127.9,Sprinkler,221.4,4.24,0.97,0.95,9.73,90514,718521,880701.0,162180.0,6479,1.502,55.5,15837.89,70168.07,86005.96
SF11600,Tamil Nadu,Ludhiana,Rice,Zaid,10.73,131.4,34.4,47.2,6.1,6.21,23.6,101.3,66.2,113.8,Flood,266.8,5.22,0.97,1.5,16.1,23383,893586,376466.0,-517120.0,22513,0.715,51.5,-48193.85,83279.22,35085.37
SF11601,Madhya Pradesh,Raichur,Chilli,Kharif,13.93,805.4,31.1,63.3,7.4,7.96,28.7,122.1,61.2,135.0,Flood,279.6,8.3,0.93,0.37,5.15,104406,1101858,537691.0,-564167.0,11950,0.431,38.0,-40500.14,79099.64,38599.5
SF11602,Gujarat,Raichur,Rice,Rabi,6.59,381.4,25.6,46.6,7.0,6.59,20.2,183.4,86.0,44.8,Rainfed,186.6,2.63,1.0,3.24,21.35,21746,410209,464277.0,54068.0,5993,3.562,53.3,8204.55,62247.19,70451.75
SF11603,Tamil Nadu,Ludhiana,Pulses,Rabi,7.4,186.1,24.8,53.9,8.2,7.76,23.5,118.1,21.2,73.1,Sprinkler,202.6,4.62,0.94,0.3,2.22,61635,448968,136830.0,-312138.0,2689,0.826,49.0,-42180.81,60671.35,18490.54
SF11604,Telangana,Ludhiana,Rice,Rabi,13.05,284.8,23.5,45.6,6.7,7.49,38.7,121.6,80.5,116.7,Rainfed,281.4,0.5,0.94,1.24,16.18,22061,880921,356947.0,-523974.0,9694,1.669,40.6,-40151.26,67503.52,27352.26
SF11605,Maharashtra,Ludhiana,Rice,Kharif,5.91,1054.3,28.8,73.2,7.4,6.28,28.0,140.0,49.2,126.9,Flood,244.0,3.08,0.82,2.87,16.96,19899,460200,337487.0,-122713.0,10864,1.561,61.3,-20763.62,77868.02,57104.4
SF11606,Karnataka,Guntur,Rice,Kharif,5.29,730.0,26.8,48.7,8.0,6.7,32.3,122.2,61.8,99.5,Rainfed,320.7,4.96,0.98,4.49,23.75,17862,377477,424222.0,46745.0,4601,5.162,49.3,8836.48,71356.71,80193.19
SF11607,Tamil Nadu,Warangal,Cotton,Rabi,11.19,178.6,28.1,49.6,8.0,8.4,21.7,117.2,45.2,118.7,Rainfed,204.0,1.23,0.98,0.3,3.36,65757,518592,220944.0,-297648.0,5267,0.638,41.5,-26599.46,46344.24,19744.77
SF11608,Tamil Nadu,Erode,Maize,Rabi,2.08,482.5,22.4,49.4,7.2,6.04,20.3,119.5,30.5,92.6,Sprinkler,141.7,2.85,0.9,2.64,5.49,17480,128514,95965.0,-32549.0,1404,3.91,14.2,-15648.56,61785.58,46137.02
SF11609,Gujarat,Nashik,Rice,Rabi,4.87,475.3,21.5,54.6,6.3,5.98,21.1,121.0,78.7,95.0,Flood,175.6,4.9,0.85,1.66,8.08,20484,287747,165511.0,-122236.0,10789,0.749,46.8,-25099.79,59085.63,33985.83
SF11610,Madhya Pradesh,Rajkot,Chilli,Rabi,1.82,436.6,20.8,55.0,8.1,5.2,20.6,44.5,63.2,51.7,Flood,267.2,7.01,0.78,0.3,0.55,114084,137534,62746.0,-74788.0,1547,0.356,33.0,-41092.31,75568.13,34475.82
SF11611,Maharashtra,Raichur,Cotton,Rabi,7.87,437.0,21.1,58.8,7.1,6.77,24.0,94.9,58.7,110.8,Rainfed,252.1,1.62,0.88,1.28,10.07,84443,597250,850341.0,253091.0,3039,3.314,39.2,32158.96,75889.45,108048.41
SF11612,Telangana,Warangal,Wheat,Kharif,11.92,906.7,23.4,71.4,8.4,6.42,34.0,126.4,59.4,72.8,Sprinkler,229.9,8.34,0.98,2.13,25.39,21152,869542,537049.0,-332493.0,6066,4.186,54.3,-27893.71,72948.15,45054.45
SF11613,Telangana,Indore,Rice,Kharif,8.43,692.3,30.5,70.4,7.5,6.44,30.1,116.5,68.0,113.7,Flood,77.5,3.77,0.81,3.81,32.12,21640,445272,695077.0,249805.0,17254,1.862,68.2,29632.86,52819.93,82452.79
SF11614,Andhra Pradesh,Nalgonda,Maize,Rabi,6.22,344.1,20.3,51.7,7.3,7.66,26.4,114.6,65.7,134.9,Drip,138.2,6.97,0.85,1.19,7.4,24216,374470,179198.0,-195272.0,3137,2.359,14.8,-31394.21,60204.18,28809.97
SF11615,Gujarat,Guntur,Maize,Zaid,8.27,191.5,37.2,56.3,8.9,6.75,15.0,97.9,61.2,88.4,Rainfed,135.5,4.84,0.69,1.89,15.63,20202,548305,315757.0,-232548.0,2958,5.284,54.0,-28119.47,66300.48,38181.02
SF11616,Telangana,Guntur,Wheat,Kharif,14.3,1203.8,30.6,53.1,7.6,7.49,38.6,137.3,56.2,131.7,Flood,244.5,5.4,0.7,1.19,17.02,24903,1027084,423849.0,-603235.0,10454,1.628,47.6,-42184.27,71824.06,29639.79
SF11617,Madhya Pradesh,Nashik,Sugarcane,Zaid,14.9,498.0,28.6,57.3,9.6,7.0,13.1,110.3,75.7,115.6,Drip,267.1,4.22,0.7,64.21,956.73,3661,1152599,3502589.0,2349990.0,19708,48.545,37.6,157717.45,77355.64,235073.09
SF11618,Andhra Pradesh,Nalgonda,Cotton,Kharif,2.13,614.7,29.4,71.2,5.6,7.55,24.9,131.7,24.7,125.2,Sprinkler,216.1,2.75,0.97,0.93,1.98,67429,180157,133509.0,-46648.0,1410,1.404,53.1,-21900.47,84580.75,62680.28
SF11619,Punjab,Ludhiana,Pulses,Kharif,13.66,1137.4,30.5,68.0,8.2,5.33,36.5,165.3,44.8,113.7,Flood,179.6,3.3,0.7,0.3,4.1,70451,737205,288849.0,-448356.0,5390,0.761,62.8,-32822.55,53968.16,21145.61
SF11620,Punjab,Erode,Maize,Rabi,6.67,757.2,18.9,70.6,7.7,7.04,24.8,111.3,68.6,116.5,Flood,172.5,2.81,0.68,2.93,19.54,21065,422800,411610.0,-11190.0,5534,3.531,44.6,-1677.66,63388.31,61710.64
SF11621,Karnataka,Guntur,Maize,Kharif,7.59,889.7,27.7,69.6,7.2,6.77,34.3,87.8,52.3,122.3,Sprinkler,235.1,4.46,0.89,5.7,43.26,21497,514811,929960.0,415149.0,4520,9.571,52.0,54696.84,67827.54,122524.37
SF11622,Madhya Pradesh,Raichur,Cotton,Zaid,1.09,80.0,27.5,46.4,8.4,6.48,22.9,61.0,78.1,117.9,Drip,40.0,1.84,0.9,1.22,1.33,62571,69232,83219.0,13987.0,733,1.814,44.8,12832.11,63515.6,76347.71
SF11623,Gujarat,Nalgonda,Wheat,Rabi,2.39,584.3,19.3,50.3,7.5,6.8,19.4,105.3,80.4,129.0,Sprinkler,161.5,7.27,0.83,3.04,7.27,23796,156988,172997.0,16009.0,1131,6.428,41.6,6698.33,65685.36,72383.68
SF11624,Andhra Pradesh,Ludhiana,Wheat,Rabi,4.42,381.7,23.2,51.8,9.1,5.95,27.5,110.4,47.7,85.3,Rainfed,230.7,5.37,0.71,1.17,5.17,24639,327615,127384.0,-200231.0,1453,3.558,35.0,-45301.13,74121.04,28819.91
SF11625,Punjab,Krishna,Maize,Kharif,4.05,794.4,25.8,82.0,6.1,7.03,24.6,111.2,88.4,60.9,Flood,232.9,4.46,0.79,3.11,12.6,19614,309927,247136.0,-62791.0,3361,3.749,52.6,-15503.95,76525.19,61021.23
SF11626,Gujarat,Ludhiana,Groundnut,Kharif,4.59,975.9,30.2,79.8,5.4,6.78,29.2,127.5,53.1,156.7,Rainfed,112.4,4.74,0.71,1.64,7.53,61704,235611,464631.0,229020.0,1113,6.765,59.1,49895.42,51331.37,101226.8
SF11627,Gujarat,Nashik,Cotton,Zaid,14.57,345.6,31.7,61.1,9.3,6.13,13.7,70.2,43.3,105.9,Rainfed,222.5,3.61,0.73,0.54,7.87,71557,969796,563154.0,-406642.0,6293,1.251,46.6,-27909.54,66561.15,38651.61
SF11628,Punjab,Rajkot,Maize,Kharif,3.17,584.3,27.7,75.7,8.4,6.58,36.0,132.3,38.8,37.8,Rainfed,231.2,4.46,0.83,3.85,12.2,19300,238432,235460.0,-2972.0,984,12.398,48.0,-937.54,75215.14,74277.6
SF11629,Telangana,Krishna,Wheat,Rabi,9.08,269.1,21.7,48.3,7.9,7.04,22.8,150.1,15.0,131.8,Flood,89.5,6.4,0.91,1.89,17.16,26522,614500,455118.0,-159382.0,6660,2.577,38.3,-17553.08,67676.21,50123.13
SF11630,Andhra Pradesh,Erode,Rice,Rabi,10.79,367.5,24.4,50.7,8.4,8.09,22.7,89.8,61.8,99.7,Flood,237.6,4.17,0.98,0.3,3.24,22938,745534,74319.0,-671215.0,17312,0.187,29.0,-62207.14,69094.9,6887.77
SF11631,Andhra Pradesh,Ludhiana,Wheat,Rabi,11.51,686.9,22.3,52.6,8.0,7.53,22.1,140.0,61.8,104.2,Rainfed,203.6,5.54,0.96,1.16,13.35,28949,776014,386469.0,-389545.0,3565,3.745,46.0,-33844.05,67420.85,33576.8
SF11632,Maharashtra,Erode,Wheat,Kharif,11.73,760.6,25.2,83.2,8.7,6.75,35.2,135.9,72.1,113.7,Drip,202.4,2.62,0.68,3.92,45.98,21802,779225,1002456.0,223231.0,4456,10.319,71.8,19030.78,66430.09,85460.87
SF11633,Gujarat,Indore,Pulses,Rabi,8.53,403.0,26.0,64.9,8.5,5.71,25.0,143.6,56.2,112.4,Drip,205.9,5.1,0.96,0.51,4.35,77680,474381,337908.0,-136473.0,2694,1.615,33.0,-15999.18,55613.25,39614.07
SF11634,Gujarat,Krishna,Wheat,Rabi,7.35,372.7,25.7,64.0,8.7,6.53,29.4,79.4,64.4,128.2,Rainfed,42.0,8.47,0.68,2.36,17.35,18309,428044,317661.0,-110383.0,2093,8.29,29.3,-15018.1,58237.28,43219.18
SF11635,Maharashtra,Ludhiana,Chilli,Zaid,9.52,410.1,32.7,56.3,6.9,7.41,17.0,136.4,77.8,81.5,Flood,213.7,3.64,0.71,1.0,9.52,108739,693316,1035195.0,341879.0,8873,1.073,40.7,35911.66,72827.31,108738.97
SF11636,Karnataka,Guntur,Groundnut,Kharif,12.37,1054.3,28.0,72.0,5.9,5.2,30.4,129.5,79.9,140.9,Sprinkler,335.0,4.79,0.94,0.3,3.71,62054,979898,230220.0,-749678.0,5658,0.656,59.8,-60604.53,79215.68,18611.16
SF11637,Telangana,Warangal,Maize,Kharif,9.99,1266.2,24.8,81.6,7.5,7.18,25.7,102.4,48.8,81.9,Flood,195.7,9.47,0.86,2.27,22.68,19427,844569,440604.0,-403965.0,6395,3.547,38.7,-40436.94,84541.44,44104.5
SF11638,Tamil Nadu,Ludhiana,Pulses,Rabi,9.19,400.2,27.4,60.8,6.6,6.01,18.5,101.3,45.5,119.8,Sprinkler,269.3,7.35,0.97,0.66,6.07,68964,714821,418611.0,-296210.0,3287,1.847,44.0,-32231.77,77782.48,45550.71
SF11639,Maharashtra,Ludhiana,Sugarcane,Rabi,14.6,546.2,21.3,53.3,6.5,6.51,29.4,99.5,50.7,120.0,Flood,219.0,6.0,0.9,60.98,890.31,3654,935528,3253193.0,2317665.0,29834,29.842,35.6,158744.18,64077.26,222821.44
SF11640,Andhra Pradesh,Erode,Rice,Kharif,5.84,724.6,25.8,72.1,8.2,6.28,33.4,107.1,70.9,85.0,Drip,40.0,4.26,0.91,3.58,20.91,19650,288836,410882.0,122046.0,8288,2.523,57.2,20898.29,49458.22,70356.51
SF11641,Maharashtra,Erode,Wheat,Rabi,3.01,422.2,21.4,59.7,8.5,6.96,27.4,70.4,58.9,77.0,Flood,76.7,3.17,0.95,2.51,7.56,25411,166822,192107.0,25285.0,2066,3.659,40.9,8400.33,55422.59,63822.92
SF11642,Telangana,Nashik,Rice,Kharif,3.55,905.7,27.4,74.2,8.1,7.18,31.7,185.6,65.5,100.2,Flood,227.6,3.68,0.72,3.73,13.24,23961,237088,317244.0,80156.0,7035,1.882,58.3,22579.15,66785.35,89364.51
SF11643,Madhya Pradesh,Ludhiana,Rice,Rabi,2.64,593.7,24.2,60.3,9.1,7.19,22.6,68.3,42.7,124.7,Flood,224.3,6.11,0.75,2.39,6.31,26246,176788,165612.0,-11176.0,5520,1.143,40.1,-4233.33,66965.15,62731.82
SF11644,Karnataka,Indore,Wheat,Kharif,10.91,891.5,28.2,74.8,8.5,7.17,34.4,116.2,58.9,125.2,Flood,121.5,5.95,0.66,2.29,24.98,20638,826296,515537.0,-310759.0,6795,3.676,53.5,-28483.87,75737.49,47253.62
SF11645,Gujarat,Ludhiana,Maize,Zaid,9.87,361.4,34.8,50.6,8.7,6.35,10.3,120.8,31.4,108.1,Flood,240.1,1.45,0.85,1.94,19.15,19032,625159,364463.0,-260696.0,7494,2.555,42.0,-26412.97,63339.31,36926.34
SF11646,Telangana,Guntur,Cotton,Kharif,5.88,682.3,28.0,82.3,7.9,7.24,26.5,150.0,74.1,132.5,Flood,234.0,5.36,0.71,1.46,8.58,61275,354374,525740.0,171366.0,6637,1.293,66.8,29143.88,60267.69,89411.56
SF11647,Karnataka,Ludhiana,Chilli,Kharif,6.12,893.3,31.5,79.8,7.8,7.87,30.4,154.9,33.8,92.3,Flood,130.6,2.76,0.86,0.38,2.33,95764,368943,223130.0,-145813.0,4248,0.548,67.3,-23825.65,60284.8,36459.15
SF11648,Madhya Pradesh,Warangal,Cotton,Rabi,5.49,259.0,24.3,75.5,9.3,6.34,14.5,52.0,49.0,87.1,Sprinkler,168.2,1.69,0.71,1.24,6.81,73586,303865,501121.0,197256.0,3636,1.873,54.6,35930.05,55348.82,91278.87
SF11649,Telangana,Warangal,Chilli,Kharif,1.6,1008.7,28.1,63.9,6.3,7.24,20.5,111.8,54.7,72.6,Flood,189.0,1.42,0.86,1.63,2.61,95612,103015,249547.0,146532.0,1496,1.745,61.2,91582.5,64384.38,155966.88
SF11650,Telangana,Erode,Rice,Kharif,4.83,1247.0,27.5,74.3,6.1,6.14,34.8,83.4,43.3,58.8,Sprinkler,193.0,5.55,0.91,2.01,9.71,24887,384869,241653.0,-143216.0,6301,1.541,69.0,-29651.35,79683.02,50031.68
SF11651,Maharashtra,Nalgonda,Groundnut,Rabi,12.84,553.7,25.6,65.2,7.0,6.2,12.3,135.2,57.4,121.3,Rainfed,124.2,5.56,0.86,1.19,15.28,57891,839220,884574.0,45354.0,4150,3.682,49.3,3532.24,65359.81,68892.06
SF11652,Tamil Nadu,Indore,Rice,Kharif,5.77,895.8,28.9,57.4,5.1,7.73,29.1,111.1,45.8,91.4,Drip,144.9,2.98,0.77,0.98,5.65,23199,418402,131074.0,-287328.0,6927,0.816,66.5,-49796.88,72513.34,22716.46
SF11653,Telangana,Rajkot,Wheat,Kharif,1.54,820.8,28.7,60.8,6.2,7.44,29.6,112.5,35.8,127.7,Rainfed,222.3,6.59,0.79,1.68,2.59,26321,102659,68171.0,-34488.0,430,6.023,49.5,-22394.81,66661.69,44266.88
SF11654,Punjab,Nashik,Wheat,Rabi,5.36,520.5,22.8,62.9,7.6,7.28,21.1,151.4,43.1,106.4,Rainfed,251.1,4.62,0.96,2.17,11.63,21798,286491,253511.0,-32980.0,1839,6.324,49.3,-6152.99,53449.81,47296.83
SF11655,Gujarat,Warangal,Cotton,Rabi,11.08,326.7,21.2,66.3,6.8,6.15,25.6,138.0,65.2,57.0,Drip,246.7,5.19,0.88,0.93,10.3,65209,879272,671653.0,-207619.0,8304,1.24,29.0,-18738.18,79356.68,60618.5
SF11656,Telangana,Ludhiana,Maize,Kharif,8.32,809.7,31.2,79.3,6.7,5.76,26.6,110.3,60.1,106.3,Rainfed,104.5,0.68,0.74,1.23,10.23,20245,520128,207106.0,-313022.0,3174,3.223,73.6,-37622.84,62515.38,24892.55
SF11657,Tamil Nadu,Rajkot,Chilli,Rabi,12.69,296.9,24.7,57.3,8.0,5.42,22.0,96.1,57.0,107.1,Sprinkler,132.7,3.99,0.9,0.3,3.81,101412,805442,386380.0,-419062.0,8550,0.446,30.0,-33023.01,63470.61,30447.6
SF11658,Karnataka,Krishna,Maize,Kharif,8.64,929.2,28.4,83.7,7.3,7.37,32.3,88.4,47.2,123.7,Rainfed,247.5,3.59,0.75,2.2,19.01,21816,594763,414722.0,-180041.0,2561,7.423,76.0,-20838.08,68838.31,48000.23
SF11659,Tamil Nadu,Ludhiana,Cotton,Rabi,11.37,578.4,25.1,53.5,8.6,5.98,24.4,131.8,58.6,130.2,Sprinkler,248.9,6.6,0.81,1.09,12.39,67099,734858,831357.0,96499.0,7454,1.662,37.7,8487.16,64631.31,73118.47
SF11660,Andhra Pradesh,Rajkot,Wheat,Rabi,5.49,325.9,25.9,43.1,7.3,7.39,26.3,124.1,73.9,120.1,Flood,227.4,8.39,0.89,1.49,8.18,25338,395911,207265.0,-188646.0,4124,1.984,32.1,-34361.75,72114.94,37753.19
SF11661,Karnataka,Erode,Wheat,Rabi,4.27,367.8,21.5,55.4,6.5,6.28,23.2,161.1,91.0,129.4,Flood,140.0,5.38,0.78,2.43,10.38,21275,329603,220835.0,-108768.0,2701,3.843,40.7,-25472.6,77190.4,51717.8
SF11662,Gujarat,Raichur,Maize,Rabi,13.86,427.9,26.8,57.4,7.9,6.95,28.0,134.2,76.5,131.9,Flood,300.7,3.24,0.96,4.36,60.43,22543,995860,1362273.0,366413.0,8623,7.008,49.9,26436.72,71851.37,98288.1
SF11663,Andhra Pradesh,Warangal,Wheat,Rabi,7.82,550.7,20.6,64.2,7.1,5.98,18.7,76.6,40.5,105.0,Sprinkler,235.4,3.3,0.84,1.29,10.09,23025,438523,232322.0,-206201.0,4410,2.288,65.6,-26368.41,56077.11,29708.7
SF11664,Tamil Nadu,Ludhiana,Sugarcane,Rabi,11.99,562.9,25.6,41.4,7.5,6.22,20.9,133.0,54.2,114.4,Sprinkler,186.2,3.77,0.91,56.05,672.04,3961,849840,2661950.0,1812110.0,20474,32.824,39.5,151135.11,70879.07,222014.18
SF11665,Tamil Nadu,Erode,Pulses,Rabi,3.17,240.0,26.5,55.1,9.6,5.48,25.5,143.8,59.9,139.6,Drip,202.5,7.79,0.82,0.3,0.95,63670,237353,60486.0,-176867.0,946,1.004,31.3,-55794.01,74874.76,19080.76
SF11666,Maharashtra,Rajkot,Pulses,Kharif,13.93,594.9,28.4,91.0,6.3,6.81,28.9,84.0,77.5,81.6,Drip,318.6,6.33,0.85,1.67,23.26,75777,1114635,1762573.0,647938.0,4553,5.109,57.2,46513.85,80016.87,126530.73
SF11667,Karnataka,Rajkot,Maize,Rabi,5.81,774.3,27.5,68.5,8.8,6.55,26.9,107.3,64.5,136.1,Drip,229.8,4.12,0.9,4.54,26.38,17692,379333,466715.0,87382.0,2781,9.486,54.2,15039.93,65289.67,80329.6
SF11668,Maharashtra,Nashik,Rice,Rabi,0.53,80.0,21.6,51.7,7.3,6.22,23.5,129.0,78.0,115.7,Drip,204.7,4.38,0.88,1.96,1.04,21192,37621,22040.0,-15581.0,651,1.598,19.6,-29398.11,70983.02,41584.91
SF11669,Maharashtra,Indore,Wheat,Zaid,4.12,310.1,31.5,67.0,9.5,6.11,14.0,95.4,61.0,79.9,Flood,99.3,5.9,0.96,1.19,4.9,21794,228581,106791.0,-121790.0,2510,1.952,43.6,-29560.68,55480.83,25920.15
SF11670,Gujarat,Raichur,Rice,Kharif,12.25,750.6,27.0,73.6,7.2,6.99,25.7,111.1,42.7,98.5,Rainfed,268.5,5.05,0.9,3.26,39.93,21303,870101,850629.0,-19472.0,10910,3.66,54.8,-1589.55,71028.65,69439.1
SF11671,Karnataka,Nalgonda,Rice,Kharif,11.97,1142.7,24.8,77.1,5.9,6.16,30.9,130.2,74.9,89.3,Flood,114.2,9.27,0.68,2.25,26.93,16693,784002,449542.0,-334460.0,24950,1.079,53.4,-27941.52,65497.24,37555.72
SF11672,Tamil Nadu,Indore,Chilli,Kharif,10.69,784.5,32.5,62.4,7.6,6.88,33.6,96.5,83.3,98.9,Drip,167.5,6.27,0.72,2.63,28.11,104613,766473,2940671.0,2174198.0,5664,4.963,44.8,203386.16,71700.0,275086.16
SF11673,Karnataka,Nashik,Maize,Kharif,3.91,532.5,23.5,67.6,6.1,8.4,30.3,101.7,28.7,98.7,Sprinkler,248.2,11.8,0.68,0.3,1.17,19003,347262,22234.0,-325028.0,2174,0.538,21.3,-83127.37,88813.81,5686.45
SF11674,Karnataka,Raichur,Pulses,Zaid,13.9,313.4,33.9,59.4,7.5,7.2,17.3,125.7,39.6,107.6,Sprinkler,196.0,5.71,0.71,0.69,9.59,68470,1055194,656627.0,-398567.0,4176,2.296,30.7,-28673.88,75913.24,47239.35
SF11675,Andhra Pradesh,Raichur,Groundnut,Kharif,4.31,519.0,27.3,73.1,8.2,5.93,22.0,97.2,36.4,106.2,Flood,209.3,5.86,0.67,0.88,3.79,54931,271020,208188.0,-62832.0,2612,1.451,58.0,-14578.19,62881.67,48303.48
SF11676,Andhra Pradesh,Ludhiana,Maize,Zaid,0.74,492.0,33.8,68.2,10.4,6.67,17.9,168.0,45.7,74.5,Rainfed,247.7,5.03,0.96,3.16,2.34,18852,59245,44114.0,-15131.0,222,10.541,47.8,-20447.3,80060.81,59613.51
SF11677,Tamil Nadu,Erode,Maize,Kharif,8.33,746.2,27.7,66.4,6.5,6.98,37.9,130.5,40.2,108.7,Flood,196.4,4.66,0.69,3.95,32.9,20830,545892,685307.0,139415.0,6063,5.426,50.4,16736.49,65533.25,82269.75
SF11678,Andhra Pradesh,Guntur,Groundnut,Rabi,1.78,663.8,22.8,57.7,4.9,6.31,28.6,54.9,51.4,98.4,Flood,292.1,2.83,0.75,1.45,2.58,57486,125670,148314.0,22644.0,1147,2.249,48.2,12721.35,70601.12,83322.47
SF11679,Madhya Pradesh,Rajkot,Cotton,Rabi,2.96,693.4,23.5,77.0,8.1,7.19,26.5,74.4,73.2,79.3,Rainfed,239.6,6.81,0.95,1.28,3.79,67841,201019,257117.0,56098.0,1232,3.076,42.1,18952.03,67911.82,86863.85
SF11680,Karnataka,Nalgonda,Maize,Rabi,3.93,694.5,23.0,65.3,7.9,6.98,26.2,84.7,79.0,117.6,Rainfed,129.4,7.16,0.68,3.93,15.44,19655,209797,303473.0,93676.0,1371,11.262,48.7,23836.13,53383.46,77219.59
SF11681,Andhra Pradesh,Ludhiana,Cotton,Rabi,13.56,144.6,26.3,63.3,6.5,7.48,21.7,93.1,47.0,81.4,Rainfed,137.7,3.18,0.99,0.51,6.92,65176,923979,451018.0,-472961.0,5114,1.353,48.9,-34879.13,68140.04,33260.91
SF11682,Tamil Nadu,Indore,Rice,Kharif,3.09,538.5,31.0,73.3,6.4,6.28,33.9,111.5,63.6,101.4,Flood,236.3,5.0,0.91,2.81,8.68,19255,225728,167133.0,-58595.0,5554,1.563,50.8,-18962.78,73051.13,54088.35
SF11683,Tamil Nadu,Warangal,Sugarcane,Kharif,12.27,852.6,28.4,72.3,5.8,6.5,35.1,98.3,67.9,103.5,Rainfed,218.8,2.26,0.93,65.04,798.04,3851,794145,3073252.0,2279107.0,12941,61.668,58.6,185746.29,64722.49,250468.79
SF11684,Punjab,Krishna,Maize,Zaid,7.21,342.1,25.6,48.8,7.6,6.54,27.6,108.0,53.4,117.7,Drip,161.8,6.73,0.69,4.12,29.71,21474,439193,637993.0,198800.0,3667,8.102,16.2,27572.82,60914.42,88487.24
SF11685,Andhra Pradesh,Rajkot,Sugarcane,Kharif,14.21,875.5,22.5,72.2,6.8,6.11,29.8,181.2,40.8,99.1,Rainfed,206.4,0.5,0.81,40.42,574.37,3706,989587,2128615.0,1139028.0,15181,37.835,70.7,80156.79,69640.18,149796.97
SF11686,Telangana,Nashik,Rice,Kharif,10.88,1129.5,28.1,75.0,6.9,5.64,26.3,66.0,90.1,90.4,Rainfed,147.4,3.48,0.7,0.63,6.85,22639,791814,155077.0,-636737.0,10156,0.674,67.3,-58523.62,72777.02,14253.4
SF11687,Telangana,Rajkot,Sugarcane,Kharif,13.3,925.8,32.5,59.3,7.6,6.19,38.9,151.3,52.5,113.1,Drip,156.1,4.71,0.98,48.03,638.8,3036,994860,1939397.0,944537.0,19293,33.11,58.7,71017.82,74801.5,145819.32
SF11688,Telangana,Nalgonda,Cotton,Rabi,8.83,604.9,23.9,59.9,8.2,7.39,18.9,81.8,57.4,99.4,Flood,221.3,0.5,0.73,1.22,10.77,69587,519963,749452.0,229489.0,7747,1.39,61.2,25989.69,58885.96,84875.65
SF11689,Gujarat,Ludhiana,Rice,Rabi,11.94,197.2,24.2,56.6,7.1,6.01,31.4,105.0,62.3,92.9,Rainfed,191.9,4.97,0.76,1.24,14.81,22842,666146,338290.0,-327856.0,9363,1.582,40.9,-27458.63,55791.12,28332.5
SF11690,Karnataka,Indore,Maize,Rabi,6.87,346.5,26.3,73.7,6.5,6.6,26.4,87.3,28.8,36.4,Drip,63.8,5.96,0.69,3.67,25.21,19243,399013,485116.0,86103.0,3148,8.008,50.7,12533.19,58080.49,70613.68
SF11691,Karnataka,Warangal,Chilli,Kharif,13.04,921.0,28.4,77.6,6.5,6.65,39.2,141.1,46.1,96.0,Drip,163.1,4.65,0.97,3.01,39.25,115222,784135,4522464.0,3738329.0,7074,5.548,47.4,286681.67,60133.05,346814.72
SF11692,Maharashtra,Erode,Pulses,Kharif,7.49,719.7,22.6,78.8,5.2,7.01,26.1,97.0,61.2,81.9,Drip,84.3,7.77,0.7,1.33,9.96,80929,558122,806053.0,247931.0,2427,4.104,39.1,33101.6,74515.62,107617.22
SF11693,Maharashtra,Rajkot,Chilli,Kharif,9.68,788.8,31.4,72.7,6.4,6.81,45.7,87.3,19.7,143.6,Rainfed,233.4,5.85,0.71,2.17,21.01,105796,658186,2222774.0,1564588.0,3127,6.719,45.0,161630.99,67994.42,229625.41
SF11694,Maharashtra,Rajkot,Maize,Zaid,12.93,377.0,27.4,48.8,8.7,6.51,26.4,145.0,59.1,169.3,Rainfed,208.7,4.87,0.8,3.44,44.48,24775,891309,1101992.0,210683.0,4895,9.087,41.1,16294.12,68933.41,85227.53
SF11695,Telangana,Warangal,Groundnut,Rabi,6.86,948.9,19.7,71.6,8.3,6.86,27.4,122.0,63.7,106.4,Flood,218.0,3.22,0.91,1.78,12.21,46948,474197,573235.0,99038.0,3964,3.08,49.8,14437.03,69124.93,83561.95
SF11696,Tamil Nadu,Rajkot,Cotton,Rabi,2.78,371.9,24.2,70.2,6.9,7.64,22.9,111.2,64.9,87.3,Rainfed,207.8,8.42,0.73,0.46,1.28,63306,225653,81032.0,-144621.0,1170,1.094,19.5,-52021.94,81170.14,29148.2
SF11697,Gujarat,Nalgonda,Cotton,Kharif,3.95,834.9,31.6,81.3,5.9,5.2,22.5,164.3,39.3,147.5,Flood,267.5,3.17,0.74,0.3,1.18,71960,260522,84913.0,-175609.0,3923,0.301,61.6,-44457.97,65954.94,21496.96
SF11698,Andhra Pradesh,Warangal,Rice,Rabi,5.18,272.1,25.2,65.3,5.7,6.87,25.6,180.1,54.4,131.2,Rainfed,150.6,4.18,0.98,2.76,14.3,26717,325783,382053.0,56270.0,4163,3.435,44.8,10862.93,62892.47,73755.41
SF11699,Maharashtra,Nalgonda,Groundnut,Rabi,8.47,477.8,23.3,52.5,9.5,6.05,20.7,113.0,60.7,112.6,Flood,90.1,6.99,0.99,1.17,9.91,59193,487787,586603.0,98816.0,4845,2.045,38.0,11666.59,57589.96,69256.55
SF11700,Punjab,Erode,Pulses,Kharif,13.05,868.3,23.2,71.6,6.7,6.46,27.9,69.8,67.1,123.8,Rainfed,268.3,4.71,0.87,1.19,15.53,64572,832415,1002803.0,170388.0,2533,6.131,52.3,13056.55,63786.59,76843.14
SF11701,Madhya Pradesh,Indore,Rice,Rabi,3.09,544.8,23.2,49.6,7.1,5.78,16.2,102.8,74.0,108.1,Sprinkler,111.4,3.19,0.87,1.38,4.26,20949,184868,89243.0,-95625.0,4594,0.927,42.2,-30946.6,59827.83,28881.23
SF11702,Madhya Pradesh,Warangal,Rice,Rabi,0.68,268.4,22.7,54.5,7.5,6.32,27.3,87.3,62.8,96.5,Sprinkler,214.1,5.53,0.99,2.31,1.57,21311,47268,33458.0,-13810.0,995,1.578,26.0,-20308.82,69511.76,49202.94
SF11703,Telangana,Indore,Rice,Rabi,5.39,239.2,23.1,53.2,7.5,6.99,16.3,133.6,62.5,115.4,Flood,267.7,4.91,0.73,2.38,12.83,23474,359829,301171.0,-58658.0,10083,1.272,32.7,-10882.75,66758.63,55875.88
SF11704,Tamil Nadu,Raichur,Sugarcane,Kharif,9.35,845.8,30.6,78.9,7.7,6.78,22.8,141.4,51.0,93.3,Flood,193.5,4.22,0.97,71.42,667.78,3938,664050,2629718.0,1965668.0,18582,35.937,46.1,210231.87,71021.39,281253.26
SF11705,Punjab,Indore,Groundnut,Rabi,10.07,80.0,22.3,48.3,7.2,5.2,25.6,153.6,22.3,58.7,Sprinkler,166.4,3.73,0.71,0.3,3.02,50998,668966,154014.0,-514952.0,5793,0.521,31.1,-51137.24,66431.58,15294.34
SF11706,Andhra Pradesh,Raichur,Groundnut,Kharif,14.64,829.4,32.3,79.5,6.6,6.47,38.9,158.6,50.4,132.3,Sprinkler,276.0,7.12,0.86,1.85,27.08,51416,978911,1392345.0,413434.0,7832,3.458,55.9,28240.03,66865.51,95105.53
SF11707,Karnataka,Krishna,Maize,Kharif,1.41,849.3,30.7,83.5,7.0,6.61,37.3,117.6,64.8,141.2,Rainfed,89.4,3.19,0.71,3.91,5.51,22852,76242,125915.0,49673.0,449,12.272,65.9,35229.08,54072.34,89301.42
SF11708,Tamil Nadu,Rajkot,Pulses,Kharif,10.44,644.6,30.7,75.5,7.5,6.88,29.8,102.2,87.4,51.7,Flood,228.3,5.3,0.78,1.22,12.74,65124,852257,829680.0,-22577.0,5253,2.425,55.1,-2162.55,81633.81,79471.26
SF11709,Madhya Pradesh,Rajkot,Wheat,Rabi,1.22,585.1,24.1,57.2,7.1,5.39,22.5,137.1,83.5,120.2,Sprinkler,148.1,4.86,0.82,0.52,0.63,22371,85319,14094.0,-71225.0,698,0.903,56.6,-58381.15,69933.61,11552.46
SF11710,Madhya Pradesh,Nalgonda,Rice,Kharif,12.43,1008.1,32.1,66.4,5.6,6.64,28.1,93.7,59.0,78.8,Drip,205.4,4.04,0.83,3.42,42.51,20719,834823,880765.0,45942.0,13733,3.095,52.0,3696.06,67161.95,70858.0
SF11711,Tamil Nadu,Ludhiana,Pulses,Kharif,10.72,842.5,23.1,78.4,7.6,6.12,29.9,65.1,45.2,126.6,Sprinkler,190.7,6.12,0.82,0.95,10.18,69978,894889,712376.0,-182513.0,4098,2.484,44.4,-17025.47,83478.45,66452.99
SF11712,Tamil Nadu,Raichur,Pulses,Kharif,6.01,778.5,25.1,62.5,4.1,6.49,34.5,134.3,58.6,91.9,Rainfed,185.5,3.11,1.0,1.51,9.08,64699,408237,587467.0,179230.0,1284,7.072,57.8,29821.96,67926.29,97748.25
SF11713,Telangana,Erode,Sugarcane,Rabi,14.66,253.1,26.8,50.0,8.8,7.26,27.4,95.7,72.0,118.1,Rainfed,190.2,1.7,0.98,34.78,509.87,3579,808095,1824825.0,1016730.0,14661,34.777,39.7,69354.02,55122.44,124476.47
SF11714,Gujarat,Rajkot,Cotton,Rabi,13.13,187.1,22.9,54.1,8.7,6.45,29.3,96.1,33.7,128.5,Flood,218.3,7.19,0.87,1.03,13.52,52201,1088504,705758.0,-382746.0,12377,1.092,31.9,-29150.5,82902.06,53751.56
SF11715,Punjab,Warangal,Wheat,Kharif,5.55,1117.3,30.4,74.2,6.3,6.71,29.9,120.6,38.2,98.6,Rainfed,331.3,5.7,0.85,2.3,12.76,24846,459378,317035.0,-142343.0,1725,7.397,58.3,-25647.39,82770.81,57123.42
SF11716,Gujarat,Indore,Sugarcane,Kharif,6.32,689.0,29.6,68.2,5.9,6.68,30.5,125.9,71.8,103.9,Drip,171.0,0.5,0.75,101.44,641.1,3077,364374,1972665.0,1608291.0,11781,54.418,60.1,254476.42,57654.11,312130.54
SF11717,Gujarat,Nashik,Wheat,Rabi,4.41,208.4,27.9,61.6,8.6,7.51,25.1,149.5,49.6,46.1,Flood,214.0,4.27,0.9,0.97,4.28,22746,340731,97353.0,-243378.0,2945,1.453,42.0,-55187.76,77263.27,22075.51
SF11718,Gujarat,Ludhiana,Rice,Zaid,0.85,388.1,29.0,54.6,8.7,6.57,15.3,120.2,62.5,128.1,Sprinkler,286.7,5.99,1.0,2.85,2.42,22581,66219,54646.0,-11573.0,1294,1.87,41.0,-13615.29,77904.71,64289.41
SF11719,Karnataka,Nalgonda,Rice,Rabi,14.42,450.9,23.6,72.4,7.7,6.82,31.6,114.1,70.4,140.5,Sprinkler,204.6,6.71,0.65,3.91,56.38,25392,952561,1431601.0,479040.0,21350,2.641,53.5,33220.53,66058.32,99278.85
SF11720,Punjab,Ludhiana,Pulses,Kharif,9.51,623.9,26.4,84.7,7.4,6.27,34.3,91.7,55.2,94.8,Drip,175.5,3.77,0.93,1.17,11.13,56008,472580,623369.0,150789.0,3527,3.156,61.9,15855.84,49692.95,65548.79
SF11721,Madhya Pradesh,Rajkot,Rice,Rabi,5.38,509.7,19.9,38.6,7.2,5.57,14.0,98.6,55.3,55.7,Flood,178.4,3.24,0.65,0.49,2.64,23322,348779,61570.0,-287209.0,9528,0.277,17.2,-53384.57,64828.81,11444.24
SF11722,Telangana,Erode,Pulses,Rabi,10.52,99.1,21.9,52.1,8.9,5.49,22.9,139.1,71.9,118.1,Flood,139.5,3.74,0.88,0.3,3.16,65722,535978,207682.0,-328296.0,4789,0.66,47.8,-31206.84,50948.48,19741.63
SF11723,Maharashtra,Nalgonda,Groundnut,Rabi,7.01,499.4,22.1,60.0,7.7,7.19,24.6,104.7,64.1,93.0,Flood,312.6,3.44,0.95,1.29,9.04,57788,568807,522404.0,-46403.0,5477,1.651,51.0,-6619.54,81142.23,74522.68
SF11724,Maharashtra,Nashik,Sugarcane,Kharif,13.62,552.2,28.6,61.0,8.1,5.76,25.0,132.1,42.2,85.6,Sprinkler,116.9,5.87,0.85,26.4,359.57,3341,932036,1201323.0,269287.0,21437,16.773,52.0,19771.44,68431.42,88202.86
SF11725,Andhra Pradesh,Rajkot,Rice,Kharif,12.14,994.5,24.6,63.5,7.2,7.77,39.2,112.7,63.2,134.3,Flood,286.5,3.23,0.82,0.95,11.53,23311,842078,268776.0,-573302.0,21359,0.54,72.4,-47224.22,69363.92,22139.7
SF11726,Telangana,Warangal,Pulses,Rabi,13.42,683.7,23.2,55.0,4.1,6.44,25.9,135.4,77.5,148.1,Rainfed,182.2,6.77,0.87,1.52,20.4,74239,662530,1514476.0,851946.0,2805,7.273,51.4,63483.31,49368.85,112852.16
SF11727,Punjab,Krishna,Maize,Kharif,10.31,852.4,22.7,80.2,4.8,6.97,35.0,159.6,57.8,107.1,Rainfed,214.5,6.66,0.77,3.93,40.52,18412,686760,746054.0,59294.0,3185,12.722,45.6,5751.12,66611.06,72362.17
SF11728,Madhya Pradesh,Rajkot,Chilli,Kharif,5.88,888.8,25.8,68.7,6.5,7.29,30.1,125.0,31.7,80.3,Drip,200.6,5.71,0.98,2.4,14.11,124599,412314,1758092.0,1345778.0,3154,4.474,51.9,228873.81,70121.43,298995.24
SF11729,Gujarat,Ludhiana,Maize,Rabi,7.95,264.3,26.6,54.9,7.4,7.85,31.7,155.3,69.8,116.6,Drip,218.3,8.01,0.82,0.87,6.92,17059,545383,118048.0,-427335.0,3863,1.791,29.8,-53752.83,68601.64,14848.81
SF11730,Punjab,Krishna,Wheat,Zaid,3.8,236.3,35.4,35.2,7.9,5.67,14.8,163.5,85.0,96.8,Drip,180.1,9.02,0.93,0.58,2.2,25027,243974,55059.0,-188915.0,1896,1.16,22.3,-49714.47,64203.68,14489.21
SF11731,Karnataka,Nalgonda,Sugarcane,Rabi,6.28,127.7,23.7,60.3,8.2,6.55,23.1,128.1,80.9,114.7,Rainfed,236.9,5.59,0.66,44.48,279.33,3761,403898,1050560.0,646662.0,6079,45.95,35.4,102971.66,64314.97,167286.62
SF11732,Andhra Pradesh,Krishna,Groundnut,Kharif,3.04,993.8,31.5,79.1,5.9,7.47,18.2,137.9,60.9,119.4,Flood,40.1,5.01,0.97,1.01,3.07,55783,174834,171254.0,-3580.0,1784,1.721,62.4,-1177.63,57511.18,56333.55
SF11733,Tamil Nadu,Nashik,Chilli,Rabi,6.46,383.0,22.2,51.6,6.9,6.33,23.9,91.6,53.7,80.7,Sprinkler,171.8,6.32,0.92,1.93,12.47,103594,458157,1291817.0,833660.0,3709,3.362,29.2,129049.54,70922.14,199971.67
SF11734,Andhra Pradesh,Nashik,Sugarcane,Kharif,6.22,560.7,30.5,84.7,7.4,7.05,36.4,91.6,52.2,102.2,Rainfed,204.3,4.23,0.67,50.8,315.98,3112,444267,983330.0,539063.0,5797,54.508,59.6,86666.08,71425.56,158091.64
SF11735,Tamil Nadu,Rajkot,Wheat,Kharif,7.22,1003.3,28.2,72.5,7.2,5.82,32.5,167.8,50.0,112.8,Flood,131.0,4.93,0.7,1.17,8.45,20693,377997,174856.0,-203141.0,4928,1.715,61.8,-28135.87,52354.16,24218.28
SF11736,Gujarat,Guntur,Rice,Rabi,12.42,468.0,25.3,70.4,6.3,7.19,22.7,137.9,48.1,49.9,Flood,134.5,5.15,0.76,2.32,28.81,23388,759887,673808.0,-86079.0,23569,1.222,32.7,-6930.68,61182.53,54251.85
SF11737,Andhra Pradesh,Krishna,Rice,Kharif,3.25,1066.6,27.1,94.3,6.7,5.29,28.3,149.1,66.7,128.5,Drip,257.6,6.34,0.86,0.36,1.17,23946,240158,28017.0,-212141.0,3976,0.294,66.7,-65274.15,73894.77,8620.62
SF11738,Gujarat,Nalgonda,Groundnut,Rabi,8.79,456.2,19.7,61.2,6.5,5.56,26.3,126.4,52.3,76.8,Flood,174.9,8.93,0.77,0.33,2.9,52760,548150,153004.0,-395146.0,5007,0.579,25.3,-44954.04,62360.64,17406.6
SF11739,Telangana,Indore,Chilli,Kharif,9.89,1053.2,27.9,82.4,6.8,6.56,30.0,136.6,47.3,95.1,Drip,85.3,1.97,0.88,2.77,27.4,91827,614229,2516060.0,1901831.0,5801,4.723,67.4,192298.38,62106.07,254404.45
SF11740,Andhra Pradesh,Raichur,Chilli,Kharif,8.05,585.4,25.5,71.4,7.5,6.36,32.5,54.4,39.4,123.2,Flood,109.9,6.58,0.97,2.18,17.55,101917,533839,1788643.0,1254804.0,6894,2.546,47.4,155876.27,66315.4,222191.68
SF11741,Maharashtra,Nalgonda,Rice,Kharif,5.91,769.8,26.7,65.0,6.8,7.25,33.9,129.7,41.8,150.4,Rainfed,132.6,3.44,0.89,3.46,20.45,19326,304198,395217.0,91019.0,5718,3.576,57.1,15400.85,51471.74,66872.59
SF11742,Tamil Nadu,Indore,Wheat,Rabi,4.33,517.8,25.8,53.5,8.4,6.87,22.6,101.2,50.9,112.4,Rainfed,196.4,2.67,0.96,2.64,11.43,24299,290504,277738.0,-12766.0,1274,8.972,41.3,-2948.27,67090.99,64142.73
SF11743,Telangana,Guntur,Rice,Kharif,1.93,912.6,25.6,63.1,6.4,5.93,35.0,147.2,37.4,113.8,Sprinkler,164.6,4.0,0.75,2.33,4.5,23848,147617,107316.0,-40301.0,3017,1.492,40.1,-20881.35,76485.49,55604.15
SF11744,Tamil Nadu,Raichur,Pulses,Zaid,3.03,192.5,30.0,53.7,9.1,7.16,28.9,150.0,48.0,103.8,Sprinkler,117.9,8.06,0.87,0.86,2.61,75127,178661,196081.0,17420.0,1083,2.41,25.8,5749.17,58964.03,64713.2
SF11745,Andhra Pradesh,Rajkot,Groundnut,Zaid,4.73,253.5,33.7,40.1,6.8,6.79,24.6,166.7,58.9,97.8,Flood,184.3,1.67,0.86,1.4,6.62,43672,292272,289109.0,-3163.0,3024,2.189,43.6,-668.71,61791.12,61122.41
SF11746,Andhra Pradesh,Ludhiana,Maize,Zaid,12.91,212.1,30.1,49.1,8.4,7.11,24.0,150.7,40.4,101.5,Drip,150.9,5.91,0.78,2.83,36.54,20703,812013,756488.0,-55525.0,5956,6.135,37.0,-4300.93,62897.99,58597.06
SF11747,Madhya Pradesh,Ludhiana,Sugarcane,Kharif,4.75,741.1,26.7,59.8,7.0,7.09,27.6,101.5,45.1,124.5,Rainfed,201.8,7.19,0.8,59.05,280.49,3312,294912,928983.0,634071.0,3601,77.892,54.8,133488.63,62086.74,195575.37
SF11748,Madhya Pradesh,Raichur,Wheat,Rabi,9.28,559.5,18.0,49.6,7.8,6.25,21.3,188.8,78.2,103.2,Rainfed,257.3,6.69,0.89,2.07,19.21,20218,650242,388388.0,-261854.0,2863,6.71,21.4,-28217.03,70069.18,41852.16
SF11749,Punjab,Nalgonda,Sugarcane,Rabi,9.61,157.1,21.8,65.2,7.5,6.71,20.9,148.8,68.2,93.5,Flood,154.6,6.21,0.9,46.96,451.29,3243,551843,1463533.0,911690.0,24478,18.437,21.7,94868.89,57423.83,152292.72
SF11750,Karnataka,Nalgonda,Rice,Zaid,13.8,477.0,28.1,40.6,8.4,7.86,23.4,82.8,48.3,77.3,Flood,299.7,4.88,0.97,0.51,7.04,22978,963976,161765.0,-802211.0,23354,0.301,44.7,-58131.23,69853.33,11722.1
SF11751,Karnataka,Rajkot,Cotton,Zaid,6.62,273.3,33.9,45.8,7.0,6.21,24.3,142.7,92.7,108.4,Rainfed,290.4,4.08,0.84,0.64,4.24,68676,472649,291186.0,-181463.0,2459,1.724,28.2,-27411.33,71397.13,43985.8
SF11752,Karnataka,Erode,Rice,Rabi,9.38,359.7,23.8,46.7,7.8,8.31,23.9,151.0,57.9,113.2,Drip,280.7,5.71,0.99,0.3,2.81,22737,634846,63891.0,-570955.0,11590,0.242,36.9,-60869.4,67680.81,6811.41
SF11753,Karnataka,Nashik,Wheat,Kharif,12.04,1137.7,30.7,64.5,6.3,7.08,38.6,115.3,74.2,95.4,Flood,183.9,2.98,0.95,1.9,22.88,25535,888555,584241.0,-304314.0,9536,2.399,71.6,-25275.25,73800.25,48525.0
SF11754,Karnataka,Erode,Cotton,Kharif,10.06,568.2,26.5,68.8,6.6,6.75,35.6,127.2,39.8,112.0,Flood,140.6,2.2,0.88,1.86,18.71,70175,454507,1312974.0,858467.0,9314,2.009,53.2,85334.69,45179.62,130514.31
SF11755,Gujarat,Erode,Pulses,Zaid,4.86,561.8,32.1,62.1,7.4,5.58,16.3,140.1,31.1,110.1,Rainfed,254.8,5.98,1.0,0.3,1.46,54096,352213,78980.0,-273233.0,1094,1.335,56.6,-56220.78,72471.81,16251.03
SF11756,Gujarat,Guntur,Rice,Kharif,11.23,839.9000000000001,32.5,67.9,6.5,7.67,32.3,165.8,21.7,90.4,Rainfed,142.1,7.92,0.76,1.12,12.58,26125,649666,328652.0,-321014.0,9487,1.326,33.1,-28585.4,57850.93,29265.54
SF11757,Karnataka,Nashik,Rice,Rabi,12.28,260.4,19.8,49.5,6.0,6.02,25.5,152.6,68.5,124.7,Rainfed,232.6,8.97,0.81,1.14,14.0,22727,1005380,318178.0,-687202.0,9385,1.492,29.8,-55961.07,81871.34,25910.26
SF11758,Maharashtra,Krishna,Cotton,Rabi,7.72,489.3,20.6,42.9,6.4,6.24,24.0,165.8,48.3,72.3,Flood,145.2,4.86,1.0,1.36,10.5,86548,504676,908754.0,404078.0,6656,1.578,38.5,52341.71,65372.54,117714.25
SF11759,Karnataka,Nashik,Cotton,Rabi,12.99,840.0,21.2,49.4,6.7,6.53,12.4,137.5,51.8,196.9,Drip,252.1,5.4,0.86,2.1,27.28,78333,983344,2136924.0,1153580.0,7905,3.451,40.8,88805.23,75700.08,164505.31
SF11760,Maharashtra,Raichur,Maize,Zaid,1.85,203.0,30.9,52.3,8.5,6.25,22.9,116.0,61.3,136.0,Flood,257.0,5.54,0.85,2.18,4.03,23059,140841,92928.0,-47913.0,1481,2.721,29.9,-25898.92,76130.27,50231.35
SF11761,Telangana,Guntur,Maize,Kharif,14.79,862.2,26.3,82.8,8.2,7.82,31.5,180.3,56.7,102.6,Flood,101.2,4.98,0.67,0.99,14.64,23574,994452,345123.0,-649329.0,12670,1.155,49.3,-43903.25,67238.13,23334.89
SF11762,Telangana,Guntur,Maize,Rabi,5.19,466.8,24.7,48.7,9.3,7.1,24.5,113.6,44.8,132.5,Drip,153.7,2.56,0.96,3.67,19.05,20383,325294,388296.0,63002.0,2629,7.246,53.8,12139.11,62677.07,74816.18
SF11763,Punjab,Nalgonda,Cotton,Rabi,10.46,556.9,19.4,46.7,7.3,6.12,12.2,110.3,22.6,137.3,Sprinkler,287.8,4.25,0.9,1.01,10.56,54636,820752,576956.0,-243796.0,7225,1.462,28.5,-23307.46,78465.77,55158.32
SF11764,Gujarat,Guntur,Cotton,Rabi,6.4,361.8,26.2,61.2,8.4,7.07,14.8,127.0,88.5,100.2,Flood,306.8,5.44,0.86,1.53,9.79,78705,518027,770522.0,252495.0,5735,1.707,47.8,39452.34,80941.72,120394.06
SF11765,Punjab,Nalgonda,Rice,Kharif,1.85,749.7,28.4,71.9,7.9,8.08,28.5,76.6,89.5,107.9,Rainfed,221.0,2.03,0.69,0.34,0.63,23263,130753,14656.0,-116097.0,1508,0.418,44.1,-62755.14,70677.3,7922.16
SF11766,Madhya Pradesh,Rajkot,Wheat,Kharif,11.69,956.0,26.8,76.5,7.1,6.94,35.0,143.6,43.5,127.2,Flood,125.6,5.95,0.85,3.19,37.29,21842,772588,814488.0,41900.0,8685,4.294,52.2,3584.26,66089.65,69673.91
SF11767,Punjab,Krishna,Maize,Kharif,9.56,722.9,29.3,69.9,7.4,6.74,37.9,138.6,52.6,150.7,Flood,55.7,5.83,0.75,5.81,55.54,20129,591755,1117965.0,526210.0,6885,8.067,49.0,55042.89,61899.06,116941.95
SF11768,Andhra Pradesh,Indore,Cotton,Zaid,14.41,221.4,34.2,47.0,7.3,7.76,17.7,107.1,33.0,142.9,Drip,178.1,3.05,0.97,0.3,4.32,70927,995405,306405.0,-689000.0,9916,0.436,38.2,-47814.02,69077.38,21263.36
SF11769,Andhra Pradesh,Guntur,Maize,Zaid,12.36,525.7,33.1,50.0,7.1,5.52,19.6,162.5,64.4,155.6,Drip,159.9,1.41,0.82,0.68,8.4,22199,689540,186472.0,-503068.0,6330,1.327,57.7,-40701.29,55788.03,15086.73
SF11770,Karnataka,Ludhiana,Wheat,Kharif,8.74,1025.0,28.8,70.6,7.0,7.1,27.5,111.7,81.0,153.3,Sprinkler,124.8,6.39,0.7,2.31,20.19,19938,569442,402548.0,-166894.0,4539,4.448,66.3,-19095.42,65153.55,46058.12
SF11771,Gujarat,Nalgonda,Chilli,Rabi,3.32,363.9,23.6,70.1,8.4,5.2,31.4,131.9,36.7,80.1,Drip,126.4,3.91,0.68,0.3,1.0,96843,187584,96843.0,-90741.0,1607,0.622,49.4,-27331.63,56501.2,29169.58
SF11772,Gujarat,Warangal,Cotton,Rabi,1.59,480.3,24.6,39.2,7.9,6.2,28.1,136.3,31.1,99.5,Drip,182.8,4.95,0.78,1.56,2.48,66071,108392,163856.0,55464.0,1138,2.179,38.7,34883.02,68171.07,103054.09
SF11773,Andhra Pradesh,Nashik,Chilli,Rabi,6.43,662.3,26.0,49.3,7.5,7.87,30.8,115.2,82.4,72.4,Rainfed,194.4,3.44,0.93,0.5,3.22,89133,409408,287008.0,-122400.0,2226,1.447,50.7,-19035.77,63671.54,44635.77
SF11774,Tamil Nadu,Ludhiana,Chilli,Rabi,4.23,650.7,22.7,44.1,7.4,6.47,27.4,104.5,42.3,146.8,Drip,262.8,4.95,0.9,2.88,12.18,106077,288984,1292018.0,1003034.0,2202,5.531,48.4,237123.88,68317.73,305441.61
SF11775,Tamil Nadu,Guntur,Pulses,Kharif,5.12,771.5,34.0,69.7,6.4,7.98,33.9,170.6,67.5,97.4,Flood,209.0,6.0,0.82,0.3,1.54,96590,374195,148749.0,-225446.0,2602,0.592,48.1,-44032.42,73084.96,29052.54
SF11776,Telangana,Indore,Sugarcane,Kharif,9.76,1009.5,28.7,69.1,6.2,7.09,31.6,95.9,70.8,65.0,Drip,305.7,4.26,0.77,56.17,548.22,3887,707549,2130931.0,1423382.0,15700,34.918,45.3,145838.32,72494.77,218333.09
SF11777,Gujarat,Ludhiana,Wheat,Kharif,12.51,710.1,27.5,67.1,6.1,6.0,25.2,94.5,43.3,127.2,Flood,102.7,4.94,0.98,2.41,30.15,23918,784297,721128.0,-63169.0,8163,3.693,47.7,-5049.48,62693.61,57644.12
SF11778,Maharashtra,Rajkot,Rice,Rabi,4.98,168.3,18.9,60.0,9.4,7.94,24.0,74.0,39.8,105.1,Flood,202.4,5.04,0.89,0.32,1.59,23448,347808,37282.0,-310526.0,9333,0.17,28.6,-62354.62,69840.96,7486.35
SF11779,Telangana,Indore,Cotton,Kharif,5.8,1054.6,34.9,83.8,6.5,7.01,38.0,59.2,39.2,83.2,Sprinkler,117.0,5.27,0.76,1.4,8.12,73565,323241,597348.0,274107.0,4850,1.674,68.8,47259.83,55731.21,102991.03
SF11780,Maharashtra,Warangal,Sugarcane,Rabi,8.33,374.5,23.2,47.0,6.2,6.54,29.3,132.8,56.9,105.4,Drip,224.5,4.22,0.7,55.17,459.57,4026,575397,1850229.0,1274832.0,13001,35.349,32.2,153041.06,69075.27,222116.33
SF11781,Gujarat,Raichur,Chilli,Rabi,7.09,395.1,21.3,63.2,7.7,6.57,23.4,104.2,71.0,65.4,Flood,133.6,1.55,0.89,2.09,14.82,91633,454833,1358001.0,903168.0,6164,2.404,47.2,127386.18,64151.34,191537.52
SF11782,Telangana,Raichur,Wheat,Rabi,11.94,414.4,25.5,81.3,6.5,6.72,30.7,163.9,39.8,75.7,Flood,197.7,5.42,0.83,2.67,31.88,20400,769179,650352.0,-118827.0,9026,3.532,52.8,-9952.01,64420.35,54468.34
SF11783,Telangana,Ludhiana,Groundnut,Zaid,7.58,465.8,29.4,55.9,8.5,6.12,8.0,82.1,45.1,124.1,Flood,253.5,3.37,0.94,1.05,7.96,51445,508029,409502.0,-98527.0,4241,1.877,50.7,-12998.28,67022.3,54024.01
SF11784,Andhra Pradesh,Nalgonda,Rice,Kharif,13.87,886.0,25.9,66.8,7.6,6.45,24.0,121.8,77.4,65.3,Flood,178.2,5.12,0.81,4.2,58.25,16940,700751,986755.0,286004.0,24058,2.421,57.0,20620.33,50522.78,71143.11
SF11785,Tamil Nadu,Nashik,Groundnut,Kharif,3.46,313.2,30.0,75.5,6.8,7.02,23.5,144.5,71.1,90.7,Sprinkler,146.2,2.91,0.89,1.43,4.95,46833,210522,231823.0,21301.0,1644,3.011,62.2,6156.36,60844.51,67000.87
SF11786,Karnataka,Warangal,Maize,Rabi,6.47,182.6,27.8,51.8,7.7,7.06,20.5,132.4,45.5,34.4,Rainfed,94.3,6.02,0.86,2.12,13.72,14462,365994,198419.0,-167575.0,1853,7.404,26.5,-25900.31,56567.85,30667.54
SF11787,Telangana,Rajkot,Maize,Rabi,3.14,80.0,28.2,56.2,8.6,7.26,21.1,154.6,52.7,46.8,Flood,193.1,6.65,0.82,1.98,6.22,21988,217275,136765.0,-80510.0,2101,2.96,32.9,-25640.13,69195.86,43555.73
SF11788,Maharashtra,Krishna,Rice,Rabi,1.32,86.5,22.4,59.2,8.7,6.79,24.0,91.4,67.1,73.8,Flood,128.2,5.47,0.86,2.03,2.68,22892,91481,61351.0,-30130.0,2024,1.324,40.3,-22825.76,69303.79,46478.03
SF11789,Andhra Pradesh,Rajkot,Chilli,Kharif,7.7,728.5,33.0,74.9,6.9,8.38,37.7,149.1,51.6,150.6,Drip,310.7,4.44,0.97,0.3,2.31,98503,559500,227542.0,-331958.0,3492,0.662,52.7,-43111.43,72662.34,29550.91
SF11790,Andhra Pradesh,Raichur,Cotton,Kharif,0.79,1058.2,26.7,60.9,7.5,6.57,31.3,138.8,15.0,57.0,Sprinkler,198.4,7.61,0.78,1.7,1.34,82716,55125,110839.0,55714.0,517,2.592,56.3,70524.05,69778.48,140302.53
SF11791,Tamil Nadu,Nashik,Maize,Kharif,1.37,954.5,22.9,63.0,7.1,6.99,35.9,152.6,65.8,123.5,Sprinkler,215.1,3.38,0.68,4.3,5.89,19789,91147,116557.0,25410.0,796,7.399,53.8,18547.45,66530.66,85078.1
SF11792,Andhra Pradesh,Indore,Wheat,Rabi,8.76,259.1,24.2,50.3,7.0,5.99,29.2,108.7,85.3,143.9,Flood,205.6,5.55,0.95,1.34,11.74,28747,571984,337490.0,-234494.0,5686,2.065,28.0,-26768.72,65294.98,38526.26
SF11793,Karnataka,Ludhiana,Chilli,Kharif,14.43,1163.8,27.8,82.9,8.4,6.67,31.6,144.0,55.1,70.3,Flood,270.9,2.04,0.89,2.08,30.01,104534,1000485,3137065.0,2136580.0,11614,2.584,76.9,148065.14,69333.68,217398.82
SF11794,Telangana,Indore,Cotton,Zaid,5.27,157.7,32.3,54.6,6.6,7.11,19.0,131.2,46.4,73.1,Flood,264.9,2.37,0.68,0.87,4.58,65217,391790,298694.0,-93096.0,4825,0.949,55.0,-17665.28,74343.45,56678.18
SF11795,Gujarat,Nalgonda,Cotton,Kharif,13.86,608.5,30.4,69.5,5.9,6.66,23.8,107.5,59.6,47.1,Drip,131.3,0.8,0.77,2.09,28.97,55260,777753,1600882.0,823129.0,8869,3.266,58.5,59388.82,56114.94,115503.75
SF11796,Karnataka,Krishna,Cotton,Zaid,6.9,269.1,31.6,38.2,8.1,7.35,30.9,69.7,67.5,100.4,Rainfed,192.8,5.8,0.73,0.64,4.42,80141,410519,354223.0,-56296.0,2866,1.542,30.3,-8158.84,59495.51,51336.67
SF11797,Maharashtra,Nashik,Groundnut,Kharif,5.98,1319.6,25.9,70.1,4.4,8.37,28.7,112.7,73.5,109.4,Flood,94.0,4.86,0.82,0.3,1.79,56821,310065,101710.0,-208355.0,4662,0.384,55.3,-34841.97,51850.33,17008.36
SF11798,Telangana,Nashik,Cotton,Kharif,12.96,906.1,25.2,62.8,6.8,6.24,37.2,128.3,60.3,58.2,Drip,220.6,5.49,0.68,1.32,17.11,70116,895809,1199685.0,303876.0,8356,2.048,59.1,23447.22,69121.06,92568.29
SF11799,Madhya Pradesh,Krishna,Rice,Rabi,2.31,596.9,22.6,76.9,5.8,6.91,14.9,97.4,67.6,86.1,Drip,121.3,2.19,0.97,4.17,9.63,23556,143765,226844.0,83079.0,3000,3.21,58.2,35964.94,62235.93,98200.87
SF11800,Karnataka,Erode,Cotton,Kharif,11.02,954.9,29.7,66.6,6.3,6.73,31.0,105.1,67.5,101.5,Rainfed,279.0,6.18,0.84,1.84,20.28,67187,854696,1362552.0,507856.0,3960,5.121,50.0,46084.94,77558.62,123643.56
SF11801,Tamil Nadu,Erode,Cotton,Kharif,6.69,1125.9,30.4,76.8,8.3,6.95,33.0,76.2,45.2,118.9,Rainfed,185.5,4.18,0.72,1.14,7.63,69650,426321,531430.0,105109.0,2839,2.688,60.1,15711.36,63725.11,79436.47
SF11802,Gujarat,Indore,Pulses,Kharif,5.84,477.5,30.6,63.2,6.4,5.44,23.6,71.3,58.0,136.9,Drip,160.3,3.16,0.8,0.3,1.75,71006,377889,124260.0,-253629.0,1882,0.93,47.3,-43429.62,64707.02,21277.4
SF11803,Telangana,Indore,Sugarcane,Kharif,7.38,903.8,33.5,86.7,6.0,7.01,35.1,132.1,63.0,84.7,Rainfed,250.9,7.5,0.78,45.17,333.35,3650,456033,1216728.0,760695.0,8656,38.511,49.6,103075.2,61793.09,164868.29
SF11804,Telangana,Nalgonda,Wheat,Kharif,2.08,941.3,30.8,60.1,5.1,6.94,30.6,171.9,55.5,83.7,Drip,176.4,4.81,0.84,3.57,7.43,26430,128965,196375.0,67410.0,1149,6.466,52.8,32408.65,62002.4,94411.06
SF11805,Andhra Pradesh,Indore,Wheat,Zaid,12.75,254.0,30.5,50.9,8.4,7.88,18.5,106.9,52.0,117.1,Sprinkler,178.7,6.64,0.88,0.4,5.1,23902,727452,121900.0,-605552.0,6395,0.797,23.1,-47494.27,57055.06,9560.78
SF11806,Tamil Nadu,Guntur,Chilli,Kharif,13.67,899.9,36.8,64.6,6.1,5.86,30.4,122.0,60.4,112.3,Flood,155.7,7.12,0.87,0.7,9.57,93053,1107177,890517.0,-216660.0,11563,0.828,51.1,-15849.31,80993.2,65143.89
SF11807,Andhra Pradesh,Krishna,Maize,Zaid,7.97,99.2,28.0,56.5,9.1,6.52,21.4,136.6,35.5,73.3,Rainfed,218.8,6.98,0.86,2.01,16.02,22984,642758,368204.0,-274554.0,2183,7.339,19.1,-34448.43,80647.18,46198.75
SF11808,Tamil Nadu,Nalgonda,Groundnut,Kharif,6.12,850.5,30.4,64.9,6.6,8.17,21.2,83.4,41.9,93.1,Sprinkler,193.3,4.97,0.65,0.3,1.84,57858,428657,106459.0,-322198.0,2883,0.638,62.2,-52646.73,70041.99,17395.26
SF11809,Karnataka,Nalgonda,Sugarcane,Zaid,7.22,393.2,31.3,59.3,8.8,6.5,22.3,191.3,76.5,112.7,Sprinkler,236.0,1.75,0.72,57.04,411.83,3927,474477,1617256.0,1142779.0,11744,35.067,56.5,158279.64,65717.04,223996.68
SF11810,Punjab,Nashik,Rice,Kharif,3.43,675.5,29.9,70.9,6.2,6.81,36.3,98.4,63.6,93.1,Rainfed,46.0,3.25,0.85,3.61,12.38,19611,154852,242784.0,87932.0,2836,4.365,66.3,25636.15,45146.36,70782.51
SF11811,Karnataka,Ludhiana,Maize,Zaid,9.18,412.7,33.8,59.5,7.9,6.57,19.9,95.4,51.1,98.6,Rainfed,174.4,9.39,1.0,2.28,20.93,20054,660706,419730.0,-240976.0,2913,7.185,32.6,-26250.11,71972.33,45722.22
SF11812,Telangana,Ludhiana,Sugarcane,Kharif,5.59,1090.3,29.0,72.8,8.4,6.02,37.5,155.8,54.9,108.8,Rainfed,223.5,7.41,0.69,29.43,164.51,3223,438360,530216.0,91856.0,5950,27.649,49.8,16432.2,78418.6,94850.81
SF11813,Tamil Nadu,Raichur,Pulses,Rabi,12.1,633.7,21.3,60.9,8.2,7.0,19.0,138.9,81.3,79.2,Sprinkler,152.8,6.95,0.79,1.26,15.25,75814,722852,1156164.0,433312.0,4687,3.254,31.6,35810.91,59739.83,95550.74
SF11814,Madhya Pradesh,Warangal,Rice,Kharif,10.89,540.0,30.7,76.0,9.5,7.07,35.6,157.5,110.8,98.1,Rainfed,289.0,3.34,0.66,3.02,32.89,19623,804188,645400.0,-158788.0,9161,3.59,40.6,-14581.08,73846.46,59265.38
SF11815,Karnataka,Nashik,Rice,Kharif,9.97,789.0,24.6,72.2,5.9,7.05,29.7,72.3,87.4,89.1,Drip,229.8,3.12,0.78,3.35,33.4,22160,819414,740144.0,-79270.0,11623,2.874,69.2,-7950.85,82187.96,74237.11
SF11816,Madhya Pradesh,Nalgonda,Pulses,Rabi,0.91,417.5,21.5,53.6,7.3,5.86,29.1,153.5,53.1,84.1,Flood,192.3,4.8,0.69,0.39,0.35,79127,61651,27694.0,-33957.0,456,0.768,45.7,-37315.38,67748.35,30432.97
SF11817,Andhra Pradesh,Raichur,Chilli,Zaid,10.47,260.0,31.6,37.9,8.7,5.75,22.6,44.6,43.1,90.2,Drip,215.4,7.31,0.95,0.49,5.13,88628,752035,454662.0,-297373.0,5127,1.001,33.9,-28402.39,71827.6,43425.21
SF11818,Tamil Nadu,Nashik,Chilli,Kharif,0.7,1025.5,23.2,69.0,6.9,7.31,34.2,181.9,59.7,150.4,Rainfed,276.9,6.74,0.8,1.32,0.92,93063,46277,85618.0,39341.0,235,3.915,42.5,56201.43,66110.0,122311.43
SF11819,Punjab,Nashik,Rice,Kharif,11.09,1148.4,26.7,69.3,8.6,7.01,35.1,78.6,35.0,30.0,Flood,182.0,2.61,0.83,2.35,26.06,20250,657211,527715.0,-129496.0,21180,1.23,73.7,-11676.83,59261.59,47584.76
SF11820,Karnataka,Raichur,Pulses,Rabi,6.3,250.6,22.6,56.9,8.5,7.32,25.6,79.1,57.1,52.2,Drip,112.0,4.6,0.97,0.59,3.72,71259,350280,265083.0,-85197.0,1836,2.026,41.5,-13523.33,55600.0,42076.67
SF11821,Gujarat,Ludhiana,Pulses,Kharif,6.7,1132.3,27.3,55.2,7.0,6.99,25.3,127.4,73.1,85.9,Drip,223.2,2.01,0.89,1.24,8.31,67826,525717,563634.0,37917.0,2192,3.791,61.5,5659.25,78465.22,84124.48
SF11822,Gujarat,Raichur,Wheat,Rabi,7.62,209.0,23.1,70.4,8.1,6.8,28.8,105.0,66.9,136.3,Rainfed,201.9,6.09,0.85,1.8,13.72,21355,536908,292991.0,-243917.0,2186,6.276,36.9,-32010.1,70460.37,38450.26
SF11823,Maharashtra,Indore,Sugarcane,Kharif,11.42,726.0,31.1,75.4,7.1,6.44,34.6,131.2,39.7,67.9,Flood,222.2,2.63,0.81,70.82,808.76,3351,853338,2710155.0,1856817.0,28388,28.49,62.8,162593.43,74723.12,237316.55
SF11824,Karnataka,Guntur,Chilli,Rabi,8.46,308.4,21.4,61.0,7.0,6.66,33.3,94.5,77.5,116.5,Flood,134.2,1.32,0.68,1.62,13.71,111870,504184,1533738.0,1029554.0,5986,2.29,40.0,121696.69,59596.22,181292.91
SF11825,Telangana,Nalgonda,Wheat,Kharif,8.5,648.7,24.8,90.3,6.2,6.39,40.6,124.7,76.7,90.0,Flood,196.2,3.61,0.88,3.19,27.12,24084,538955,653158.0,114203.0,6075,4.464,65.2,13435.65,63406.47,76842.12
SF11826,Tamil Nadu,Rajkot,Chilli,Rabi,8.19,615.3,23.6,74.5,7.7,7.15,23.8,134.1,65.7,82.4,Rainfed,178.1,6.29,0.68,1.86,15.23,92765,496662,1412811.0,916149.0,2473,6.159,43.2,111861.9,60642.49,172504.4
SF11827,Tamil Nadu,Guntur,Pulses,Rabi,2.17,308.2,24.3,56.7,7.3,5.77,31.3,125.9,65.4,84.7,Flood,180.5,3.82,0.93,0.42,0.91,82482,145024,75059.0,-69965.0,1217,0.748,43.1,-32241.94,66831.34,34589.4
SF11828,Maharashtra,Krishna,Wheat,Kharif,9.33,561.5,28.0,72.8,6.4,7.12,25.9,61.7,78.9,129.5,Flood,118.2,5.27,0.65,3.08,28.74,22777,507026,654611.0,147585.0,6130,4.688,44.4,15818.33,54343.62,70161.95
SF11829,Tamil Nadu,Ludhiana,Sugarcane,Kharif,1.42,916.4,25.4,76.6,7.3,6.18,32.0,139.3,65.2,124.4,Sprinkler,187.2,5.09,0.77,62.41,88.62,3682,104569,326299.0,221730.0,2517,35.209,45.2,156147.89,73640.14,229788.03
SF11830,Gujarat,Krishna,Sugarcane,Rabi,9.26,496.4,20.5,66.2,5.5,5.66,29.1,111.2,63.1,78.7,Sprinkler,112.1,5.81,0.79,19.22,177.98,3487,592275,620616.0,28341.0,15749,11.301,37.3,3060.58,63960.58,67021.17
SF11831,Madhya Pradesh,Nalgonda,Pulses,Zaid,2.67,158.4,29.7,49.3,9.3,6.91,17.4,126.3,74.2,107.6,Flood,146.5,4.04,0.91,0.88,2.35,75606,150519,177674.0,27155.0,1165,2.017,37.9,10170.41,56374.16,66544.57
SF11832,Punjab,Ludhiana,Rice,Kharif,10.04,794.9,22.1,78.2,6.6,6.39,31.6,127.7,50.0,108.3,Rainfed,134.2,6.67,0.91,2.72,27.31,19180,687905,523806.0,-164099.0,8162,3.346,44.8,-16344.52,68516.43,52171.91
SF11833,Gujarat,Rajkot,Maize,Rabi,10.22,269.4,27.6,53.4,8.7,5.49,27.7,110.3,47.4,106.2,Drip,171.9,4.3,0.83,0.78,7.97,20301,716596,161799.0,-554797.0,4907,1.624,30.3,-54285.42,70117.03,15831.6
SF11834,Madhya Pradesh,Ludhiana,Groundnut,Rabi,3.98,244.7,24.5,78.4,6.5,5.34,23.3,128.4,46.2,104.1,Sprinkler,273.9,5.83,0.79,0.3,1.19,56235,308269,66920.0,-241349.0,2015,0.591,41.1,-60640.45,77454.52,16814.07
SF11835,Telangana,Ludhiana,Groundnut,Rabi,8.0,465.1,24.3,68.7,8.2,6.97,18.0,132.0,54.5,100.7,Sprinkler,197.7,8.62,0.88,1.6,12.8,53619,538378,686323.0,147945.0,4230,3.026,45.3,18493.12,67297.25,85790.38
SF11836,Andhra Pradesh,Rajkot,Rice,Kharif,11.82,451.2,24.3,61.4,6.0,6.8,30.3,81.7,58.3,140.0,Flood,172.1,8.52,0.72,3.72,43.97,17967,795221,790009.0,-5212.0,24440,1.799,33.2,-440.95,67277.58,66836.63
SF11837,Andhra Pradesh,Krishna,Chilli,Zaid,13.98,191.4,29.1,47.1,8.6,7.44,20.3,43.1,59.2,71.0,Drip,147.5,0.5,0.99,0.79,11.04,89710,816173,990398.0,174225.0,8441,1.308,47.0,12462.45,58381.47,70843.92
SF11838,Tamil Nadu,Ludhiana,Chilli,Kharif,12.06,993.0,30.8,78.1,5.7,6.73,28.3,133.2,80.1,143.7,Drip,148.5,6.89,0.68,2.59,31.24,102621,839705,3205880.0,2366175.0,6341,4.927,40.5,196200.25,69627.28,265827.53
SF11839,Karnataka,Rajkot,Wheat,Zaid,13.2,343.8,27.6,45.7,8.8,6.52,25.0,72.9,76.4,108.0,Rainfed,151.5,6.64,0.76,1.97,26.0,24809,833889,645034.0,-188855.0,3377,7.699,32.5,-14307.2,63173.41,48866.21
SF11840,Punjab,Nalgonda,Wheat,Rabi,14.72,326.0,27.3,69.7,6.6,5.98,27.3,108.1,80.9,62.3,Sprinkler,131.7,4.5,0.86,1.67,24.58,25418,756327,624774.0,-131553.0,8032,3.06,30.2,-8937.02,51380.91,42443.89
SF11841,Gujarat,Guntur,Pulses,Kharif,12.6,1122.6,28.6,67.8,4.9,8.03,36.2,148.2,53.5,137.6,Rainfed,200.1,8.79,0.86,0.3,3.78,78449,864129,296537.0,-567592.0,2612,1.447,46.1,-45046.98,68581.67,23534.68
SF11842,Madhya Pradesh,Erode,Rice,Kharif,10.82,973.8,31.8,70.0,8.8,6.86,28.6,111.5,51.2,118.1,Drip,133.4,4.15,0.87,3.87,41.87,19241,735536,805621.0,70085.0,13712,3.054,59.7,6477.36,67979.3,74456.65
SF11843,Tamil Nadu,Guntur,Groundnut,Rabi,9.12,341.6,24.0,42.7,7.7,6.19,20.0,126.1,66.3,55.9,Rainfed,126.9,7.24,0.75,1.1,10.03,51156,513283,513095.0,-188.0,2129,4.711,40.8,-20.61,56281.03,56260.42
SF11844,Punjab,Ludhiana,Cotton,Rabi,5.46,517.2,24.6,56.6,7.9,6.16,23.0,174.4,93.4,107.4,Drip,140.3,4.52,0.71,1.41,7.7,56960,321019,438592.0,117573.0,4080,1.887,32.4,21533.52,58794.69,80328.21
SF11845,Madhya Pradesh,Ludhiana,Wheat,Rabi,7.08,504.5,26.6,68.7,7.7,7.09,22.6,122.0,55.6,58.9,Sprinkler,228.1,7.48,0.89,3.18,22.51,27091,484345,609818.0,125473.0,4121,5.462,28.2,17722.18,68410.31,86132.49
SF11846,Punjab,Indore,Maize,Zaid,10.78,609.0,31.6,44.4,8.4,6.89,26.5,71.6,61.8,113.0,Sprinkler,400.0,5.23,0.92,3.62,39.02,20736,981651,809119.0,-172532.0,6221,6.272,44.0,-16004.82,91062.24,75057.42
SF11847,Gujarat,Indore,Pulses,Rabi,2.88,386.9,24.1,57.0,10.5,5.83,29.0,181.5,68.6,135.4,Drip,160.9,5.49,0.73,0.53,1.53,72741,193767,111294.0,-82473.0,905,1.691,38.3,-28636.46,67280.21,38643.75
SF11848,Maharashtra,Nashik,Maize,Kharif,7.8,1033.9,29.9,56.7,6.5,7.03,27.0,137.7,70.6,30.0,Sprinkler,56.0,5.89,0.77,4.0,31.2,22665,524319,707148.0,182829.0,4085,7.638,66.6,23439.62,67220.38,90660.0
SF11849,Gujarat,Nalgonda,Maize,Kharif,2.44,844.2,33.0,78.7,7.0,6.91,33.5,129.2,37.4,109.5,Flood,212.7,1.67,0.69,3.89,9.49,18348,149821,174123.0,24302.0,1916,4.953,68.4,9959.84,61402.05,71361.89
SF11850,Tamil Nadu,Ludhiana,Cotton,Kharif,13.27,690.5,32.9,82.7,8.0,7.31,27.8,126.7,70.9,124.0,Sprinkler,253.1,7.09,0.95,1.44,19.11,69629,882125,1330610.0,448485.0,9804,1.949,63.4,33796.91,66475.13,100272.04
SF11851,Andhra Pradesh,Guntur,Cotton,Rabi,14.93,88.2,28.5,56.6,7.7,7.1,26.7,133.4,68.4,100.3,Drip,58.5,7.88,0.76,1.35,20.16,67730,793458,1365437.0,571979.0,12354,1.632,23.4,38310.72,53145.21,91455.93
SF11852,Andhra Pradesh,Nalgonda,Maize,Zaid,1.7,621.6,30.3,58.7,8.2,6.52,11.1,145.7,53.5,141.0,Drip,226.4,4.79,0.95,4.44,7.55,20084,125373,151634.0,26261.0,908,8.315,51.7,15447.65,73748.82,89196.47
SF11853,Telangana,Nalgonda,Groundnut,Rabi,14.68,360.7,25.1,49.5,9.2,6.3,24.7,110.0,33.7,67.0,Flood,175.0,8.32,0.85,1.32,19.38,58166,950791,1127257.0,176466.0,8624,2.247,22.5,12020.84,64767.78,76788.62
SF11854,Madhya Pradesh,Guntur,Wheat,Rabi,3.88,433.4,29.2,45.1,7.7,6.36,26.8,71.6,77.3,123.2,Sprinkler,205.2,3.66,0.98,2.91,11.29,26006,301109,293608.0,-7501.0,2149,5.254,40.1,-1933.25,77605.41,75672.16
SF11855,Karnataka,Guntur,Groundnut,Kharif,6.16,588.5,27.2,61.1,7.8,6.89,34.6,133.4,74.4,127.4,Rainfed,190.7,3.26,0.86,2.26,13.92,58672,344173,816714.0,472541.0,1618,8.603,51.9,76711.2,55872.24,132583.44
SF11856,Madhya Pradesh,Ludhiana,Rice,Kharif,14.67,977.0,26.7,75.8,9.0,5.58,37.4,45.2,16.1,60.7,Drip,133.2,6.27,0.96,0.67,9.83,25643,921710,252071.0,-669639.0,22079,0.445,67.1,-45646.83,62829.58,17182.75
SF11857,Tamil Nadu,Warangal,Cotton,Kharif,3.23,929.8,28.1,56.1,5.5,7.65,35.0,169.8,74.8,90.4,Flood,162.4,2.98,0.72,0.69,2.23,64357,199386,143516.0,-55870.0,2861,0.779,56.7,-17297.21,61729.41,44432.2
SF11858,Karnataka,Indore,Rice,Rabi,7.07,590.0,21.1,60.1,7.7,6.66,24.0,102.6,69.5,109.9,Rainfed,188.5,2.23,0.95,3.55,25.1,19748,440516,495675.0,55159.0,5854,4.288,60.8,7801.84,62307.78,70109.62
SF11859,Maharashtra,Guntur,Cotton,Rabi,2.8,529.2,22.0,58.1,6.6,6.71,17.0,140.3,51.0,89.2,Flood,280.9,5.77,1.0,1.67,4.68,72989,207613,341589.0,133976.0,2508,1.866,32.8,47848.57,74147.5,121996.07
SF11860,Telangana,Krishna,Maize,Rabi,1.68,80.0,23.8,69.8,7.5,5.68,24.5,110.6,58.0,121.1,Drip,357.4,3.88,0.98,0.88,1.48,22451,133587,33227.0,-100360.0,756,1.958,29.5,-59738.1,79516.07,19777.98
SF11861,Andhra Pradesh,Indore,Pulses,Rabi,1.28,448.5,22.8,50.0,6.2,7.13,22.3,127.3,51.4,125.1,Flood,231.5,6.43,0.74,0.95,1.22,71184,98578,86844.0,-11734.0,604,2.02,28.0,-9167.19,77014.06,67846.88
SF11862,Telangana,Nalgonda,Groundnut,Rabi,8.23,305.1,21.1,60.4,9.0,6.66,21.5,115.4,74.3,71.4,Drip,129.8,7.84,0.76,1.67,13.74,45085,497367,619468.0,122101.0,3490,3.937,18.8,14836.09,60433.41,75269.5
SF11863,Telangana,Nashik,Chilli,Kharif,5.62,1331.2,27.9,36.9,7.0,7.5,32.8,145.4,52.8,107.0,Flood,188.4,4.54,0.73,1.78,10.0,106310,472264,1063100.0,590836.0,5265,1.899,60.8,105130.96,84032.74,189163.7
SF11864,Gujarat,Guntur,Pulses,Rabi,2.03,304.9,25.0,52.2,7.7,7.54,20.1,147.8,66.2,92.8,Flood,130.7,2.85,0.74,0.55,1.12,73286,153078,82080.0,-70998.0,906,1.236,33.7,-34974.38,75407.88,40433.5
SF11865,Telangana,Nashik,Chilli,Zaid,12.64,650.0,30.2,61.2,8.6,6.71,23.6,98.8,56.9,67.4,Drip,128.6,5.47,0.72,2.43,30.72,98624,768068,3029729.0,2261661.0,6156,4.99,51.5,178928.88,60764.87,239693.75
SF11866,Tamil Nadu,Raichur,Wheat,Rabi,3.53,561.4,25.3,76.8,6.2,6.66,18.5,91.5,32.4,136.1,Flood,192.2,4.81,1.0,3.13,11.05,23665,216318,261498.0,45180.0,2269,4.87,37.9,12798.87,61279.89,74078.75
SF11867,Gujarat,Ludhiana,Cotton,Kharif,1.91,672.1,27.6,69.0,6.8,6.6,32.9,120.6,35.5,83.5,Rainfed,244.2,8.67,0.79,1.74,3.32,74079,129887,245942.0,116055.0,819,4.054,48.9,60761.78,68003.66,128765.45
SF11868,Karnataka,Warangal,Groundnut,Kharif,1.8,701.4,27.0,70.0,4.5,6.02,29.9,91.8,59.1,91.1,Drip,190.5,8.11,0.67,1.57,2.83,42934,135842,121503.0,-14339.0,631,4.485,28.8,-7966.11,75467.78,67501.67
SF11869,Gujarat,Warangal,Cotton,Kharif,8.45,930.0,29.0,72.1,7.2,7.17,29.9,140.3,65.8,109.7,Drip,252.7,5.63,0.82,1.36,11.49,67926,595887,780470.0,184583.0,6256,1.837,51.2,21844.14,70519.17,92363.31
SF11870,Maharashtra,Guntur,Rice,Rabi,6.31,729.5,17.2,83.9,7.6,5.87,26.7,193.2,76.8,101.4,Flood,175.1,9.18,0.85,1.6,10.1,21056,399343,212666.0,-186677.0,13029,0.775,38.3,-29584.31,63287.32,33703.01
SF11871,Tamil Nadu,Guntur,Sugarcane,Kharif,10.11,833.3,27.6,72.2,8.8,6.63,25.3,107.5,43.7,79.1,Rainfed,213.5,4.85,0.76,73.4,742.07,3269,649426,2425827.0,1776401.0,10915,67.986,37.2,175707.32,64236.0,239943.32
SF11872,Tamil Nadu,Raichur,Maize,Zaid,14.61,172.6,33.4,54.7,8.3,6.52,11.3,78.8,91.2,70.2,Sprinkler,175.3,5.55,0.75,2.34,34.19,19724,1023286,674364.0,-348922.0,8220,4.159,37.2,-23882.41,70040.11,46157.7
SF11873,Maharashtra,Warangal,Rice,Rabi,14.26,602.1,26.0,55.0,7.0,7.18,22.6,144.5,78.5,98.2,Flood,66.6,6.09,0.84,3.2,45.63,25473,769972,1162333.0,392361.0,25837,1.766,39.7,27514.8,53995.23,81510.03
SF11874,Madhya Pradesh,Raichur,Cotton,Zaid,5.44,542.2,34.0,35.9,7.7,6.63,20.1,40.5,46.1,76.9,Drip,88.0,8.09,0.97,1.23,6.69,65404,303592,437553.0,133961.0,3179,2.104,33.6,24625.18,55807.35,80432.54
SF11875,Karnataka,Nashik,Wheat,Kharif,4.7,757.9,32.4,67.7,6.2,6.84,29.0,126.1,77.3,90.3,Sprinkler,184.6,6.49,0.8,3.02,14.19,21761,337155,308789.0,-28366.0,2200,6.45,42.1,-6035.32,71735.11,65699.79
SF11876,Karnataka,Krishna,Maize,Rabi,9.91,503.5,24.6,47.3,6.7,7.24,20.6,113.3,46.3,106.8,Drip,238.0,4.34,0.7,3.56,35.28,20713,544234,730755.0,186521.0,4960,7.113,42.0,18821.49,54917.66,73739.15
SF11877,Andhra Pradesh,Warangal,Wheat,Kharif,10.01,928.5,28.6,80.5,8.7,6.25,33.8,102.8,57.0,120.6,Rainfed,138.1,2.81,0.7,2.4,24.02,23272,429373,558993.0,129620.0,2771,8.668,66.1,12949.05,42894.41,55843.46
SF11878,Andhra Pradesh,Nashik,Groundnut,Rabi,8.26,647.9,23.0,62.1,6.8,7.61,19.6,91.8,74.0,88.3,Flood,290.0,6.3,0.97,0.66,5.45,58598,802751,319359.0,-483392.0,5985,0.911,32.9,-58522.03,97185.35,38663.32
SF11879,Tamil Nadu,Ludhiana,Chilli,Rabi,8.88,347.0,24.8,44.7,7.1,7.11,27.6,71.3,44.7,74.7,Rainfed,179.4,6.4,0.83,1.42,12.61,97742,645861,1232527.0,586666.0,3433,3.673,31.4,66065.99,72732.09,138798.09
SF11880,Tamil Nadu,Erode,Groundnut,Rabi,5.69,149.9,21.2,57.9,8.3,6.66,24.8,90.7,63.2,97.4,Sprinkler,215.1,8.41,0.89,1.22,6.94,55069,400410,382179.0,-18231.0,2686,2.584,29.1,-3204.04,70370.83,67166.78
SF11881,Maharashtra,Rajkot,Wheat,Kharif,1.65,977.0,30.7,68.2,7.3,6.32,29.0,115.9,50.1,93.3,Rainfed,329.6,5.54,0.95,2.51,4.14,27183,129653,112538.0,-17115.0,442,9.367,53.9,-10372.73,78577.58,68204.85
SF11882,Telangana,Indore,Rice,Rabi,12.26,580.9,21.5,50.4,7.3,6.5,25.7,123.2,63.9,133.1,Flood,163.1,4.73,0.73,3.98,48.79,17588,805278,858119.0,52841.0,20781,2.348,44.4,4310.03,65683.36,69993.39
SF11883,Gujarat,Warangal,Rice,Kharif,10.38,796.4,30.7,62.0,7.6,5.85,25.9,151.8,28.4,105.1,Flood,226.6,9.11,0.87,1.24,12.87,25611,850432,329614.0,-520818.0,21150,0.609,25.6,-50175.14,81929.87,31754.72
SF11884,Tamil Nadu,Ludhiana,Groundnut,Rabi,0.91,163.4,25.4,68.0,8.6,6.07,17.6,56.9,57.9,100.4,Drip,180.0,3.18,0.66,0.86,0.78,61964,75200,48332.0,-26868.0,320,2.438,40.9,-29525.27,82637.36,53112.09
SF11885,Andhra Pradesh,Warangal,Cotton,Kharif,13.73,925.5,24.8,68.3,5.3,6.92,33.4,107.6,65.9,65.6,Flood,94.7,5.64,0.97,1.8,24.71,64220,899351,1586876.0,687525.0,13203,1.872,47.4,50074.65,65502.62,115577.28
SF11886,Punjab,Indore,Chilli,Rabi,9.95,537.7,24.9,51.8,7.9,6.64,19.4,139.0,72.0,93.6,Drip,114.9,4.99,0.87,3.1,30.84,102968,577226,3175533.0,2598307.0,5751,5.363,50.5,261136.38,58012.66,319149.05
SF11887,Tamil Nadu,Indore,Wheat,Rabi,13.18,573.5,23.1,41.6,8.4,5.98,21.7,98.7,74.8,83.9,Flood,163.6,5.11,0.74,1.7,22.41,25744,826628,576923.0,-249705.0,9509,2.357,38.5,-18945.75,62718.36,43772.61
SF11888,Madhya Pradesh,Warangal,Pulses,Kharif,10.53,791.8,28.3,71.0,6.7,5.64,37.0,91.3,70.2,129.0,Flood,215.5,1.57,0.69,0.34,3.58,72188,776434,258433.0,-518001.0,5216,0.686,70.3,-49192.88,73735.42,24542.55
SF11889,Andhra Pradesh,Indore,Cotton,Kharif,4.81,892.2,27.6,81.0,7.3,6.42,24.0,95.4,19.4,102.7,Flood,198.4,5.62,0.91,1.64,7.89,65552,422909,517205.0,94296.0,4397,1.794,59.5,19604.16,87922.87,107527.03
SF11890,Telangana,Nalgonda,Groundnut,Kharif,5.77,693.6,30.4,76.0,6.1,6.72,37.7,67.6,84.7,106.6,Drip,317.7,6.1,0.74,2.72,15.69,51303,471695,804944.0,333249.0,2055,7.635,49.5,57755.46,81749.57,139505.03
SF11891,Punjab,Nashik,Chilli,Rabi,2.01,407.4,21.6,64.1,7.4,6.46,31.0,150.2,81.8,80.3,Rainfed,173.5,3.71,0.77,1.73,3.48,108032,108423,375951.0,267528.0,618,5.631,53.4,133098.51,53941.79,187040.3
SF11892,Gujarat,Guntur,Groundnut,Kharif,6.23,850.3,31.8,65.5,6.8,6.74,36.8,161.8,65.1,149.0,Rainfed,99.1,5.85,0.96,1.89,11.77,53558,364507,630378.0,265871.0,1982,5.938,50.1,42675.92,58508.35,101184.27
SF11893,Karnataka,Krishna,Cotton,Rabi,7.07,622.0,25.0,45.5,7.3,7.38,28.5,96.7,36.5,97.3,Drip,184.2,6.22,0.85,1.21,8.55,57095,445234,488162.0,42928.0,5391,1.586,39.1,6071.85,62975.11,69046.96
SF11894,Telangana,Warangal,Rice,Zaid,2.58,324.9,34.2,48.0,8.6,6.59,19.6,95.7,80.7,97.6,Drip,194.5,2.93,0.93,2.52,6.5,22758,149902,147927.0,-1975.0,3332,1.951,41.2,-765.5,58101.55,57336.05
SF11895,Tamil Nadu,Erode,Maize,Kharif,13.99,704.8,29.5,91.2,8.4,5.97,34.5,109.6,52.3,123.4,Sprinkler,278.3,5.75,0.79,2.81,39.31,19239,1080912,756285.0,-324627.0,7227,5.439,61.3,-23204.22,77263.19,54058.97
SF11896,Maharashtra,Guntur,Cotton,Rabi,5.52,678.5,23.7,63.0,8.2,7.61,26.2,84.7,70.0,77.6,Rainfed,191.3,4.74,0.71,0.64,3.53,72612,357514,256320.0,-101194.0,2239,1.577,58.0,-18332.25,64767.03,46434.78
SF11897,Maharashtra,Raichur,Chilli,Kharif,7.0,1120.4,25.1,77.7,4.7,5.5,36.5,92.3,83.0,161.0,Flood,257.7,7.12,0.67,0.38,2.66,116909,569727,310978.0,-258749.0,6081,0.437,54.3,-36964.14,81389.57,44425.43
SF11898,Karnataka,Warangal,Wheat,Rabi,4.45,80.0,17.5,78.3,7.1,7.3,32.5,72.1,80.3,118.8,Sprinkler,123.6,4.79,0.69,1.39,6.19,24315,305569,150510.0,-155059.0,2496,2.48,44.0,-34844.72,68667.19,33822.47
SF11899,Andhra Pradesh,Warangal,Chilli,Rabi,4.62,277.8,23.5,43.0,7.9,5.31,22.2,97.7,35.6,82.0,Sprinkler,184.0,7.65,0.67,0.3,1.39,121915,327912,169462.0,-158450.0,2866,0.485,5.1,-34296.54,70976.62,36680.09
SF11900,Punjab,Nalgonda,Groundnut,Rabi,4.69,455.8,26.2,41.7,8.9,7.18,23.5,140.5,74.6,130.8,Drip,242.4,4.5,0.93,2.16,10.13,57544,386995,582921.0,195926.0,2425,4.177,39.8,41775.27,82514.93,124290.19
SF11901,Karnataka,Ludhiana,Pulses,Rabi,7.88,330.4,27.7,51.9,6.7,6.76,22.3,93.7,39.7,118.8,Drip,178.8,4.82,0.89,1.25,9.85,69674,533756,686289.0,152533.0,3056,3.223,33.2,19356.98,67735.53,87092.51
SF11902,Madhya Pradesh,Indore,Wheat,Rabi,3.43,583.5,21.4,73.3,7.0,6.85,27.0,78.8,53.2,108.5,Rainfed,193.3,2.75,0.9,2.76,9.47,22125,258902,209524.0,-49378.0,1019,9.293,43.7,-14395.92,75481.63,61085.71
SF11903,Karnataka,Ludhiana,Cotton,Rabi,10.68,228.5,21.7,61.0,8.9,7.15,24.7,70.2,60.2,116.2,Rainfed,147.5,3.33,0.72,0.74,7.9,59305,621286,468510.0,-152776.0,4016,1.967,45.0,-14304.87,58172.85,43867.98
SF11904,Gujarat,Nalgonda,Rice,Rabi,5.71,296.0,23.5,55.3,8.3,6.67,27.3,118.0,67.1,129.3,Flood,159.8,3.44,1.0,3.35,19.13,21639,374020,413954.0,39934.0,9988,1.915,37.5,6993.7,65502.63,72496.32
SF11905,Gujarat,Nalgonda,Pulses,Rabi,11.02,341.9,21.2,57.2,6.9,6.97,20.0,117.0,65.1,70.8,Flood,81.5,4.02,0.94,1.0,11.02,62729,653063,691274.0,38211.0,5275,2.089,37.7,3467.42,59261.62,62729.04
SF11906,Karnataka,Krishna,Groundnut,Rabi,2.15,550.3,25.2,64.6,7.8,6.22,27.0,114.7,44.9,112.5,Flood,203.3,6.61,0.9,1.32,2.84,48919,153669,138930.0,-14739.0,1230,2.309,33.8,-6855.35,71473.95,64618.6
SF11907,Maharashtra,Warangal,Maize,Kharif,7.96,779.7,27.7,73.8,6.0,6.87,27.4,192.2,45.3,88.2,Flood,168.8,6.5,0.79,5.59,44.5,19698,503979,876561.0,372582.0,5813,7.655,43.9,46806.78,63313.94,110120.73
SF11908,Punjab,Ludhiana,Wheat,Zaid,7.78,329.0,28.1,33.4,9.2,6.58,8.0,107.4,34.4,111.6,Flood,231.5,2.18,0.96,2.33,18.13,23588,591420,427650.0,-163770.0,5786,3.133,37.1,-21050.13,76017.99,54967.87
SF11909,Telangana,Rajkot,Wheat,Zaid,9.99,451.6,30.6,60.0,8.6,6.25,11.6,127.7,66.1,105.2,Drip,158.2,7.55,0.72,2.53,25.27,24540,714905,620126.0,-94779.0,4728,5.345,35.0,-9487.39,71562.06,62074.67
SF11910,Madhya Pradesh,Guntur,Cotton,Kharif,1.65,957.4,34.7,73.5,5.6,7.12,36.1,95.7,90.4,180.3,Flood,200.9,6.54,0.72,1.13,1.86,72665,122246,135157.0,12911.0,1417,1.313,59.5,7824.85,74088.48,81913.33
SF11911,Tamil Nadu,Warangal,Maize,Rabi,13.02,779.6,25.5,52.8,6.3,7.79,20.5,142.7,87.5,104.6,Flood,98.7,5.45,0.69,1.14,14.84,19625,666511,291235.0,-375276.0,8893,1.669,57.2,-28823.04,51191.32,22368.28
SF11912,Telangana,Nalgonda,Cotton,Kharif,10.55,961.5,27.8,77.8,5.8,6.33,23.8,156.7,71.6,66.8,Flood,40.0,5.83,0.71,1.6,16.88,68394,702841,1154491.0,451650.0,11598,1.455,61.5,42810.43,66620.0,109430.43
SF11913,Andhra Pradesh,Warangal,Chilli,Zaid,2.94,515.2,31.6,62.1,8.2,8.24,18.7,40.0,70.2,42.8,Drip,172.8,5.73,0.66,0.3,0.88,99707,187008,87742.0,-99266.0,1713,0.514,48.0,-33763.95,63608.16,29844.22
SF11914,Telangana,Indore,Cotton,Kharif,13.74,596.5,27.3,66.2,6.8,6.69,31.0,139.4,39.2,104.3,Flood,259.7,6.1,0.86,2.12,29.13,56927,1081805,1658284.0,576479.0,12694,2.295,57.1,41956.26,78733.99,120690.25
SF11915,Maharashtra,Warangal,Cotton,Zaid,2.72,370.0,33.1,50.1,8.4,6.69,12.1,150.3,55.6,65.0,Rainfed,85.8,5.95,0.9,1.09,2.96,61198,159674,181146.0,21472.0,1168,2.534,38.2,7894.12,58703.68,66597.79
SF11916,Punjab,Raichur,Pulses,Kharif,2.49,1040.0,25.3,67.4,8.6,6.16,32.5,87.2,52.2,72.6,Rainfed,202.7,1.71,0.79,0.7,1.74,67691,171033,117782.0,-53251.0,566,3.074,76.5,-21385.94,68687.95,47302.01
SF11917,Punjab,Krishna,Groundnut,Kharif,8.05,690.9,32.1,67.8,7.4,6.76,33.9,118.3,60.2,135.8,Sprinkler,218.9,3.2,0.99,2.47,19.88,63958,618456,1271485.0,653029.0,4142,4.8,47.4,81121.61,76826.83,157948.45
SF11918,Andhra Pradesh,Nashik,Rice,Kharif,1.41,885.8,28.5,63.9,6.1,7.39,23.9,143.9,74.8,95.5,Flood,199.1,1.65,0.87,1.51,2.13,24070,108739,51269.0,-57470.0,2371,0.898,60.7,-40758.87,77119.86,36360.99
SF11919,Karnataka,Nashik,Rice,Rabi,8.3,371.4,17.8,34.4,7.1,6.37,22.6,156.8,63.3,100.3,Sprinkler,89.6,4.38,0.69,2.66,22.08,18173,628652,401260.0,-227392.0,11713,1.885,47.0,-27396.63,75741.2,48344.58
SF11920,Karnataka,Ludhiana,Wheat,Rabi,10.59,382.5,20.9,60.6,7.4,6.58,19.8,48.2,20.6,105.2,Rainfed,198.1,6.09,0.91,2.17,22.98,20210,610472,464426.0,-146046.0,2768,8.302,40.1,-13790.93,57646.08,43855.15
SF11921,Tamil Nadu,Rajkot,Rice,Kharif,13.57,998.7,27.1,90.6,5.1,7.3,34.4,115.3,50.4,134.7,Drip,199.4,8.48,0.71,2.56,34.74,23258,955550,807983.0,-147567.0,17137,2.027,50.7,-10874.5,70416.36,59541.86
SF11922,Tamil Nadu,Warangal,Wheat,Zaid,11.65,487.0,31.0,49.4,8.5,7.04,18.5,94.8,73.2,88.3,Drip,278.1,5.92,0.68,2.3,26.8,22663,688128,607368.0,-80760.0,5294,5.062,30.9,-6932.19,59066.78,52134.59
SF11923,Madhya Pradesh,Nashik,Wheat,Kharif,6.71,991.7,27.8,78.0,7.0,6.02,29.2,40.0,54.1,143.6,Flood,267.7,4.38,0.7,1.56,10.47,23698,429879,248118.0,-181761.0,3943,2.655,57.6,-27088.08,64065.42,36977.35
SF11924,Madhya Pradesh,Guntur,Maize,Kharif,11.84,892.2,24.8,59.4,8.4,6.04,30.8,72.3,41.1,78.9,Sprinkler,119.9,6.79,0.94,1.81,21.43,18869,739709,404363.0,-335346.0,6572,3.261,36.7,-28323.14,62475.42,34152.28
SF11925,Gujarat,Guntur,Maize,Rabi,9.15,582.2,20.7,70.9,10.4,7.48,26.1,157.0,46.6,71.6,Drip,147.3,6.01,0.9,1.83,16.74,20589,506864,344660.0,-162204.0,4748,3.526,35.4,-17727.21,55394.97,37667.76
SF11926,Tamil Nadu,Nalgonda,Pulses,Kharif,8.24,668.1,24.6,81.9,8.2,7.72,32.3,169.7,66.0,86.1,Drip,233.5,4.94,0.98,0.56,4.61,80087,556769,369201.0,-187568.0,2548,1.809,61.4,-22763.11,67569.05,44805.95
SF11927,Punjab,Erode,Groundnut,Rabi,11.26,527.1,25.1,49.4,8.2,6.91,24.1,139.6,56.3,89.5,Sprinkler,40.0,6.4,0.83,2.21,24.88,60681,584584,1509743.0,925159.0,4690,5.305,35.2,82163.32,51916.87,134080.2
SF11928,Andhra Pradesh,Rajkot,Cotton,Rabi,13.78,360.9,20.5,61.8,9.9,6.81,30.0,109.6,54.0,68.0,Sprinkler,170.8,4.37,0.85,1.47,20.26,70001,933396,1418220.0,484824.0,11149,1.817,51.7,35183.16,67735.56,102918.72
SF11929,Telangana,Rajkot,Groundnut,Rabi,9.5,459.5,18.3,63.8,6.9,7.27,22.6,140.2,57.0,106.8,Flood,169.7,5.92,0.82,1.03,9.78,53671,667294,524902.0,-142392.0,4714,2.075,41.9,-14988.63,70241.47,55252.84
SF11930,Telangana,Erode,Groundnut,Rabi,2.75,326.0,25.3,61.3,8.2,7.77,17.5,137.8,32.4,85.4,Flood,231.5,6.6,0.87,0.42,1.16,47207,219146,54760.0,-164386.0,1796,0.646,36.0,-59776.73,79689.45,19912.73
SF11931,Tamil Nadu,Guntur,Sugarcane,Kharif,14.16,860.4,26.5,74.0,5.0,7.14,29.7,157.2,66.1,151.7,Drip,122.0,5.71,0.73,79.25,1122.18,3661,875331,4108301.0,3232970.0,21133,53.101,41.8,228317.09,61817.16,290134.25
SF11932,Andhra Pradesh,Raichur,Chilli,Zaid,12.06,456.6,30.8,59.2,9.1,7.65,20.7,130.9,58.7,99.2,Flood,236.3,11.78,0.73,0.77,9.29,101047,931348,938727.0,7379.0,10163,0.914,26.5,611.86,77226.2,77838.06
SF11933,Tamil Nadu,Krishna,Cotton,Rabi,11.94,411.4,24.3,43.1,8.1,6.82,22.8,137.8,63.5,100.6,Flood,260.6,6.05,0.67,1.81,21.61,60279,922911,1302629.0,379718.0,12024,1.797,37.0,31802.18,77295.73,109097.91
SF11934,Andhra Pradesh,Krishna,Rice,Kharif,9.44,873.7,25.5,70.7,6.9,6.41,22.3,127.1,60.6,128.3,Flood,201.9,5.1,0.81,4.16,39.27,20820,593186,817601.0,224415.0,16981,2.313,56.7,23772.78,62837.5,86610.28
SF11935,Gujarat,Guntur,Maize,Zaid,12.72,193.5,30.7,44.9,7.8,6.32,15.1,152.5,112.2,74.0,Flood,182.1,6.67,0.96,2.29,29.13,20280,932657,590756.0,-341901.0,8977,3.245,26.5,-26879.01,73322.09,46443.08
SF11936,Telangana,Nashik,Wheat,Kharif,12.55,935.7,25.5,65.7,6.8,6.7,27.4,125.6,70.7,121.6,Flood,128.8,5.63,0.84,2.98,37.4,24997,736544,934888.0,198344.0,8039,4.652,48.4,15804.3,58688.76,74493.07
SF11937,Gujarat,Raichur,Groundnut,Zaid,8.83,176.8,30.0,45.8,6.2,6.73,11.7,74.8,64.3,72.2,Rainfed,162.8,2.48,0.95,1.08,9.54,48372,529211,461469.0,-67742.0,2198,4.34,47.0,-7671.8,59933.3,52261.49
SF11938,Karnataka,Nalgonda,Groundnut,Rabi,10.36,665.8,27.1,45.0,8.3,6.32,13.3,105.5,46.9,83.8,Sprinkler,189.2,3.67,0.78,1.93,19.99,54439,590945,1088236.0,497291.0,4225,4.731,44.3,48001.06,57041.02,105042.08
SF11939,Madhya Pradesh,Rajkot,Chilli,Rabi,0.69,355.0,22.1,56.9,7.6,6.89,32.2,76.0,69.2,96.2,Drip,167.5,5.74,0.9,1.85,1.28,89831,51341,114984.0,63643.0,344,3.721,20.9,92236.23,74407.25,166643.48
SF11940,Gujarat,Guntur,Chilli,Kharif,7.23,764.6,28.9,78.0,5.0,6.81,35.7,86.8,35.6,154.1,Sprinkler,88.9,2.85,0.87,3.14,22.7,108003,379569,2451668.0,2072099.0,4386,5.176,55.7,286597.37,52499.17,339096.54
SF11941,Karnataka,Indore,Rice,Zaid,9.23,117.5,34.3,26.5,9.5,6.65,21.9,82.6,63.7,106.7,Rainfed,290.8,6.62,0.85,1.75,16.15,21575,757379,348436.0,-408943.0,6309,2.56,19.6,-44305.85,82056.23,37750.38
SF11942,Karnataka,Warangal,Rice,Rabi,14.89,611.0,22.2,61.3,7.0,6.03,17.0,140.3,68.1,125.1,Drip,166.8,6.79,0.96,2.49,37.08,24063,1096479,892256.0,-204223.0,22326,1.661,31.3,-13715.45,73638.62,59923.17
SF11943,Punjab,Ludhiana,Sugarcane,Rabi,13.7,120.9,23.6,61.2,8.7,7.76,21.2,139.5,54.7,30.0,Rainfed,168.0,6.07,0.84,11.37,155.77,3658,935074,569807.0,-365267.0,14750,10.561,42.2,-26661.82,68253.58,41591.75
SF11944,Maharashtra,Indore,Wheat,Kharif,12.56,940.0,31.0,74.8,6.6,7.29,28.2,106.4,49.9,109.7,Sprinkler,156.8,4.94,0.95,1.85,23.24,26290,811532,610980.0,-200552.0,5558,4.181,57.9,-15967.52,64612.42,48644.9
SF11945,Punjab,Raichur,Cotton,Kharif,11.46,669.8,31.3,65.9,8.7,6.79,38.7,132.8,50.7,86.9,Rainfed,261.9,2.31,0.85,1.75,20.06,79478,802972,1594329.0,791357.0,4965,4.04,56.2,69053.84,70067.36,139121.2
SF11946,Karnataka,Nashik,Pulses,Rabi,4.06,702.0,22.8,47.9,7.4,6.53,23.8,70.1,72.6,107.2,Flood,136.5,5.43,0.86,1.37,5.56,72398,253157,402533.0,149376.0,2072,2.683,40.1,36792.12,62353.94,99146.06
SF11947,Andhra Pradesh,Nashik,Cotton,Kharif,6.8,942.9,22.9,62.3,7.5,6.16,28.0,132.1,57.2,129.4,Rainfed,99.8,7.41,0.81,1.24,8.43,64330,351079,542302.0,191223.0,2631,3.204,48.0,28121.03,51629.26,79750.29
SF11948,Gujarat,Guntur,Rice,Rabi,11.33,336.8,21.9,51.9,7.9,6.91,25.4,155.4,84.7,98.8,Sprinkler,142.0,4.15,0.77,3.73,42.26,22879,774038,966867.0,192829.0,15722,2.688,42.9,17019.33,68317.56,85336.89
SF11949,Punjab,Nalgonda,Cotton,Kharif,4.12,717.0,30.5,58.1,5.9,6.85,29.6,120.7,52.8,82.2,Sprinkler,100.7,8.42,0.96,2.25,9.27,79748,227790,739264.0,511474.0,2672,3.469,38.4,124144.17,55288.83,179433.01
SF11950,Andhra Pradesh,Indore,Sugarcane,Zaid,4.2,447.4,33.3,49.0,8.8,6.45,21.1,132.3,55.9,85.9,Drip,207.4,3.33,0.82,61.91,260.02,2994,271891,778500.0,506609.0,6503,39.985,48.5,120621.19,64735.95,185357.14
SF11951,Gujarat,Warangal,Sugarcane,Kharif,12.2,703.2,29.0,64.6,5.4,5.79,39.8,92.8,47.3,123.2,Sprinkler,214.5,5.66,0.72,30.03,366.37,3791,813057,1388909.0,575852.0,23693,15.463,45.2,47200.98,66644.02,113845.0
SF11952,Maharashtra,Raichur,Chilli,Rabi,3.51,647.8,24.6,60.0,7.1,6.14,28.6,96.8,73.3,80.6,Drip,152.9,6.12,0.82,1.63,5.72,108769,213038,622159.0,409121.0,1781,3.212,60.5,116558.69,60694.59,177253.28
SF11953,Punjab,Guntur,Wheat,Rabi,9.35,460.95000000000005,23.4,62.6,8.2,6.22,18.1,154.2,64.6,53.4,Flood,206.1,6.33,0.96,1.9,17.76,21316,646630,378572.0,-268058.0,5615,3.163,34.0,-28669.3,69158.29,40488.98
SF11954,Andhra Pradesh,Indore,Pulses,Kharif,8.52,838.4,28.8,89.1,6.8,6.23,34.0,104.5,69.8,119.7,Flood,214.7,5.13,0.87,0.95,8.09,71965,581640,582197.0,557.0,3858,2.097,53.1,65.38,68267.61,68332.98
SF11955,Telangana,Nashik,Maize,Kharif,13.21,735.2,35.4,65.0,7.6,6.47,34.9,123.7,43.1,138.5,Flood,200.9,4.47,0.95,4.17,55.09,21822,820289,1202174.0,381885.0,10120,5.444,44.2,28908.78,62096.06,91004.84
SF11956,Gujarat,Guntur,Wheat,Kharif,9.7,893.9,27.2,71.0,7.0,7.43,29.9,144.6,49.9,96.7,Flood,177.3,5.64,0.93,1.46,14.16,27362,684115,387446.0,-296669.0,7265,1.949,60.6,-30584.43,70527.32,39942.89
SF11957,Gujarat,Erode,Chilli,Kharif,0.56,946.9,27.8,73.0,6.1,7.64,32.0,127.6,71.3,104.5,Rainfed,233.5,3.74,0.97,0.83,0.46,95529,40864,43943.0,3079.0,196,2.347,53.7,5498.21,72971.43,78469.64
SF11958,Tamil Nadu,Raichur,Pulses,Rabi,14.83,447.8,19.7,69.0,7.4,6.26,29.1,134.5,70.1,97.9,Sprinkler,235.8,3.07,0.97,1.13,16.76,68358,1014867,1145680.0,130813.0,6364,2.634,59.8,8820.84,68433.38,77254.21
SF11959,Telangana,Nalgonda,Pulses,Rabi,1.29,623.2,23.4,63.2,6.6,7.26,22.7,113.7,50.5,131.2,Flood,202.8,8.88,0.9,1.06,1.37,74877,89012,102581.0,13569.0,674,2.033,35.9,10518.6,69001.55,79520.16
SF11960,Tamil Nadu,Ludhiana,Groundnut,Rabi,10.61,469.8,22.5,66.5,8.2,6.43,17.1,115.1,58.9,79.2,Sprinkler,163.6,5.71,0.71,1.68,17.82,50172,693066,894065.0,200999.0,5516,3.231,53.6,18944.3,65321.96,84266.26
SF11961,Punjab,Guntur,Pulses,Kharif,7.64,1044.2,30.2,60.6,6.2,6.66,33.7,98.0,101.9,127.7,Flood,205.8,5.41,0.69,1.27,9.7,66344,382747,643537.0,260790.0,3691,2.628,58.8,34134.82,50097.77,84232.59
SF11962,Gujarat,Nalgonda,Maize,Rabi,3.19,360.4,23.6,62.4,8.8,6.81,25.9,81.2,37.2,109.6,Rainfed,95.3,3.01,0.71,2.97,9.47,24661,177607,233540.0,55933.0,934,10.139,36.7,17533.86,55676.18,73210.03
SF11963,Telangana,Warangal,Sugarcane,Kharif,6.31,1057.2,32.2,75.8,7.0,6.8,30.9,107.3,63.4,134.0,Rainfed,107.7,5.32,0.93,53.25,336.01,3649,367905,1226100.0,858195.0,6645,50.566,53.2,136005.55,58305.07,194310.62
SF11964,Punjab,Krishna,Pulses,Kharif,1.07,590.3,34.5,74.5,8.0,6.0,38.8,157.0,51.1,105.0,Rainfed,195.0,3.72,0.93,0.56,0.6,71176,75623,42706.0,-32917.0,237,2.532,40.0,-30763.55,70675.7,39912.15
SF11965,Tamil Nadu,Indore,Chilli,Kharif,14.18,868.9,30.9,93.5,7.3,7.61,31.6,92.5,44.6,138.0,Drip,65.2,6.77,0.78,1.01,14.32,106277,807054,1521887.0,714833.0,7325,1.955,55.6,50411.35,56914.95,107326.3
SF11966,Gujarat,Raichur,Rice,Rabi,6.15,556.4,19.7,57.3,6.2,7.83,18.2,121.7,64.8,164.9,Flood,251.8,1.07,0.67,2.38,14.64,22629,491432,331289.0,-160143.0,12080,1.212,46.9,-26039.51,79907.64,53868.13
SF11967,Andhra Pradesh,Raichur,Wheat,Zaid,11.88,219.8,31.1,50.8,9.0,6.62,12.5,156.6,67.4,147.7,Flood,207.5,0.5,0.93,2.34,27.8,26384,779076,733475.0,-45601.0,8333,3.336,47.8,-3838.47,65578.79,61740.32
SF11968,Madhya Pradesh,Erode,Chilli,Kharif,6.08,1083.6,27.8,85.6,4.9,5.92,34.3,104.7,65.4,139.3,Sprinkler,238.1,7.48,0.89,1.1,6.69,103326,437569,691251.0,253682.0,4398,1.521,63.0,41724.01,71968.59,113692.6
SF11969,Punjab,Raichur,Wheat,Zaid,4.46,83.6,28.5,66.3,7.4,6.43,23.2,157.9,52.9,142.7,Rainfed,108.5,2.98,0.89,2.13,9.5,19066,235009,181127.0,-53882.0,1258,7.552,34.9,-12081.17,52692.6,40611.43
SF11970,Madhya Pradesh,Guntur,Cotton,Kharif,2.14,1026.5,28.7,69.6,6.3,6.25,31.4,135.1,60.9,102.2,Flood,206.0,5.89,0.82,1.39,2.97,74005,157304,219795.0,62491.0,1920,1.547,53.4,29201.4,73506.54,102707.94
SF11971,Maharashtra,Warangal,Maize,Rabi,11.07,358.8,23.9,48.7,6.3,5.85,16.8,119.1,41.2,79.5,Sprinkler,260.1,3.91,0.94,1.29,14.28,21827,756405,311690.0,-444715.0,6337,2.253,45.6,-40172.99,68329.27,28156.28
SF11972,Telangana,Krishna,Pulses,Rabi,12.09,379.2,22.1,68.3,7.2,7.18,25.7,123.0,60.4,86.7,Flood,158.5,3.03,0.83,0.81,9.79,67108,737092,656987.0,-80105.0,6046,1.619,42.7,-6625.72,60967.08,54341.36
SF11973,Karnataka,Nashik,Rice,Rabi,10.69,618.2,26.9,56.8,5.9,7.85,22.9,67.5,65.8,102.4,Rainfed,135.7,4.84,0.99,0.72,7.7,21867,703391,168376.0,-535015.0,9465,0.814,51.8,-50048.18,65798.97,15750.8
SF11974,Andhra Pradesh,Warangal,Wheat,Kharif,3.22,830.2,28.4,77.7,6.5,7.39,31.9,163.4,59.2,54.6,Drip,269.2,7.04,0.65,2.08,6.7,22078,247188,147923.0,-99265.0,1523,4.399,57.1,-30827.64,76766.46,45938.82
SF11975,Karnataka,Rajkot,Rice,Rabi,1.87,845.0,22.6,61.5,6.8,6.92,20.3,115.8,56.0,91.7,Rainfed,146.5,4.29,0.95,2.49,4.66,22269,102412,103774.0,1362.0,1872,2.489,58.7,728.34,54765.78,55494.12
SF11976,Madhya Pradesh,Nalgonda,Cotton,Rabi,8.23,669.4,23.2,53.0,7.8,7.15,16.9,138.8,69.4,97.8,Flood,63.6,5.14,0.91,1.28,10.53,56033,624364,590027.0,-34337.0,9059,1.162,61.1,-4172.17,75864.4,71692.22
SF11977,Tamil Nadu,Guntur,Rice,Zaid,7.34,445.4,28.2,52.9,7.5,7.46,18.0,126.7,49.1,112.8,Flood,214.5,4.92,0.79,1.81,13.29,21601,482878,287077.0,-195801.0,16215,0.82,46.4,-26675.89,65787.19,39111.31
SF11978,Karnataka,Rajkot,Wheat,Kharif,7.07,607.4,25.8,63.8,6.0,7.23,33.3,106.3,53.4,51.6,Sprinkler,180.6,1.39,0.66,2.55,18.03,21519,457259,387988.0,-69271.0,3508,5.14,59.7,-9797.88,64675.95,54878.08
SF11979,Karnataka,Guntur,Rice,Zaid,0.71,308.6,35.9,49.8,5.7,7.05,13.2,136.5,74.7,125.6,Flood,203.1,2.22,0.97,1.95,1.38,19372,52027,26733.0,-25294.0,1445,0.955,43.5,-35625.35,73277.46,37652.11
SF11980,Karnataka,Guntur,Maize,Kharif,7.12,808.8,28.6,74.1,6.5,6.07,28.8,151.4,41.2,131.8,Drip,239.3,1.8,0.89,3.13,22.29,20424,535160,455251.0,-79909.0,3166,7.04,69.5,-11223.17,75162.92,63939.75
SF11981,Andhra Pradesh,Raichur,Pulses,Kharif,9.59,652.5,27.8,72.9,8.3,6.63,35.3,173.1,31.0,103.6,Rainfed,216.2,5.82,0.92,1.54,14.77,68285,530134,1008569.0,478435.0,1783,8.284,55.0,49888.95,55279.87,105168.82
SF11982,Karnataka,Krishna,Pulses,Kharif,7.67,951.6,29.0,76.1,6.1,6.64,32.6,134.7,74.3,84.3,Flood,231.5,6.18,0.86,1.37,10.51,72935,525178,766547.0,241369.0,3241,3.243,52.1,31469.23,68471.71,99940.94
SF11983,Maharashtra,Nalgonda,Wheat,Zaid,13.6,84.0,33.8,60.1,7.7,7.44,16.9,120.5,56.4,89.0,Flood,220.1,4.96,0.95,0.97,13.19,24808,906143,327218.0,-578925.0,7970,1.655,30.0,-42568.01,66628.16,24060.15
SF11984,Telangana,Indore,Cotton,Kharif,12.46,886.4,29.4,74.5,8.2,6.14,28.0,79.0,46.4,113.5,Flood,84.9,0.5,1.0,1.39,17.32,82664,633739,1431740.0,798001.0,12522,1.383,52.6,64045.02,50861.88,114906.9
SF11985,Telangana,Nalgonda,Groundnut,Rabi,11.0,310.3,24.0,60.5,7.9,7.4,28.7,133.7,65.9,95.3,Drip,161.6,4.17,0.77,1.01,11.11,59081,812396,656390.0,-156006.0,5396,2.059,46.3,-14182.36,73854.18,59671.82
SF11986,Tamil Nadu,Indore,Maize,Kharif,9.24,690.5,30.3,81.2,7.3,7.79,34.7,117.5,34.8,114.6,Flood,200.0,2.98,0.68,1.14,10.53,23289,695967,245233.0,-450734.0,6434,1.637,64.2,-48780.74,75321.1,26540.37
SF11987,Gujarat,Guntur,Sugarcane,Rabi,7.27,315.3,24.5,56.0,6.9,5.74,20.9,109.7,58.8,39.9,Sprinkler,202.5,6.59,0.73,17.67,128.46,3823,463536,491103.0,27567.0,12599,10.196,30.2,3791.88,63760.11,67551.99
SF11988,Punjab,Warangal,Cotton,Kharif,13.09,457.4,27.4,81.9,7.0,6.83,30.6,110.0,41.1,157.4,Rainfed,315.3,6.47,0.68,1.93,25.26,67195,964413,1697346.0,732933.0,4172,6.055,53.0,55991.83,73675.55,129667.38
SF11989,Andhra Pradesh,Guntur,Rice,Kharif,9.27,940.8,25.3,75.0,7.1,6.76,23.4,99.0,78.3,104.2,Rainfed,92.3,5.35,0.68,3.17,29.39,21905,507333,643788.0,136455.0,7498,3.92,67.7,14720.06,54728.48,69448.54
SF11990,Gujarat,Rajkot,Wheat,Rabi,15.0,380.8,21.8,58.7,7.9,6.6,20.4,77.6,60.3,98.2,Sprinkler,260.0,6.31,0.92,2.78,41.7,24672,1349990,1028822.0,-321168.0,7887,5.287,37.6,-21411.2,89999.33,68588.13
SF11991,Punjab,Nalgonda,Groundnut,Kharif,8.69,950.2,30.1,67.2,6.0,6.82,36.2,143.4,82.6,88.6,Rainfed,130.1,4.82,0.9,1.52,13.21,57081,492835,754040.0,261205.0,2384,5.541,55.5,30058.11,56712.89,86771.0
SF11992,Madhya Pradesh,Nashik,Cotton,Kharif,3.93,600.8,27.2,72.6,7.6,7.73,34.9,84.7,42.3,99.0,Drip,203.5,7.44,0.83,0.54,2.12,61727,272931,130861.0,-142070.0,2765,0.767,36.7,-36150.13,69448.09,33297.96
SF11993,Tamil Nadu,Erode,Maize,Kharif,0.81,610.4,27.9,72.1,6.5,7.42,22.1,64.4,56.3,109.6,Rainfed,170.5,5.0,0.77,1.98,1.6,21478,54498,34365.0,-20133.0,247,6.478,56.4,-24855.56,67281.48,42425.93
SF11994,Punjab,Krishna,Maize,Kharif,2.25,1093.5,27.3,57.0,4.0,7.61,32.4,220.0,39.1,122.5,Rainfed,104.0,5.35,0.9,1.45,3.26,16596,107828,54103.0,-53725.0,693,4.704,41.9,-23877.78,47923.56,24045.78
SF11995,Gujarat,Nalgonda,Maize,Rabi,6.76,742.0,22.9,71.5,9.5,7.04,26.8,129.1,27.0,113.9,Drip,128.9,7.29,0.97,3.45,23.32,17410,452782,406001.0,-46781.0,3991,5.843,61.3,-6920.27,66979.59,60059.32
SF11996,Karnataka,Ludhiana,Maize,Rabi,8.4,264.5,21.9,57.1,7.3,7.05,21.6,148.6,35.8,157.2,Sprinkler,170.6,2.82,0.74,3.18,26.71,20826,555202,556262.0,1060.0,3655,7.308,39.4,126.19,66095.48,66221.67
SF11997,Andhra Pradesh,Krishna,Pulses,Kharif,0.56,976.5,29.3,70.1,6.0,6.45,33.8,97.6,49.2,101.9,Sprinkler,48.9,3.22,0.72,1.62,0.91,66135,40717,60183.0,19466.0,225,4.044,68.5,34760.71,72708.93,107469.64
SF11998,Telangana,Krishna,Maize,Kharif,11.05,1269.8,30.5,85.4,6.6,7.57,34.5,138.3,72.2,96.3,Drip,89.1,4.51,0.96,1.47,16.24,20752,624894,337012.0,-287882.0,5235,3.102,67.2,-26052.67,56551.49,30498.82
SF11999,Telangana,Warangal,Maize,Kharif,13.15,711.8,26.2,60.6,7.5,5.55,25.2,75.2,32.8,115.9,Flood,133.6,6.64,0.85,0.7,9.2,22076,913967,203099.0,-710868.0,8834,1.041,46.2,-54058.4,69503.19,15444.79
SF12000,Karnataka,Nashik,Pulses,Rabi,10.06,329.5,18.9,59.3,9.5,6.73,26.0,136.5,74.0,122.7,Flood,166.1,6.23,0.66,1.08,10.86,75617,666113,821201.0,155088.0,4604,2.359,33.9,15416.3,66214.02,81630.32
SF12001,Punjab,Erode,Cotton,Zaid,10.98,80.0,31.5,76.5,9.0,8.4,13.2,121.0,52.4,96.5,Drip,208.1,4.97,0.65,0.3,3.29,61680,779454,202927.0,-576527.0,7133,0.461,42.9,-52507.01,70988.52,18481.51
SF12002,Andhra Pradesh,Raichur,Rice,Kharif,4.05,500.1,28.3,66.3,6.6,6.77,26.8,131.8,48.6,124.6,Drip,249.3,3.95,0.98,4.43,17.94,21792,256401,390948.0,134547.0,5547,3.234,43.9,33221.48,63308.89,96530.37
SF12003,Punjab,Raichur,Cotton,Zaid,6.49,489.4,29.7,39.6,7.6,6.93,18.6,107.2,92.6,137.8,Flood,195.1,5.51,0.82,1.57,10.19,66160,439273,674170.0,234897.0,5864,1.738,33.7,36193.68,67684.59,103878.27
SF12004,Telangana,Erode,Wheat,Kharif,2.96,828.8,29.9,70.0,6.0,6.49,33.7,125.6,51.2,134.3,Flood,132.9,3.58,0.74,3.58,10.6,21624,178645,229214.0,50569.0,2261,4.688,69.1,17084.12,60353.04,77437.16
SF12005,Andhra Pradesh,Erode,Rice,Rabi,6.1,432.8,20.6,47.0,7.5,6.5,22.6,218.6,91.9,105.6,Drip,247.3,4.48,0.93,4.06,24.77,25498,473864,631585.0,157721.0,8205,3.019,42.7,25855.9,77682.62,103538.52
SF12006,Punjab,Guntur,Pulses,Zaid,3.21,80.0,31.6,62.7,8.7,6.57,24.5,84.4,75.8,111.1,Rainfed,196.5,3.92,0.78,0.74,2.38,68338,178737,162644.0,-16093.0,694,3.429,36.5,-5013.4,55681.31,50667.91
SF12007,Maharashtra,Indore,Wheat,Kharif,9.3,892.3,28.3,84.6,7.6,6.98,31.8,144.2,61.2,142.1,Drip,203.2,3.73,0.8,3.74,34.78,25168,661302,875343.0,214041.0,5054,6.882,64.0,23015.16,71107.74,94122.9
SF12008,Madhya Pradesh,Nalgonda,Wheat,Zaid,5.36,629.9,28.4,40.1,7.5,7.3,18.299999999999997,122.3,69.8,78.2,Sprinkler,108.3,9.26,0.91,2.27,12.17,24675,360205,300295.0,-59910.0,2913,4.178,26.8,-11177.24,67202.43,56025.19
SF12009,Tamil Nadu,Guntur,Chilli,Zaid,10.72,432.1,28.8,50.7,9.3,6.63,16.5,136.5,93.3,123.0,Sprinkler,190.3,5.25,0.66,2.46,26.37,107275,660415,2828842.0,2168427.0,6477,4.071,38.4,202278.64,61605.88,263884.51
SF12010,Gujarat,Rajkot,Sugarcane,Kharif,14.36,710.4,29.6,72.9,7.1,7.22,37.1,132.8,77.4,92.2,Drip,143.4,6.64,0.9,62.29,894.48,4075,1049748,3645006.0,2595258.0,21595,41.421,46.7,180728.27,73102.23,253830.5
SF12011,Andhra Pradesh,Ludhiana,Wheat,Kharif,12.39,516.1,27.9,75.2,5.3,7.19,29.4,137.4,54.6,128.5,Flood,170.1,0.51,0.83,2.76,34.2,27852,705675,952538.0,246863.0,8197,4.172,61.1,19924.37,56955.21,76879.58
SF12012,Punjab,Raichur,Pulses,Kharif,10.49,905.6,29.0,74.2,5.8,5.74,33.0,59.2,82.4,126.3,Sprinkler,251.8,5.4,0.67,0.41,4.3,66449,766230,285731.0,-480499.0,4320,0.995,57.4,-45805.43,73043.85,27238.42
SF12013,Gujarat,Nashik,Chilli,Rabi,4.43,579.0,22.7,49.5,8.0,6.43,23.8,155.1,60.7,104.4,Rainfed,179.9,2.73,0.82,1.92,8.51,105618,229266,898809.0,669543.0,1426,5.968,56.7,151138.37,51753.05,202891.42
SF12014,Maharashtra,Ludhiana,Wheat,Rabi,7.78,777.2,21.6,51.4,6.9,7.07,26.1,106.4,55.4,98.6,Rainfed,87.3,4.53,0.74,2.23,17.35,26246,413326,455368.0,42042.0,2343,7.405,51.0,5403.86,53126.74,58530.59
SF12015,Maharashtra,Nashik,Rice,Kharif,9.09,1103.9,27.9,72.1,6.7,6.67,36.7,95.0,48.5,116.8,Sprinkler,80.4,4.05,0.99,3.58,32.54,24569,560711,799475.0,238764.0,13841,2.351,46.5,26266.67,61684.38,87951.05
SF12016,Telangana,Erode,Maize,Kharif,2.16,861.4000000000001,29.7,81.1,6.7,6.71,22.6,158.7,87.4,71.0,Rainfed,197.0,0.5,0.79,4.95,10.69,18309,130775,195723.0,64948.0,700,15.271,75.8,30068.52,60543.98,90612.5
SF12017,Telangana,Erode,Maize,Rabi,4.98,443.6,22.2,46.9,7.0,6.69,31.6,102.2,57.6,105.5,Drip,266.4,4.84,0.74,3.47,17.28,21121,354131,364971.0,10840.0,2325,7.432,33.1,2176.71,71110.64,73287.35
SF12018,Gujarat,Rajkot,Chilli,Rabi,14.91,80.0,23.8,37.8,9.6,5.58,27.3,120.9,85.6,119.5,Rainfed,214.9,6.18,0.69,0.36,5.37,109950,974099,590432.0,-383667.0,4847,1.108,30.4,-25732.19,65331.92,39599.73
SF12019,Andhra Pradesh,Nalgonda,Pulses,Kharif,6.14,634.7,30.4,90.0,8.1,6.95,40.3,132.5,70.6,104.0,Flood,191.0,5.62,0.68,1.61,9.89,73233,431730,724274.0,292544.0,3460,2.858,54.3,47645.6,70314.33,117959.93
SF12020,Karnataka,Rajkot,Sugarcane,Kharif,7.23,679.6,26.3,65.9,6.9,6.86,33.0,147.6,55.1,86.9,Sprinkler,91.3,3.55,0.94,80.36,581.0,3466,445799,2013746.0,1567947.0,13375,43.439,41.3,216866.8,61659.61,278526.42
SF12021,Andhra Pradesh,Ludhiana,Maize,Kharif,8.86,1177.8,26.8,75.6,6.4,6.17,35.4,165.4,42.9,135.2,Flood,248.6,6.35,0.93,2.57,22.77,21006,705821,478307.0,-227514.0,6569,3.466,53.7,-25678.78,79663.77,53984.99
SF12022,Maharashtra,Ludhiana,Maize,Kharif,12.66,835.7,24.4,88.2,8.2,6.34,34.2,100.2,61.1,66.4,Flood,221.7,3.86,0.68,3.29,41.65,21189,877963,882522.0,4559.0,9671,4.307,48.1,360.11,69349.37,69709.48
SF12023,Punjab,Ludhiana,Chilli,Kharif,5.94,1104.4,21.8,66.9,7.2,7.79,24.6,140.0,67.9,177.5,Flood,137.2,5.7,0.99,0.53,3.15,104376,375946,328784.0,-47162.0,4242,0.743,55.7,-7939.73,63290.57,55350.84
SF12024,Maharashtra,Nalgonda,Maize,Zaid,13.7,191.4,34.2,46.6,7.3,7.59,20.1,102.3,50.3,90.6,Sprinkler,126.9,5.26,0.94,0.93,12.74,22636,1043626,288383.0,-755243.0,8162,1.561,38.4,-55127.23,76177.08,21049.85
SF12025,Punjab,Raichur,Groundnut,Kharif,11.31,828.5,27.8,64.3,7.3,6.61,43.8,81.4,50.3,68.1,Drip,237.2,7.08,0.82,2.16,24.43,53332,963809,1302901.0,339092.0,4377,5.581,47.4,29981.61,85217.42,115199.03
SF12026,Karnataka,Ludhiana,Sugarcane,Zaid,1.09,80.0,31.0,58.1,9.9,6.66,14.8,74.2,48.4,107.2,Drip,197.7,7.99,0.71,52.86,57.62,3698,77608,213079.0,135471.0,1724,33.422,35.4,124285.32,71200.0,195485.32
SF12027,Karnataka,Raichur,Cotton,Kharif,4.21,1048.9,32.5,74.8,6.8,7.03,35.8,80.8,77.7,94.8,Flood,253.5,4.07,0.69,1.46,6.15,66508,352210,409024.0,56814.0,3929,1.565,60.2,13495.01,83660.33,97155.34
SF12028,Gujarat,Nashik,Rice,Zaid,13.49,289.9,30.5,56.8,8.5,7.28,19.1,117.6,31.1,83.9,Rainfed,237.4,3.49,0.72,1.51,20.37,21811,950207,444290.0,-505917.0,10867,1.874,41.2,-37503.11,70437.88,32934.77
SF12029,Gujarat,Erode,Maize,Kharif,11.07,1048.5,32.1,85.0,5.4,6.44,31.3,118.5,51.7,84.2,Flood,141.3,7.71,0.92,3.03,33.54,21828,787032,732111.0,-54921.0,8272,4.055,50.3,-4961.25,71095.93,66134.69
SF12030,Punjab,Indore,Groundnut,Kharif,13.55,367.9,28.7,76.6,6.5,7.93,32.0,120.7,55.6,100.7,Flood,190.9,2.4,0.99,0.3,4.07,59293,927045,241323.0,-685722.0,7175,0.567,59.6,-50606.79,68416.61,17809.82
SF12031,Gujarat,Raichur,Rice,Zaid,6.17,355.8,32.7,52.9,8.7,6.09,17.6,133.6,74.4,98.0,Flood,229.7,6.02,0.68,1.72,10.61,21958,446442,232974.0,-213468.0,9373,1.132,27.4,-34597.73,72356.89,37759.16
SF12032,Gujarat,Raichur,Wheat,Kharif,5.38,996.5,27.5,60.0,7.5,7.52,34.8,93.9,56.6,45.7,Flood,106.8,4.52,0.87,1.25,6.72,25818,325064,173497.0,-151567.0,3885,1.73,65.1,-28172.3,60420.82,32248.51
SF12033,Madhya Pradesh,Guntur,Chilli,Rabi,9.2,654.1,24.1,58.8,7.3,7.76,31.0,170.6,55.9,113.2,Flood,278.3,5.39,0.84,0.73,6.72,89285,755256,599995.0,-155261.0,7762,0.866,46.0,-16876.2,82093.04,65216.85
SF12034,Andhra Pradesh,Raichur,Rice,Kharif,2.09,1021.9,29.6,63.9,8.0,6.65,20.9,169.4,67.9,55.3,Sprinkler,175.3,5.76,0.79,2.88,6.02,22344,135997,134511.0,-1486.0,2861,2.104,43.2,-711.0,65070.33,64359.33
SF12035,Karnataka,Rajkot,Cotton,Rabi,5.4,535.2,20.1,61.6,8.8,7.59,23.3,113.0,64.2,72.8,Flood,210.5,9.15,0.74,0.46,2.48,72593,398765,180031.0,-218734.0,5419,0.458,25.1,-40506.3,73845.37,33339.07
SF12036,Gujarat,Guntur,Cotton,Zaid,7.59,212.2,35.2,52.5,7.5,5.95,24.0,90.4,64.3,85.2,Flood,228.6,5.76,0.98,0.51,3.87,82673,507173,319945.0,-187228.0,6364,0.608,32.6,-24667.72,66821.21,42153.49
SF12037,Gujarat,Krishna,Groundnut,Kharif,2.83,834.5,26.2,70.4,5.4,7.64,36.3,135.6,36.9,85.5,Drip,196.5,7.82,0.75,0.82,2.32,48313,216006,112086.0,-103920.0,1184,1.959,40.4,-36720.85,76327.21,39606.36
SF12038,Maharashtra,Rajkot,Cotton,Zaid,5.2,202.6,28.2,62.7,7.3,6.21,17.1,107.2,46.8,86.0,Drip,79.1,3.35,0.75,1.04,5.41,73358,275762,396867.0,121105.0,4186,1.292,42.3,23289.42,53031.15,76320.58
SF12039,Tamil Nadu,Ludhiana,Sugarcane,Zaid,14.86,273.3,30.8,54.6,8.1,6.21,22.5,82.6,92.4,72.7,Rainfed,181.8,3.46,0.73,27.86,414.0,3878,993659,1605492.0,611833.0,16220,25.524,52.1,41173.15,66868.03,108041.18
SF12040,Telangana,Nalgonda,Pulses,Kharif,13.07,991.9,26.2,85.4,7.4,6.87,30.7,126.9,59.5,120.8,Flood,127.2,5.36,0.82,1.26,16.47,69716,784347,1148223.0,363876.0,6806,2.42,68.6,27840.55,60011.25,87851.8
SF12041,Gujarat,Rajkot,Cotton,Zaid,13.2,421.4,33.2,37.5,6.7,5.49,21.8,147.2,63.8,37.8,Flood,223.5,8.8,0.94,0.3,3.96,65497,1053307,259368.0,-793939.0,11958,0.331,20.0,-60146.89,79795.98,19649.09
SF12042,Gujarat,Erode,Sugarcane,Zaid,7.73,564.3,28.6,55.2,6.9,6.44,24.9,114.1,90.1,136.9,Flood,266.5,5.59,1.0,56.65,437.9,3469,656724,1519075.0,862351.0,14563,30.069,39.0,111558.99,84957.83,196516.82
SF12043,Andhra Pradesh,Nashik,Groundnut,Rabi,13.88,454.5,26.0,49.2,7.8,7.37,27.6,164.4,26.8,62.7,Drip,108.4,6.72,0.84,1.31,18.18,53437,737960,971485.0,233525.0,5745,3.164,32.5,16824.57,53167.15,69991.71
SF12044,Tamil Nadu,Erode,Wheat,Zaid,14.19,233.6,32.1,45.5,8.9,6.88,14.6,129.7,43.4,152.6,Flood,255.6,2.96,0.68,2.06,29.23,22260,1019447,650660.0,-368787.0,9548,3.061,50.3,-25989.22,71842.64,45853.42
SF12045,Madhya Pradesh,Guntur,Sugarcane,Kharif,3.56,853.4,24.9,82.6,5.6,5.98,34.0,150.9,15.7,85.4,Flood,230.0,6.31,0.76,35.56,126.59,3901,222328,493828.0,271500.0,7833,16.161,48.9,76264.04,62451.69,138715.73
SF12046,Madhya Pradesh,Krishna,Maize,Rabi,9.07,589.4,22.2,55.8,7.2,6.47,25.5,132.8,58.4,57.9,Rainfed,235.6,6.85,0.69,3.01,27.3,19622,623505,535681.0,-87824.0,3043,8.971,36.9,-9682.91,68743.66,59060.75
SF12047,Andhra Pradesh,Raichur,Cotton,Rabi,8.48,349.0,23.3,61.2,6.5,5.88,24.9,106.1,42.5,108.6,Drip,201.9,2.89,0.98,0.73,6.19,66897,589560,414092.0,-175468.0,5778,1.071,43.6,-20691.98,69523.58,48831.6
SF12048,Madhya Pradesh,Ludhiana,Maize,Kharif,5.15,997.6,27.0,74.0,7.1,7.15,27.1,129.2,48.0,141.6,Flood,165.5,7.39,0.93,3.0,15.45,25486,313935,393759.0,79824.0,4208,3.672,53.3,15499.81,60958.25,76458.06
SF12049,Karnataka,Raichur,Rice,Kharif,11.53,791.6,26.2,71.7,7.8,6.2,35.3,144.3,79.9,61.4,Flood,151.4,3.1,0.84,2.53,29.17,22019,843463,642294.0,-201169.0,27536,1.059,55.4,-17447.44,73153.77,55706.33
SF12050,Punjab,Warangal,Chilli,Kharif,10.29,1112.7,27.9,64.8,6.8,6.44,25.8,105.7,58.3,79.1,Flood,80.4,8.12,0.69,1.7,17.49,95369,546731,1668004.0,1121273.0,7459,2.345,54.9,108967.25,53132.26,162099.51
SF12051,Punjab,Rajkot,Pulses,Rabi,3.28,335.7,26.0,46.9,7.3,6.28,33.1,178.4,93.8,143.8,Drip,112.7,2.44,0.89,1.33,4.36,68858,177626,300221.0,122595.0,1173,3.717,38.4,37376.52,54154.27,91530.79
SF12052,Maharashtra,Warangal,Wheat,Kharif,13.72,678.8,31.8,79.2,5.4,7.32,24.0,114.7,45.8,30.0,Rainfed,208.7,5.61,0.65,1.86,25.52,20914,1108873,533725.0,-575148.0,4346,5.872,50.4,-41920.41,80821.65,38901.24
SF12053,Madhya Pradesh,Ludhiana,Pulses,Rabi,14.97,443.9,21.9,55.4,8.6,7.69,22.0,133.8,65.9,68.9,Sprinkler,119.4,3.67,0.94,0.34,5.09,76015,842003,386916.0,-455087.0,5482,0.928,43.9,-30399.93,56246.03,25846.09
SF12054,Gujarat,Nalgonda,Maize,Zaid,8.78,363.1,26.3,57.2,8.7,7.9,12.5,135.2,27.5,86.4,Sprinkler,163.5,9.55,0.77,2.27,19.93,20256,530061,403702.0,-126359.0,5160,3.862,23.6,-14391.69,60371.41,45979.73
SF12055,Gujarat,Guntur,Pulses,Rabi,14.46,290.0,19.7,60.7,9.3,6.13,26.3,157.1,42.6,135.5,Flood,169.1,6.29,0.91,0.68,9.83,65395,1028780,642833.0,-385947.0,8267,1.189,20.6,-26690.66,71146.61,44455.95
SF12056,Gujarat,Rajkot,Wheat,Kharif,11.0,1069.9,30.3,52.9,8.7,6.85,34.6,59.0,89.5,82.5,Drip,149.0,2.01,0.7,2.77,30.47,24522,635985,747185.0,111200.0,5868,5.193,70.9,10109.09,57816.82,67925.91
SF12057,Madhya Pradesh,Raichur,Pulses,Kharif,2.05,1106.9,28.5,75.1,6.4,7.23,33.5,94.7,95.8,105.5,Drip,40.0,3.02,0.77,1.07,2.19,70808,77513,155070.0,77557.0,730,3.0,64.3,37832.68,37811.22,75643.9
SF12058,Maharashtra,Nashik,Chilli,Kharif,7.85,969.7,29.0,57.3,6.5,7.22,29.2,110.4,33.4,96.0,Drip,172.8,3.49,0.98,2.03,15.94,114966,526487,1832558.0,1306071.0,4625,3.446,44.6,166378.47,67068.41,233446.88
SF12059,Andhra Pradesh,Indore,Pulses,Rabi,4.76,390.6,21.4,62.5,8.9,5.87,23.5,98.4,61.4,115.8,Flood,156.9,4.14,0.74,0.53,2.52,76166,353747,191938.0,-161809.0,1869,1.348,32.4,-33993.49,74316.6,40323.11
SF12060,Karnataka,Warangal,Chilli,Kharif,9.69,647.1,30.8,64.0,7.4,7.8,41.1,127.6,48.3,99.2,Drip,145.7,3.18,0.72,0.67,6.49,111953,670643,726575.0,55932.0,6597,0.984,54.5,5772.14,69209.8,74981.94
SF12061,Gujarat,Erode,Wheat,Kharif,8.57,1147.3,31.9,72.5,5.2,7.94,29.1,142.0,29.3,135.4,Sprinkler,58.3,1.28,0.91,0.33,2.83,24959,469713,70634.0,-399079.0,3713,0.762,73.9,-46566.98,54808.98,8242.01
SF12062,Andhra Pradesh,Indore,Cotton,Zaid,7.09,103.4,35.5,52.1,7.5,7.56,31.3,115.6,62.4,131.5,Sprinkler,73.3,8.55,0.88,0.42,2.98,67103,371487,199967.0,-171520.0,5974,0.499,19.7,-24191.82,52395.91,28204.09
SF12063,Punjab,Warangal,Pulses,Rabi,13.19,346.5,26.0,58.3,6.1,6.93,25.6,110.3,27.5,93.3,Flood,180.5,4.16,0.74,0.86,11.34,73221,980049,830326.0,-149723.0,5522,2.054,45.1,-11351.25,74302.43,62951.18
SF12064,Telangana,Erode,Wheat,Zaid,7.75,411.2,29.3,55.5,8.7,5.68,14.3,141.4,53.1,114.3,Drip,277.2,4.86,0.96,0.72,5.58,23127,689926,129049.0,-560877.0,3225,1.73,44.5,-72371.23,89022.71,16651.48
SF12065,Tamil Nadu,Raichur,Rice,Kharif,4.06,742.8,26.0,60.9,6.3,7.8,34.1,117.9,117.7,124.7,Flood,178.5,8.34,0.88,1.07,4.34,19849,325744,86145.0,-239599.0,7576,0.573,48.6,-59014.53,80232.51,21217.98
SF12066,Karnataka,Ludhiana,Wheat,Rabi,12.1,657.3,24.8,59.8,7.7,7.08,21.7,125.3,94.5,79.7,Flood,111.2,2.77,0.92,2.91,35.21,28497,837946,1003379.0,165433.0,9775,3.602,34.8,13672.15,69251.74,82923.88
SF12067,Maharashtra,Indore,Groundnut,Kharif,3.66,1066.4,28.8,77.5,7.3,7.56,40.3,131.2,41.6,65.4,Rainfed,176.1,4.38,0.69,0.61,2.23,58231,293609,129855.0,-163754.0,918,2.429,69.3,-44741.53,80221.04,35479.51
SF12068,Gujarat,Rajkot,Maize,Rabi,5.94,80.0,20.7,59.1,8.7,7.82,29.9,109.6,111.1,100.0,Flood,229.8,5.69,0.87,0.64,3.8,19100,421691,72580.0,-349111.0,4636,0.82,37.1,-58772.9,70991.75,12218.86
SF12069,Punjab,Warangal,Maize,Kharif,12.26,1049.7,23.7,78.3,7.5,6.99,30.0,75.3,86.6,129.9,Flood,183.5,2.75,0.79,3.82,46.83,22265,731340,1042670.0,311330.0,8457,5.537,64.9,25393.96,59652.53,85046.49
SF12070,Maharashtra,Indore,Rice,Rabi,2.86,348.6,19.6,53.5,6.2,6.7,18.1,99.3,31.4,105.6,Rainfed,297.9,5.9,0.78,2.2,6.29,24078,199787,151451.0,-48336.0,2540,2.476,33.8,-16900.7,69855.59,52954.9
SF12071,Punjab,Nalgonda,Chilli,Kharif,12.62,1073.4,27.9,73.1,8.4,7.0,30.6,118.4,48.5,133.8,Drip,329.3,8.26,0.71,2.88,36.35,102484,991860,3725293.0,2733433.0,7407,4.908,36.0,216595.32,78594.29,295189.62
SF12072,Madhya Pradesh,Raichur,Wheat,Rabi,7.87,202.2,24.9,46.5,8.4,6.76,24.2,187.4,72.1,83.9,Flood,254.8,6.72,0.78,2.96,23.3,21722,558336,506123.0,-52213.0,5549,4.199,42.1,-6634.43,70944.85,64310.42
SF12073,Tamil Nadu,Rajkot,Groundnut,Zaid,1.88,96.9,33.8,57.9,7.8,6.37,17.1,102.6,53.6,105.7,Flood,239.7,1.86,0.87,1.04,1.96,61362,94239,120270.0,26031.0,1246,1.573,45.9,13846.28,50127.13,63973.4
SF12074,Gujarat,Erode,Cotton,Rabi,10.87,603.5,24.9,52.0,8.9,6.04,19.9,156.6,33.6,97.8,Flood,292.4,6.49,0.74,1.16,12.61,60066,872177,757432.0,-114745.0,10534,1.197,41.2,-10556.12,80237.07,69680.96
SF12075,Tamil Nadu,Krishna,Chilli,Kharif,11.03,861.1,33.1,64.2,7.2,6.46,31.8,92.2,53.7,114.1,Sprinkler,165.9,2.65,0.75,2.17,23.94,102606,697716,2456388.0,1758672.0,7226,3.313,65.9,159444.42,63256.21,222700.63
SF12076,Andhra Pradesh,Erode,Rice,Zaid,9.6,263.6,30.3,50.3,7.2,6.89,24.8,115.2,63.1,133.7,Sprinkler,246.7,4.08,0.9,3.11,29.86,19831,572678,592154.0,19476.0,15028,1.987,35.0,2028.75,59653.96,61682.71
SF12077,Gujarat,Ludhiana,Wheat,Rabi,14.63,110.2,23.8,57.9,8.0,6.39,15.9,103.6,61.2,42.6,Sprinkler,97.1,2.04,0.99,2.09,30.58,28128,950329,860154.0,-90175.0,6682,4.576,34.1,-6163.7,64957.55,58793.85
SF12078,Andhra Pradesh,Indore,Wheat,Rabi,14.92,197.7,24.1,54.2,8.0,7.74,37.2,111.0,81.3,97.1,Flood,247.6,1.83,0.79,0.63,9.4,23147,866531,217582.0,-648949.0,10040,0.936,42.1,-43495.24,58078.49,14583.24
SF12079,Telangana,Indore,Pulses,Zaid,6.19,288.4,33.0,62.9,8.6,7.4,21.9,64.9,64.7,90.5,Rainfed,312.2,3.23,0.66,0.47,2.91,72235,475149,210204.0,-264945.0,1293,2.251,54.6,-42802.1,76760.74,33958.64
SF12080,Gujarat,Warangal,Maize,Rabi,5.23,635.1,21.1,72.2,7.4,7.42,22.8,131.8,91.0,113.1,Flood,192.7,3.71,0.71,2.27,11.87,20339,305218,241424.0,-63794.0,3649,3.253,54.8,-12197.71,58359.08,46161.38
SF12081,Andhra Pradesh,Erode,Sugarcane,Rabi,8.74,279.2,27.5,61.0,9.1,7.67,19.5,177.7,69.7,127.9,Rainfed,222.9,5.44,0.9,17.2,150.33,3210,529140,482559.0,-46581.0,9018,16.67,29.9,-5329.63,60542.33,55212.7
SF12082,Punjab,Nalgonda,Sugarcane,Kharif,4.47,449.2,28.4,65.3,5.8,6.33,19.2,50.2,56.2,163.0,Drip,170.8,6.44,0.78,57.75,258.14,3498,235257,902974.0,667717.0,7625,33.854,34.7,149377.4,52630.2,202007.61
SF12083,Telangana,Nashik,Pulses,Rabi,2.0,638.1,28.4,49.8,8.3,5.37,31.9,147.8,55.5,102.1,Drip,238.1,6.93,0.69,0.3,0.6,60635,152734,36381.0,-116353.0,595,1.008,37.4,-58176.5,76367.0,18190.5
SF12084,Karnataka,Nalgonda,Sugarcane,Rabi,4.79,232.5,24.0,56.7,7.9,5.67,27.5,80.4,46.1,98.8,Rainfed,153.7,3.51,0.88,11.36,54.41,3522,272845,191632.0,-81213.0,4445,12.241,46.7,-16954.7,56961.38,40006.68
SF12085,Andhra Pradesh,Indore,Maize,Kharif,3.79,824.3,30.0,75.0,6.3,5.27,25.4,145.5,67.3,103.7,Sprinkler,234.7,6.42,0.7,0.43,1.63,21204,293299,34563.0,-258736.0,2176,0.749,52.8,-68268.07,77387.6,9119.53
SF12086,Andhra Pradesh,Nashik,Rice,Kharif,9.14,548.9,31.5,58.5,7.6,6.13,25.7,57.8,87.5,104.1,Rainfed,210.7,6.05,0.68,2.16,19.74,22291,636241,440024.0,-196217.0,7340,2.689,42.2,-21467.94,69610.61,48142.67
SF12087,Maharashtra,Rajkot,Sugarcane,Rabi,6.17,436.6,20.6,74.4,7.7,7.06,21.1,96.7,63.3,36.9,Flood,211.9,5.43,0.88,44.29,273.27,3450,535327,942781.0,407454.0,11351,24.075,37.2,66037.93,86762.88,152800.81
SF12088,Tamil Nadu,Guntur,Maize,Rabi,7.8,334.9,25.8,56.8,7.5,5.69,29.0,59.8,27.7,114.6,Rainfed,148.3,4.64,0.75,0.85,6.63,21918,447704,145316.0,-302388.0,2691,2.464,36.2,-38767.69,57397.95,18630.26
SF12089,Punjab,Nalgonda,Groundnut,Kharif,8.35,719.4,29.0,63.1,6.3,7.78,31.5,88.2,57.8,84.7,Rainfed,134.8,5.66,0.96,0.5,4.18,62851,531152,262717.0,-268435.0,2229,1.875,56.9,-32147.9,63611.02,31463.11
SF12090,Maharashtra,Krishna,Maize,Rabi,7.71,178.0,21.8,74.8,9.8,5.44,25.3,100.5,51.8,64.1,Flood,115.4,2.08,0.77,0.35,2.7,22856,456113,61711.0,-394402.0,6295,0.429,44.7,-51154.6,59158.63,8004.02
SF12091,Tamil Nadu,Erode,Sugarcane,Kharif,9.25,894.8,26.9,63.3,6.9,6.17,31.4,100.6,59.4,63.9,Drip,220.7,4.71,0.84,61.94,572.94,2969,617575,1701059.0,1083484.0,16711,34.285,54.8,117133.41,66764.86,183898.27
SF12092,Punjab,Nalgonda,Rice,Kharif,2.33,653.5,24.9,72.2,4.9,6.56,38.6,72.8,60.9,91.5,Drip,140.2,6.94,0.83,4.35,10.14,20434,143834,207201.0,63367.0,3250,3.12,49.7,27196.14,61731.33,88927.47
SF12093,Maharashtra,Nalgonda,Rice,Kharif,5.92,796.7,27.5,67.1,7.3,7.08,37.9,60.1,55.7,83.7,Drip,259.8,3.84,0.75,3.8,22.5,20152,437282,453420.0,16138.0,6176,3.643,59.6,2726.01,73865.2,76591.22
SF12094,Tamil Nadu,Erode,Chilli,Zaid,10.17,466.5,31.0,63.7,7.3,6.97,30.8,174.1,27.4,108.5,Flood,137.0,3.48,0.85,1.7,17.29,97323,681808,1682715.0,1000907.0,6934,2.494,46.4,98417.6,67041.1,165458.7
SF12095,Karnataka,Ludhiana,Maize,Rabi,5.4,224.9,22.1,62.5,9.7,6.16,23.9,177.1,69.1,166.1,Flood,158.2,2.57,0.73,2.74,14.8,17855,373689,264254.0,-109435.0,4073,3.634,41.9,-20265.74,69201.67,48935.93
SF12096,Karnataka,Ludhiana,Maize,Rabi,1.87,328.5,22.5,66.6,8.6,6.5,35.4,100.1,51.9,131.3,Drip,223.8,6.44,0.71,2.96,5.54,20329,135645,112623.0,-23022.0,1001,5.534,36.8,-12311.23,72537.43,60226.2
SF12097,Gujarat,Rajkot,Maize,Rabi,14.51,738.8,24.9,61.4,7.9,7.18,30.6,182.3,62.7,118.1,Rainfed,204.7,6.96,0.71,3.96,57.46,23088,1001178,1326636.0,325458.0,4162,13.806,52.2,22429.91,68999.17,91429.08
SF12098,Punjab,Krishna,Cotton,Rabi,14.97,402.3,27.7,62.3,6.1,6.32,30.2,97.1,70.4,68.3,Drip,108.3,4.83,0.84,1.53,22.9,62591,910082,1433334.0,523252.0,9711,2.358,47.2,34953.37,60793.72,95747.09
SF12099,Andhra Pradesh,Erode,Cotton,Kharif,9.9,871.6,29.6,74.0,6.9,7.59,30.7,130.7,79.2,109.0,Flood,141.0,4.33,0.72,0.79,7.82,65404,660881,511459.0,-149422.0,10053,0.778,54.8,-15093.13,66755.66,51662.53
SF12100,Punjab,Krishna,Groundnut,Kharif,2.09,772.5,30.8,56.4,6.8,6.32,32.1,105.4,30.7,133.0,Sprinkler,199.9,2.92,0.89,1.94,4.05,51991,142200,210564.0,68364.0,1068,3.792,60.3,32710.05,68038.28,100748.33
SF12101,Maharashtra,Guntur,Sugarcane,Kharif,2.4,1175.2,28.2,66.5,4.1,6.42,35.5,129.4,90.1,93.8,Sprinkler,276.0,5.46,0.74,68.27,163.85,3281,190625,537592.0,346967.0,4106,39.905,50.8,144569.58,79427.08,223996.67
SF12102,Maharashtra,Ludhiana,Maize,Rabi,8.62,545.3,24.8,48.8,7.8,5.7,26.6,103.6,84.6,139.1,Flood,205.5,4.77,0.89,1.6,13.79,22823,585591,314729.0,-270862.0,7119,1.937,43.3,-31422.51,67933.99,36511.48
SF12103,Karnataka,Raichur,Rice,Rabi,4.82,470.5,20.6,54.8,7.0,7.35,35.2,128.5,57.9,40.8,Drip,285.5,3.8,0.68,2.04,9.83,20755,326040,204022.0,-122018.0,6313,1.557,46.5,-25314.94,67643.15,42328.22
SF12104,Karnataka,Rajkot,Maize,Zaid,5.5,205.9,31.7,50.2,6.3,6.43,19.9,123.7,58.7,65.3,Drip,271.9,6.68,0.79,2.82,15.51,20283,397080,314589.0,-82491.0,3087,5.024,29.5,-14998.36,72196.36,57198.0
SF12105,Karnataka,Guntur,Cotton,Kharif,8.3,974.6,31.1,54.9,5.6,7.63,37.2,166.3,41.3,112.9,Sprinkler,218.9,5.93,0.72,0.61,5.06,71974,622756,364188.0,-258568.0,6268,0.807,58.2,-31152.77,75030.84,43878.07
SF12106,Punjab,Warangal,Groundnut,Kharif,11.07,778.8,28.7,69.0,8.1,6.83,29.5,144.0,45.3,103.2,Sprinkler,330.7,1.01,0.8,2.57,28.45,56604,975234,1610384.0,635150.0,5976,4.761,67.6,57375.79,88097.02,145472.81
SF12107,Karnataka,Ludhiana,Chilli,Kharif,0.59,681.2,24.1,68.1,8.5,7.35,24.2,83.4,78.0,133.4,Rainfed,183.7,1.68,0.9,1.56,0.92,104261,39125,95920.0,56795.0,226,4.071,52.3,96262.71,66313.56,162576.27
SF12108,Tamil Nadu,Nalgonda,Chilli,Rabi,12.97,331.5,21.9,66.8,7.2,6.19,25.1,120.9,44.5,121.8,Flood,241.8,0.77,0.92,1.36,17.64,110171,854751,1943416.0,1088665.0,9207,1.916,60.9,83937.16,65902.16,149839.32
SF12109,Andhra Pradesh,Guntur,Cotton,Rabi,11.67,531.5,23.3,59.2,7.7,7.5,22.2,127.5,62.1,134.4,Sprinkler,148.3,4.22,0.98,0.85,9.92,71374,690212,708030.0,17818.0,7994,1.241,45.3,1526.82,59144.13,60670.95
SF12110,Telangana,Nalgonda,Rice,Rabi,2.42,196.3,25.0,63.2,8.8,5.91,21.1,140.5,45.7,72.0,Flood,217.8,8.05,0.67,1.15,2.78,19721,200378,54824.0,-145554.0,4708,0.59,47.8,-60146.28,82800.83,22654.55
SF12111,Madhya Pradesh,Warangal,Cotton,Rabi,5.23,185.8,19.9,43.4,7.5,6.94,17.7,112.1,71.3,147.8,Drip,101.7,8.67,0.76,1.2,6.28,79068,259811,496547.0,236736.0,3620,1.735,22.5,45265.01,49677.06,94942.07
SF12112,Maharashtra,Guntur,Chilli,Rabi,13.21,825.5,28.5,64.4,7.2,6.62,19.9,111.1,42.0,117.4,Drip,214.9,5.22,0.68,2.46,32.5,98659,887947,3206418.0,2318471.0,6968,4.664,51.0,175508.78,67217.79,242726.57
SF12113,Maharashtra,Indore,Rice,Zaid,6.11,288.4,30.6,73.6,8.9,7.23,20.7,138.9,37.3,67.5,Rainfed,118.1,4.09,0.75,1.48,9.04,20745,328305,187535.0,-140770.0,4951,1.826,49.9,-23039.28,53732.41,30693.13
SF12114,Maharashtra,Nashik,Maize,Kharif,8.54,605.6,31.2,63.8,6.8,6.99,41.9,98.1,63.8,88.8,Rainfed,172.2,4.77,0.68,3.29,28.1,26482,523670,744144.0,220474.0,2966,9.474,61.7,25816.63,61319.67,87136.3
SF12115,Maharashtra,Nalgonda,Chilli,Zaid,10.65,411.1,34.8,59.9,7.4,6.07,19.0,114.7,76.6,109.6,Drip,168.4,4.78,0.78,1.35,14.38,93194,763432,1340130.0,576698.0,5611,2.563,44.6,54150.05,71683.76,125833.8
SF12116,Andhra Pradesh,Ludhiana,Cotton,Zaid,9.46,261.6,30.1,59.8,7.9,7.54,19.2,127.1,51.8,112.4,Sprinkler,207.2,4.54,0.87,0.65,6.15,60995,649205,375119.0,-274086.0,7193,0.855,48.4,-28973.15,68626.32,39653.17
SF12117,Gujarat,Guntur,Pulses,Rabi,10.44,486.7,25.2,63.3,7.2,6.34,30.4,104.8,44.4,30.0,Rainfed,52.3,4.83,0.73,0.98,10.23,70001,607532,716110.0,108578.0,1875,5.456,46.9,10400.19,58192.72,68592.91
SF12118,Punjab,Warangal,Pulses,Kharif,3.04,1012.3,26.9,64.0,6.7,5.48,31.8,108.0,71.3,75.2,Flood,180.0,2.02,0.84,0.3,0.91,72382,216493,65868.0,-150625.0,1443,0.631,72.4,-49547.7,71214.8,21667.11
SF12119,Gujarat,Raichur,Pulses,Kharif,3.59,553.8,25.0,62.4,6.8,6.18,32.4,124.0,67.1,123.5,Drip,134.9,2.95,0.8,1.29,4.63,72773,190682,336939.0,146257.0,1042,4.443,59.1,40740.11,53114.76,93854.87
SF12120,Andhra Pradesh,Warangal,Groundnut,Rabi,13.02,578.9,24.4,66.3,7.3,7.12,23.8,132.1,62.1,103.4,Rainfed,284.7,3.68,0.8,1.6,20.83,54459,815543,1134381.0,318838.0,3479,5.987,54.0,24488.33,62637.71,87126.04
SF12121,Madhya Pradesh,Krishna,Rice,Zaid,8.55,289.04999999999995,29.7,55.3,6.4,6.26,21.7,172.9,65.7,91.7,Rainfed,153.9,4.51,0.68,2.51,21.46,25962,544752,557145.0,12393.0,7227,2.969,52.0,1449.47,63713.68,65163.16
SF12122,Maharashtra,Nalgonda,Rice,Kharif,3.79,988.3,32.0,71.9,8.4,5.2,26.5,130.6,58.6,108.6,Flood,205.8,7.24,0.65,0.3,1.14,20818,303619,23733.0,-279886.0,8414,0.135,52.8,-73848.55,80110.55,6262.01
SF12123,Andhra Pradesh,Nashik,Rice,Kharif,10.52,810.8,25.8,61.4,7.1,7.04,31.3,150.6,42.9,88.1,Drip,292.9,6.75,0.94,3.85,40.5,20158,732840,816399.0,83559.0,15404,2.629,55.7,7942.87,69661.6,77604.47
SF12124,Telangana,Warangal,Cotton,Kharif,3.7,658.3,24.0,61.6,6.9,6.72,36.7,108.5,76.3,104.5,Rainfed,211.0,3.42,0.89,1.95,7.22,79392,283510,573210.0,289700.0,1004,7.191,53.9,78297.3,76624.32,154921.62
SF12125,Maharashtra,Nashik,Chilli,Kharif,7.18,836.2,29.6,73.1,6.0,6.49,25.8,75.5,43.7,113.7,Sprinkler,130.8,7.97,0.81,2.16,15.51,125963,471581,1953686.0,1482105.0,4182,3.709,46.7,206421.31,65679.81,272101.11
SF12126,Andhra Pradesh,Warangal,Pulses,Kharif,11.45,784.7,27.3,76.8,5.9,7.19,29.7,166.7,61.1,63.7,Drip,381.3,5.53,0.94,1.21,13.85,76364,918367,1057641.0,139274.0,3449,4.016,57.3,12163.67,80206.72,92370.39
SF12127,Maharashtra,Nalgonda,Maize,Rabi,13.95,561.6,22.0,46.6,8.4,6.85,21.0,92.1,90.4,124.0,Drip,272.0,4.91,0.79,5.2,72.54,23076,909931,1673933.0,764002.0,6227,11.649,41.4,54767.17,65228.03,119995.2
SF12128,Andhra Pradesh,Ludhiana,Pulses,Kharif,1.27,717.2,23.9,65.9,7.3,6.38,26.2,149.4,69.1,102.7,Flood,193.5,4.01,0.85,1.71,2.17,71690,96888,155567.0,58679.0,583,3.722,52.9,46203.94,76289.76,122493.7
SF12129,Tamil Nadu,Raichur,Groundnut,Kharif,10.3,829.6,28.4,71.8,6.7,7.1,23.3,138.3,50.2,140.9,Drip,161.8,2.27,0.76,2.07,21.32,57181,561422,1219099.0,657677.0,4641,4.594,63.1,63852.14,54506.99,118359.13
SF12130,Madhya Pradesh,Raichur,Chilli,Rabi,12.85,422.6,19.6,48.2,8.6,6.18,29.8,63.7,50.8,105.3,Flood,90.0,0.5,0.89,1.51,19.4,101506,878759,1969216.0,1090457.0,10267,1.89,40.9,84860.47,68385.91,153246.38
SF12131,Telangana,Erode,Wheat,Kharif,1.39,810.6,27.9,59.6,6.5,6.72,31.4,133.3,57.3,94.3,Flood,190.1,1.85,0.86,3.42,4.75,20915,88592,99346.0,10754.0,848,5.601,54.5,7736.69,63735.25,71471.94
SF12132,Tamil Nadu,Erode,Maize,Rabi,5.19,423.5,21.8,61.6,7.2,6.07,19.9,142.4,44.5,65.0,Sprinkler,173.2,6.16,0.7,2.4,12.46,19453,363789,242384.0,-121405.0,3019,4.127,34.9,-23392.1,70094.22,46702.12
SF12133,Gujarat,Guntur,Maize,Zaid,10.01,80.0,33.1,55.0,7.2,7.23,25.3,133.5,45.3,119.4,Sprinkler,283.3,5.11,0.94,1.82,18.22,19039,790705,346891.0,-443814.0,5981,3.046,31.9,-44337.06,78991.51,34654.45
SF12134,Gujarat,Raichur,Groundnut,Zaid,1.9,262.5,29.0,43.7,8.0,6.49,13.2,68.3,15.8,122.2,Flood,211.6,9.97,0.79,1.29,2.45,52060,153690,127547.0,-26143.0,1350,1.815,21.6,-13759.47,80889.47,67130.0
SF12135,Telangana,Nalgonda,Groundnut,Rabi,10.72,170.0,22.3,60.7,7.7,7.67,26.5,111.8,82.5,98.7,Drip,191.2,6.15,0.65,0.49,5.25,46055,667589,241789.0,-425800.0,4783,1.098,31.5,-39720.15,62275.09,22554.94
SF12136,Maharashtra,Guntur,Pulses,Rabi,8.12,510.4,23.3,46.1,7.8,6.13,24.8,122.9,68.5,145.9,Rainfed,213.1,7.24,0.68,0.91,7.39,70046,620404,517640.0,-102764.0,1950,3.79,26.8,-12655.67,76404.43,63748.77
SF12137,Andhra Pradesh,Ludhiana,Rice,Kharif,10.82,860.4,30.8,85.7,7.8,6.61,27.8,114.7,52.4,94.0,Sprinkler,168.1,3.94,0.77,3.7,40.03,21100,759705,844633.0,84928.0,16609,2.41,59.3,7849.17,70213.03,78062.2
SF12138,Punjab,Ludhiana,Rice,Rabi,4.77,256.0,23.7,71.9,7.2,7.26,20.4,133.6,51.5,105.5,Rainfed,212.2,4.9,0.98,1.85,8.82,21889,320528,193061.0,-127467.0,4536,1.944,30.8,-26722.64,67196.65,40474.0
SF12139,Punjab,Rajkot,Chilli,Kharif,8.15,818.2,28.5,61.1,8.2,7.83,34.4,121.6,42.9,124.4,Rainfed,195.5,8.12,0.84,0.47,3.83,96439,675702,369361.0,-306341.0,2609,1.468,25.4,-37587.85,82908.22,45320.37
SF12140,Andhra Pradesh,Ludhiana,Cotton,Kharif,0.61,774.5,29.2,75.8,7.1,6.41,31.0,114.7,64.5,105.5,Flood,239.3,6.17,1.0,1.43,0.87,65277,44994,56791.0,11797.0,604,1.44,53.6,19339.34,73760.66,93100.0
SF12141,Telangana,Raichur,Cotton,Rabi,0.59,421.7,26.5,48.8,9.7,6.26,17.3,96.4,64.6,166.0,Sprinkler,195.3,3.05,0.73,1.64,0.97,74211,33400,71985.0,38585.0,436,2.225,40.9,65398.31,56610.17,122008.47
SF12142,Gujarat,Rajkot,Wheat,Kharif,5.44,820.7,28.0,68.1,6.4,7.41,25.0,137.1,53.1,95.5,Flood,207.8,1.33,0.85,1.78,9.68,23750,404535,229900.0,-174635.0,3716,2.605,53.6,-32102.02,74363.05,42261.03
SF12143,Madhya Pradesh,Guntur,Rice,Rabi,10.48,493.5,20.8,69.9,6.7,6.77,26.2,118.3,46.3,100.6,Rainfed,245.7,5.34,0.74,3.02,31.65,23815,641237,753745.0,112508.0,8721,3.629,43.4,10735.5,61186.74,71922.23
SF12144,Telangana,Raichur,Rice,Kharif,1.11,818.6,26.6,55.5,5.8,7.1,25.5,149.0,58.9,86.1,Drip,199.5,3.96,0.76,4.19,4.65,27935,81001,129898.0,48897.0,1645,2.827,55.9,44051.35,72973.87,117025.23
SF12145,Andhra Pradesh,Rajkot,Wheat,Kharif,13.86,826.1,30.1,67.2,6.5,6.74,31.9,180.1,59.0,113.5,Drip,217.8,4.66,0.86,3.95,54.75,24853,864895,1360702.0,495807.0,7366,7.433,51.1,35772.51,62402.24,98174.75
SF12146,Gujarat,Nalgonda,Rice,Kharif,14.01,907.1,30.1,62.5,7.2,7.15,29.2,89.8,85.3,80.3,Flood,240.5,3.32,0.93,2.52,35.31,24068,998282,849841.0,-148441.0,25404,1.39,56.0,-10595.36,71254.96,60659.6
SF12147,Telangana,Erode,Cotton,Kharif,8.62,1122.5,30.8,66.8,6.0,6.96,17.4,97.9,54.0,69.1,Drip,128.6,6.89,0.68,1.36,11.72,80077,615855,938502.0,322647.0,6458,1.815,61.9,37430.05,71444.9,108874.94
SF12148,Tamil Nadu,Indore,Rice,Kharif,14.23,323.5,22.0,76.4,7.4,6.46,36.9,119.1,35.3,54.3,Rainfed,165.9,5.38,0.65,2.26,32.16,18367,978170,590683.0,-387487.0,12313,2.612,44.8,-27230.29,68739.99,41509.7
SF12149,Maharashtra,Rajkot,Wheat,Kharif,11.81,1011.8,33.7,67.2,8.5,5.73,25.1,128.9,88.0,121.1,Flood,94.9,6.97,0.84,0.9,10.63,22632,711342,240578.0,-470764.0,8842,1.202,52.8,-39861.47,60232.18,20370.7
SF12150,Gujarat,Nashik,Groundnut,Rabi,14.24,489.1,23.5,71.6,7.3,6.02,19.7,130.9,59.6,46.2,Drip,230.8,3.89,0.97,1.0,14.24,63324,983595,901734.0,-81861.0,6570,2.167,46.2,-5748.67,69072.68,63324.02
SF12151,Andhra Pradesh,Krishna,Pulses,Kharif,9.43,1110.0,27.4,71.6,7.1,5.2,42.8,157.6,59.4,121.4,Flood,93.5,3.66,0.82,0.3,2.83,86996,548780,246199.0,-302581.0,3822,0.74,62.9,-32087.06,58195.12,26108.06
SF12152,Andhra Pradesh,Rajkot,Rice,Rabi,6.21,310.0,23.4,48.9,8.3,6.22,23.8,57.9,70.5,127.0,Flood,174.0,6.37,0.84,1.91,11.86,19877,513891,235741.0,-278150.0,10575,1.122,25.1,-44790.66,82752.17,37961.51
SF12153,Madhya Pradesh,Krishna,Rice,Rabi,9.04,323.5,20.9,66.7,6.7,6.69,23.1,106.6,43.7,133.7,Drip,251.5,6.04,0.79,2.75,24.86,22152,591244,550699.0,-40545.0,15147,1.641,48.3,-4485.07,65403.1,60918.03
SF12154,Tamil Nadu,Indore,Rice,Rabi,4.43,296.9,23.3,59.7,5.2,6.99,14.4,118.0,28.2,132.9,Rainfed,131.5,6.79,0.93,2.1,9.3,17685,333737,164470.0,-169267.0,3950,2.354,40.4,-38209.26,75335.67,37126.41
SF12155,Madhya Pradesh,Nalgonda,Cotton,Zaid,6.0,455.9,32.4,50.7,8.9,6.53,22.3,166.9,20.3,72.5,Rainfed,104.9,2.93,0.66,1.03,6.18,72973,364083,450973.0,86890.0,2478,2.494,46.6,14481.67,60680.5,75162.17
SF12156,Madhya Pradesh,Nalgonda,Pulses,Rabi,12.7,216.6,22.9,68.3,8.9,5.51,20.6,154.4,54.8,116.7,Drip,314.1,5.78,0.68,0.3,3.81,75167,1093448,286386.0,-807062.0,3477,1.096,47.2,-63548.19,86098.27,22550.08
SF12157,Telangana,Krishna,Rice,Rabi,5.94,517.8,22.8,48.0,7.9,6.02,32.5,57.5,23.7,74.1,Drip,127.2,5.73,0.74,1.9,11.29,20945,320978,236469.0,-84509.0,7081,1.594,29.8,-14227.1,54036.7,39809.6
SF12158,Maharashtra,Raichur,Cotton,Kharif,2.93,809.5,30.8,70.1,7.2,7.28,32.0,82.6,25.3,119.8,Drip,295.4,7.2,0.84,1.43,4.19,71147,225114,298106.0,72992.0,2585,1.621,43.6,24911.95,76830.72,101742.66
SF12159,Madhya Pradesh,Rajkot,Cotton,Kharif,11.17,923.3,31.7,75.3,7.6,8.11,25.1,98.9,80.9,52.2,Rainfed,199.7,5.2,0.68,0.3,3.35,78871,664524,264218.0,-400306.0,5133,0.653,50.5,-35837.6,59491.85,23654.25
SF12160,Gujarat,Guntur,Cotton,Kharif,6.09,1095.9,26.0,79.8,6.6,5.94,33.8,86.7,78.1,104.5,Drip,267.8,8.54,0.89,0.75,4.57,65235,449847,298124.0,-151723.0,3796,1.204,38.6,-24913.46,73866.5,48953.04
SF12161,Karnataka,Rajkot,Maize,Rabi,7.56,661.6,24.1,59.0,8.5,5.85,14.5,114.4,33.7,121.9,Flood,213.2,10.57,0.74,1.84,13.91,18855,607503,262273.0,-345230.0,5540,2.511,28.2,-45665.34,80357.54,34692.2
SF12162,Maharashtra,Warangal,Groundnut,Rabi,1.57,433.0,21.1,45.4,5.0,6.8,24.6,197.7,71.2,158.2,Drip,87.1,2.57,0.65,2.74,4.3,58079,97559,249740.0,152181.0,648,6.636,49.1,96930.57,62139.49,159070.06
SF12163,Andhra Pradesh,Raichur,Pulses,Zaid,8.74,364.9,28.3,50.9,8.1,5.71,13.8,160.4,71.4,45.8,Flood,151.3,3.89,0.85,0.32,2.8,78302,632459,219246.0,-413213.0,4246,0.659,35.6,-47278.38,72363.73,25085.35
SF12164,Telangana,Warangal,Rice,Kharif,5.91,814.5,32.3,73.0,5.2,5.72,29.8,80.7,51.6,79.6,Flood,218.0,4.44,0.8,1.04,6.15,20307,437326,124888.0,-312438.0,10913,0.564,50.2,-52865.99,73997.63,21131.64
SF12165,Maharashtra,Erode,Cotton,Zaid,3.48,340.4,34.7,61.8,7.4,7.19,21.9,129.1,65.4,75.2,Sprinkler,236.0,5.56,0.73,0.81,2.82,61284,238012,172821.0,-65191.0,2535,1.112,31.5,-18733.05,68394.25,49661.21
SF12166,Karnataka,Erode,Maize,Kharif,6.6,608.8,30.2,74.6,6.1,7.07,33.7,137.9,44.8,101.1,Flood,122.1,2.53,0.8,3.92,25.87,17067,408089,441523.0,33434.0,4692,5.514,59.3,5065.76,61831.67,66897.42
SF12167,Telangana,Raichur,Wheat,Zaid,4.13,313.1,30.9,36.8,7.7,7.13,22.8,86.1,72.2,134.1,Drip,153.6,3.89,0.87,2.19,9.04,22499,251614,203391.0,-48223.0,2093,4.319,46.5,-11676.27,60923.49,49247.22
SF12168,Madhya Pradesh,Nashik,Groundnut,Rabi,10.97,165.5,22.9,61.4,6.0,8.1,19.5,88.3,78.0,84.7,Sprinkler,129.0,3.1,0.79,0.3,3.29,51394,545956,169086.0,-376870.0,5406,0.609,36.6,-34354.6,49768.09,15413.49
SF12169,Punjab,Ludhiana,Rice,Rabi,5.78,408.1,26.2,74.0,7.7,7.76,25.5,133.2,39.8,69.4,Sprinkler,267.3,4.26,0.66,0.75,4.34,25011,419811,108548.0,-311263.0,8225,0.528,49.8,-53851.73,72631.66,18779.93
SF12170,Telangana,Warangal,Wheat,Rabi,5.27,152.6,20.4,53.5,8.4,7.35,22.5,146.0,63.0,99.0,Sprinkler,92.8,9.95,0.69,1.23,6.48,23917,295012,154982.0,-140030.0,2818,2.3,24.5,-26571.16,55979.51,29408.35
SF12171,Gujarat,Nalgonda,Maize,Zaid,14.05,600.7,28.1,57.8,9.7,6.23,12.5,108.5,21.8,147.5,Drip,227.7,8.57,0.84,3.16,44.4,19558,1231539,868375.0,-363164.0,6443,6.891,32.8,-25847.97,87654.02,61806.05
SF12172,Telangana,Krishna,Pulses,Rabi,9.95,297.2,18.5,68.1,5.9,7.41,30.3,120.5,57.8,80.7,Rainfed,161.5,5.44,0.73,0.41,4.08,67742,684314,276387.0,-407927.0,2105,1.938,30.2,-40997.69,68775.28,27777.59
SF12173,Maharashtra,Ludhiana,Pulses,Kharif,1.67,627.6,23.2,73.5,7.2,6.12,27.9,128.1,76.4,142.7,Sprinkler,184.8,6.7,0.73,1.33,2.22,71432,110314,158579.0,48265.0,695,3.194,35.4,28901.2,66056.29,94957.49
SF12174,Andhra Pradesh,Krishna,Wheat,Zaid,12.23,222.2,28.6,62.8,7.0,7.43,19.6,136.3,48.4,117.8,Flood,312.2,3.85,0.91,1.21,14.8,27861,1040282,412343.0,-627939.0,7354,2.013,42.5,-51344.15,85059.85,33715.7
SF12175,Gujarat,Warangal,Chilli,Kharif,14.42,810.5,28.5,57.8,6.2,6.68,28.0,141.2,59.6,120.6,Flood,182.1,6.12,0.98,2.84,40.95,91686,1031868,3754542.0,2722674.0,11141,3.676,63.7,188812.34,71558.11,260370.46
SF12176,Madhya Pradesh,Guntur,Pulses,Rabi,12.1,413.1,21.4,46.8,8.6,5.77,22.4,159.6,71.0,40.0,Flood,227.8,6.53,0.66,0.38,4.6,66880,780574,307648.0,-472926.0,5417,0.849,34.0,-39084.79,64510.25,25425.45
SF12177,Madhya Pradesh,Warangal,Sugarcane,Zaid,1.79,247.2,31.4,50.3,8.1,6.23,10.5,157.4,49.6,110.9,Drip,127.6,2.9,0.7,33.78,60.47,3588,82684,216966.0,134282.0,3039,19.898,49.2,75017.88,46192.18,121210.06
SF12178,Telangana,Krishna,Pulses,Kharif,11.69,702.4,31.3,57.9,5.5,6.02,41.5,159.6,47.3,80.7,Sprinkler,202.5,5.77,0.84,0.73,8.53,69784,771261,595258.0,-176003.0,4435,1.923,58.9,-15055.86,65976.13,50920.27
SF12179,Andhra Pradesh,Krishna,Cotton,Zaid,5.46,372.9,26.2,59.2,7.9,6.59,27.9,123.1,60.6,107.1,Rainfed,53.6,7.6,0.84,1.52,8.3,56820,299728,471606.0,171878.0,2043,4.063,34.1,31479.49,54895.24,86374.73
SF12180,Madhya Pradesh,Rajkot,Wheat,Kharif,10.59,886.7,24.0,65.2,6.4,7.52,35.3,103.2,72.1,98.7,Drip,211.4,6.31,0.66,1.44,15.25,21179,831091,322980.0,-508111.0,3804,4.009,32.5,-47980.26,78478.85,30498.58
SF12181,Tamil Nadu,Erode,Cotton,Rabi,12.67,635.3,24.4,65.1,6.6,6.54,16.3,64.8,63.8,82.1,Rainfed,127.0,3.84,0.8,1.51,19.13,72972,721783,1395954.0,674171.0,6634,2.884,45.6,53210.02,56967.88,110177.9
SF12182,Maharashtra,Guntur,Wheat,Rabi,7.39,766.6,22.6,79.1,9.6,7.47,24.0,163.6,37.3,99.6,Sprinkler,223.4,2.02,0.97,1.51,11.16,26423,496151,294881.0,-201270.0,3276,3.407,71.2,-27235.45,67138.16,39902.71
SF12183,Andhra Pradesh,Krishna,Rice,Kharif,14.72,812.4,29.3,72.9,7.1,7.73,34.5,123.5,62.9,61.7,Flood,264.8,5.01,0.82,1.01,14.87,21578,1297725,320865.0,-976860.0,25877,0.575,40.8,-66362.77,88160.67,21797.89
SF12184,Tamil Nadu,Raichur,Maize,Kharif,9.27,790.5,30.4,68.5,6.2,7.8,28.3,178.3,30.5,49.4,Rainfed,214.5,1.09,0.98,0.89,8.25,21179,492106,174727.0,-317379.0,3188,2.588,68.4,-34237.22,53085.87,18848.65
SF12185,Andhra Pradesh,Nashik,Rice,Kharif,1.57,817.6,28.5,49.9,5.1,6.95,31.6,137.6,66.3,118.3,Drip,181.4,4.71,0.98,4.99,7.83,21549,100174,168729.0,68555.0,2252,3.477,47.5,43665.61,63805.1,107470.7
SF12186,Madhya Pradesh,Raichur,Cotton,Rabi,5.56,643.8,21.9,76.4,9.1,6.51,24.7,90.3,39.5,200.0,Drip,266.4,5.59,0.89,2.08,11.56,77058,460744,890790.0,430046.0,3721,3.107,58.4,77346.4,82867.63,160214.03
SF12187,Gujarat,Ludhiana,Chilli,Rabi,7.33,517.8,18.7,55.2,7.3,6.75,22.6,186.0,68.4,77.9,Sprinkler,206.4,7.83,0.92,2.14,15.69,92812,568583,1456220.0,887637.0,4400,3.566,32.2,121096.45,77569.3,198665.76
SF12188,Madhya Pradesh,Krishna,Wheat,Rabi,1.16,323.3,23.5,62.7,8.8,6.99,21.0,108.0,33.2,146.2,Rainfed,233.9,6.77,0.96,2.07,2.4,28707,78315,68897.0,-9418.0,399,6.015,42.3,-8118.97,67512.93,59393.97
SF12189,Maharashtra,Rajkot,Wheat,Rabi,12.92,268.2,23.8,50.2,8.2,7.75,18.5,173.1,60.0,80.4,Flood,188.3,6.78,0.95,0.71,9.17,26655,907116,244426.0,-662690.0,8511,1.077,29.5,-51291.8,70210.22,18918.42
SF12190,Karnataka,Rajkot,Pulses,Kharif,3.18,829.6,27.4,71.6,8.0,7.08,37.2,132.6,89.1,134.4,Drip,103.7,2.81,0.95,1.75,5.56,70096,198275,389734.0,191459.0,1044,5.326,62.5,60207.23,62350.63,122557.86
SF12191,Tamil Nadu,Erode,Pulses,Zaid,14.62,421.0,34.5,50.6,8.2,7.01,27.0,136.1,63.4,124.3,Sprinkler,242.8,3.36,0.69,0.96,14.04,68807,940215,966050.0,25835.0,5924,2.37,49.8,1767.1,64310.19,66077.29
SF12192,Madhya Pradesh,Nashik,Groundnut,Kharif,7.88,488.1,28.9,84.3,5.2,6.81,36.0,81.4,69.4,156.2,Rainfed,255.5,6.54,0.79,2.08,16.39,44714,555251,732862.0,177611.0,2013,8.142,45.1,22539.47,70463.32,93002.79
SF12193,Gujarat,Ludhiana,Cotton,Kharif,2.3,1007.9,26.8,55.1,6.7,6.76,29.0,146.9,71.6,54.5,Drip,133.2,4.94,0.91,2.09,4.81,60025,160630,288720.0,128090.0,1416,3.397,41.4,55691.3,69839.13,125530.43
SF12194,Punjab,Nalgonda,Sugarcane,Kharif,11.32,650.2,25.1,75.1,7.2,5.2,32.2,98.9,45.1,116.3,Sprinkler,192.0,7.31,0.67,4.86,55.02,3042,767188,167371.0,-599817.0,19323,2.847,44.8,-52987.37,67772.79,14785.42
SF12195,Punjab,Guntur,Groundnut,Rabi,12.7,722.6,22.4,58.6,9.2,6.8,26.5,136.8,67.9,97.7,Flood,269.3,8.92,0.69,1.72,21.84,52866,1057085,1154593.0,97508.0,7605,2.872,24.6,7677.8,83235.04,90912.83
SF12196,Madhya Pradesh,Raichur,Wheat,Kharif,9.92,1015.2,29.5,74.8,7.0,7.05,30.7,86.4,33.9,76.6,Flood,307.6,6.01,0.96,2.34,23.21,24869,719712,577209.0,-142503.0,5925,3.917,68.8,-14365.22,72551.61,58186.39
SF12197,Punjab,Rajkot,Cotton,Rabi,2.05,138.2,23.4,77.0,5.8,6.67,26.2,123.8,39.8,101.3,Rainfed,266.8,2.51,0.86,1.19,2.44,76986,131002,187846.0,56844.0,940,2.596,56.5,27728.78,63903.41,91632.2
SF12198,Gujarat,Krishna,Sugarcane,Rabi,11.92,129.2,18.9,49.2,8.1,7.1,27.5,121.3,34.7,102.2,Drip,242.5,6.9,0.82,37.88,451.53,3792,900341,1712202.0,811861.0,20628,21.889,20.9,68109.14,75531.96,143641.11
SF12199,Telangana,Ludhiana,Cotton,Rabi,3.34,379.2,21.5,55.5,4.7,6.32,33.8,123.1,55.3,95.0,Rainfed,165.2,5.16,0.79,1.14,3.81,68276,221021,260132.0,39111.0,1412,2.698,31.4,11709.88,66173.95,77883.83
SF12200,Karnataka,Rajkot,Rice,Kharif,7.66,900.0,30.6,73.6,5.7,7.38,37.9,132.8,64.7,161.5,Rainfed,237.6,8.25,0.92,2.01,15.4,20367,478927,313652.0,-165275.0,5638,2.731,42.0,-21576.37,62523.11,40946.74
SF12201,Gujarat,Guntur,Wheat,Rabi,7.3,744.2,24.9,73.2,8.6,5.79,27.4,149.6,60.1,80.6,Sprinkler,92.3,6.19,0.94,1.22,8.91,22452,507038,200047.0,-306991.0,4246,2.098,37.5,-42053.56,69457.26,27403.7
SF12202,Tamil Nadu,Rajkot,Rice,Rabi,2.24,239.6,24.4,58.9,7.0,8.19,22.6,166.0,55.2,94.0,Flood,88.9,5.74,0.66,0.3,0.67,19607,143692,13137.0,-130555.0,4142,0.162,32.8,-58283.48,64148.21,5864.73
SF12203,Punjab,Nashik,Rice,Rabi,6.96,434.7,25.6,70.2,8.5,5.85,24.3,90.7,55.3,122.0,Flood,125.1,3.49,0.71,1.45,10.09,22122,397330,223211.0,-174119.0,13104,0.77,57.7,-25017.1,57087.64,32070.55
SF12204,Telangana,Ludhiana,Chilli,Rabi,10.96,151.0,23.3,52.0,5.5,6.33,21.0,126.2,81.9,123.2,Rainfed,158.6,5.01,0.68,1.6,17.54,109739,797266,1924822.0,1127556.0,3999,4.386,10.3,102879.2,72743.25,175622.45
SF12205,Andhra Pradesh,Rajkot,Rice,Rabi,1.34,723.1,20.3,43.9,9.4,5.79,24.5,108.6,70.4,81.8,Flood,252.7,5.97,0.96,1.08,1.45,23290,97838,33770.0,-64068.0,2535,0.572,33.1,-47811.94,73013.43,25201.49
SF12206,Telangana,Warangal,Maize,Rabi,14.88,344.0,25.0,73.0,7.4,7.08,23.9,187.0,75.1,114.3,Drip,173.8,3.71,0.87,2.815,41.89,22652,967300,948892.0,-18408.0,6636,6.313,49.4,-1237.1,65006.72,63769.62
SF12207,Telangana,Nalgonda,Wheat,Kharif,13.14,1014.4,26.1,75.4,5.7,7.05,25.9,137.6,85.7,93.9,Flood,244.0,9.05,0.74,3.06,40.21,19535,1182170,785502.0,-396668.0,9763,4.119,36.5,-30187.82,89967.28,59779.45
SF12208,Gujarat,Rajkot,Sugarcane,Kharif,11.86,493.2,25.9,72.7,8.2,6.7,21.7,124.0,63.5,101.7,Rainfed,195.2,5.28,0.7,49.02,581.38,3533,933290,2054016.0,1120726.0,10873,53.47,44.0,94496.29,78692.24,173188.53
SF12209,Punjab,Erode,Rice,Rabi,10.68,220.1,22.1,58.5,7.3,6.54,23.5,139.7,72.5,99.7,Rainfed,270.4,3.65,0.7,2.17,23.18,23729,653891,550038.0,-103853.0,8501,2.727,30.0,-9724.06,61225.75,51501.69
SF12210,Maharashtra,Ludhiana,Wheat,Rabi,12.96,80.0,21.1,38.0,8.5,6.75,12.7,123.3,73.3,115.5,Rainfed,218.3,6.74,0.97,2.01,26.05,24254,789561,631817.0,-157744.0,4229,6.16,34.2,-12171.6,60922.92,48751.31
SF12211,Andhra Pradesh,Raichur,Wheat,Rabi,14.27,347.6,22.7,54.4,7.9,5.2,21.2,121.8,57.3,126.2,Drip,290.6,5.82,0.81,0.3,4.28,23948,1097692,102497.0,-995195.0,6506,0.658,42.5,-69740.36,76923.06,7182.69
SF12212,Karnataka,Raichur,Rice,Kharif,10.65,676.9,24.1,72.1,5.3,6.41,30.0,98.3,48.2,105.6,Rainfed,140.1,6.3,0.78,3.38,36.0,19524,734173,702864.0,-31309.0,8316,4.329,45.1,-2939.81,68936.43,65996.62
SF12213,Gujarat,Guntur,Cotton,Kharif,0.9,1075.5,33.4,69.8,5.3,6.93,25.4,59.0,30.0,99.6,Rainfed,127.1,6.3,0.82,0.81,0.73,62075,52058,45315.0,-6743.0,332,2.199,52.2,-7492.22,57842.22,50350.0
SF12214,Telangana,Nashik,Pulses,Kharif,14.64,504.1,30.0,61.8,7.3,7.7,37.0,145.7,44.0,148.3,Drip,152.6,4.69,0.99,0.45,6.59,84804,900322,558858.0,-341464.0,4329,1.522,53.5,-23324.04,61497.4,38173.36
SF12215,Madhya Pradesh,Indore,Pulses,Kharif,4.66,1193.5,27.3,81.0,6.7,6.81,26.6,145.2,83.8,111.0,Drip,220.7,2.0,0.69,1.58,7.36,64519,336955,474860.0,137905.0,1300,5.662,69.5,29593.35,72307.94,101901.29
SF12216,Andhra Pradesh,Warangal,Rice,Rabi,10.41,578.9,24.0,53.2,5.9,6.68,17.1,127.6,66.2,85.1,Rainfed,282.7,2.93,0.74,3.62,37.68,21534,806130,811401.0,5271.0,7422,5.077,57.5,506.34,77438.04,77944.38
SF12217,Punjab,Erode,Wheat,Kharif,12.12,806.9,29.2,71.4,6.9,8.18,34.3,94.7,61.9,102.6,Flood,116.1,3.28,0.69,0.3,3.64,23250,706041,84630.0,-621411.0,7280,0.5,65.2,-51271.53,58254.21,6982.67
SF12218,Gujarat,Nalgonda,Groundnut,Rabi,11.29,482.5,21.5,63.3,8.8,6.72,29.6,124.9,68.6,54.7,Flood,115.2,0.5,0.88,1.58,17.84,52808,536772,942095.0,405323.0,7631,2.338,51.1,35901.06,47544.02,83445.08
SF12219,Tamil Nadu,Warangal,Maize,Zaid,6.72,525.7,32.3,53.7,7.2,6.23,13.9,117.8,64.9,86.4,Flood,252.5,9.32,0.96,2.32,15.59,21682,494726,338022.0,-156704.0,4684,3.328,34.6,-23319.05,73619.94,50300.89
SF12220,Punjab,Nashik,Rice,Rabi,8.12,603.3,20.3,63.3,7.7,6.78,28.4,143.5,50.1,30.0,Rainfed,134.5,5.97,0.86,3.11,25.25,21575,512275,544769.0,32494.0,7378,3.422,39.4,4001.72,63088.05,67089.78
SF12221,Tamil Nadu,Warangal,Wheat,Kharif,2.56,792.7,28.0,82.0,6.9,7.03,28.5,146.5,48.2,122.6,Rainfed,152.0,1.84,0.71,3.21,8.22,23405,208920,192389.0,-16531.0,676,12.16,68.6,-6457.42,81609.38,75151.95
SF12222,Tamil Nadu,Warangal,Rice,Zaid,2.73,444.7,28.2,50.0,8.1,5.68,18.1,156.3,62.7,151.4,Flood,171.3,1.65,0.8,1.11,3.03,22236,160169,67375.0,-92794.0,4547,0.666,46.5,-33990.48,58669.96,24679.49
SF12223,Tamil Nadu,Ludhiana,Pulses,Rabi,3.8,440.6,22.1,56.4,7.5,7.57,17.6,148.3,96.5,79.4,Rainfed,179.5,3.97,0.89,0.46,1.75,57972,216203,101451.0,-114752.0,902,1.94,50.8,-30197.89,56895.53,26697.63
SF12224,Punjab,Erode,Chilli,Zaid,3.32,377.2,33.0,56.5,7.2,8.28,25.6,117.4,53.6,135.2,Rainfed,152.4,8.57,0.93,0.3,1.0,120295,235037,120295.0,-114742.0,1129,0.886,31.8,-34560.84,70794.28,36233.43
SF12225,Punjab,Rajkot,Cotton,Rabi,9.04,439.1,25.8,41.7,9.3,6.04,17.9,143.4,41.9,122.3,Sprinkler,192.9,4.07,0.82,1.11,10.03,70309,647444,705199.0,57755.0,7441,1.348,54.0,6388.83,71619.91,78008.74
SF12226,Telangana,Nashik,Rice,Kharif,2.68,695.3,25.4,80.3,6.8,7.2,26.6,122.0,45.7,80.7,Drip,145.8,5.76,0.89,3.6,9.65,22611,159200,218196.0,58996.0,3808,2.534,64.5,22013.43,59402.99,81416.42
SF12227,Andhra Pradesh,Ludhiana,Rice,Zaid,9.57,631.6,32.8,59.4,7.8,6.1,30.2,140.7,67.5,87.6,Rainfed,150.8,5.81,0.85,2.04,19.52,21627,742574,422159.0,-320415.0,8234,2.371,46.5,-33481.19,77593.94,44112.75
SF12228,Telangana,Indore,Rice,Kharif,10.85,946.0,27.9,72.0,6.4,6.62,29.4,65.7,61.5,130.1,Rainfed,251.0,2.89,0.85,4.1,44.48,23578,731670,1048749.0,317079.0,9934,4.478,73.7,29223.87,67435.02,96658.89
SF12229,Karnataka,Guntur,Sugarcane,Zaid,5.17,311.8,30.9,48.8,7.3,7.19,22.9,139.3,73.7,119.9,Flood,117.7,7.08,1.0,34.85,180.17,3801,300989,684826.0,383837.0,13077,13.778,20.6,74243.13,58218.38,132461.51
SF12230,Telangana,Indore,Rice,Kharif,5.31,653.8,24.3,65.6,8.5,5.99,33.2,124.8,74.6,93.4,Drip,205.3,6.46,0.72,2.3,12.21,21645,342500,264285.0,-78215.0,7440,1.641,36.8,-14729.76,64500.94,49771.19
SF12231,Tamil Nadu,Raichur,Rice,Rabi,10.73,862.8,22.3,55.9,9.7,6.88,24.5,88.3,71.2,52.4,Drip,221.9,0.77,0.78,3.1,33.26,24006,639745,798440.0,158695.0,12494,2.662,63.6,14789.84,59622.09,74411.93
SF12232,Tamil Nadu,Guntur,Groundnut,Kharif,2.14,910.2,29.8,62.8,8.4,6.38,27.9,51.4,85.8,95.9,Rainfed,187.0,4.6,0.92,1.4,3.0,40503,146512,121509.0,-25003.0,552,5.435,50.3,-11683.64,68463.55,56779.91
SF12233,Telangana,Krishna,Wheat,Kharif,2.72,1164.7,28.5,53.3,6.7,7.31,29.6,112.9,51.3,86.7,Sprinkler,97.9,2.52,0.81,1.83,4.98,21346,159216,106303.0,-52913.0,1346,3.7,64.5,-19453.31,58535.29,39081.99
SF12234,Andhra Pradesh,Raichur,Chilli,Kharif,13.39,745.8,30.0,72.1,6.0,6.45,35.4,89.4,57.2,81.6,Drip,158.9,5.75,0.97,2.81,37.63,103552,835570,3896662.0,3061092.0,5980,6.293,54.9,228610.31,62402.54,291012.85
SF12235,Gujarat,Erode,Cotton,Rabi,10.31,390.5,26.0,55.2,9.3,5.4,22.6,118.2,52.6,118.9,Sprinkler,90.2,6.44,0.73,0.3,3.09,70282,610860,217171.0,-393689.0,8645,0.357,37.2,-38185.16,59249.27,21064.11
SF12236,Telangana,Krishna,Rice,Kharif,7.62,916.2,27.1,73.7,5.9,7.01,35.5,166.4,49.4,107.3,Drip,144.6,3.81,0.99,4.07,31.01,25657,548585,795624.0,247039.0,9251,3.352,65.2,32419.82,71992.78,104412.6
SF12237,Punjab,Rajkot,Chilli,Kharif,12.74,723.4,26.2,69.0,7.1,6.85,26.4,132.9,90.9,137.5,Flood,186.3,4.52,0.77,3.9,49.69,101780,712027,5057448.0,4345421.0,10398,4.779,52.3,341084.85,55889.09,396973.94
SF12238,Maharashtra,Ludhiana,Maize,Rabi,2.04,505.3,24.0,42.1,9.3,7.16,22.0,125.4,73.3,76.5,Rainfed,231.6,2.98,0.89,2.88,5.88,19480,134984,114542.0,-20442.0,571,10.298,47.1,-10020.59,66168.63,56148.04
SF12239,Punjab,Erode,Maize,Zaid,1.39,424.2,35.3,63.3,6.2,6.66,8.8,125.5,60.9,139.2,Flood,305.7,8.4,0.79,3.11,4.32,26189,122903,113136.0,-9767.0,775,5.574,32.4,-7026.62,88419.42,81392.81
SF12240,Telangana,Rajkot,Wheat,Kharif,1.09,842.7,24.4,76.5,9.6,7.24,31.3,86.9,94.3,127.9,Drip,283.9,6.62,0.86,2.59,2.82,25917,84299,73086.0,-11213.0,467,6.039,48.8,-10287.16,77338.53,67051.38
SF12241,Karnataka,Warangal,Wheat,Kharif,14.15,668.0,29.9,61.3,7.3,6.84,24.1,160.4,53.7,94.7,Flood,277.2,2.67,0.68,3.52,49.81,22824,1014587,1136863.0,122276.0,8920,5.584,63.8,8641.41,71702.26,80343.67
SF12242,Tamil Nadu,Rajkot,Rice,Kharif,9.24,821.8,27.9,62.8,7.5,6.85,33.3,136.8,51.0,121.6,Sprinkler,155.5,6.19,0.91,3.59,33.17,23637,615899,784039.0,168140.0,12468,2.66,66.4,18196.97,66655.74,84852.71
SF12243,Tamil Nadu,Guntur,Chilli,Kharif,14.43,844.8,30.5,51.9,6.6,6.2,26.5,179.4,46.8,100.3,Rainfed,190.3,6.0,0.74,1.79,25.83,96368,939685,2489185.0,1549500.0,5819,4.439,36.7,107380.46,65120.24,172500.69
SF12244,Karnataka,Nashik,Wheat,Kharif,8.16,843.4,31.8,62.9,7.3,6.63,30.9,146.0,41.7,113.9,Rainfed,166.0,6.09,0.85,2.82,23.01,20996,522176,483118.0,-39058.0,2155,10.677,53.8,-4786.52,63992.16,59205.64
SF12245,Maharashtra,Erode,Wheat,Kharif,1.97,724.7,33.4,74.8,7.0,5.85,31.7,108.8,60.6,85.8,Sprinkler,64.4,7.78,0.82,1.06,2.09,23547,117975,49213.0,-68762.0,1013,2.063,43.0,-34904.57,59885.79,24981.22
SF12246,Maharashtra,Nashik,Wheat,Kharif,6.0,657.2,23.6,78.8,6.8,7.38,27.3,123.9,62.8,103.0,Flood,130.5,5.85,0.84,1.73,10.38,22650,395225,235107.0,-160118.0,4401,2.359,34.5,-26686.33,65870.83,39184.5
SF12247,Andhra Pradesh,Rajkot,Rice,Kharif,6.31,840.6,29.7,50.1,8.3,7.23,24.6,88.6,42.2,93.0,Flood,141.4,7.4,0.69,2.05,12.94,23916,408010,309473.0,-98537.0,11411,1.134,47.2,-15616.01,64660.86,49044.85
SF12248,Karnataka,Rajkot,Wheat,Kharif,12.22,1356.9,33.7,82.5,5.8,6.14,23.9,127.3,65.8,100.3,Flood,290.6,2.57,0.89,1.26,15.4,22754,1057159,350412.0,-706747.0,8040,1.915,78.3,-57835.27,86510.56,28675.29
SF12249,Maharashtra,Nashik,Sugarcane,Kharif,0.64,987.8,25.0,65.1,6.0,6.78,44.9,166.3,75.1,81.2,Drip,100.7,0.5,0.98,77.25,49.44,3353,39393,165772.0,126379.0,1055,46.863,66.7,197467.19,61551.56,259018.75
SF12250,Maharashtra,Indore,Rice,Kharif,9.48,800.9,29.2,76.5,7.5,6.64,25.8,89.5,47.8,134.6,Flood,254.2,8.05,0.65,4.78,45.31,24784,736214,1122963.0,386749.0,17411,2.602,57.5,40796.31,77659.7,118456.01
SF12251,Telangana,Indore,Groundnut,Zaid,14.04,220.2,32.6,68.7,9.2,6.36,14.9,154.1,51.1,144.6,Drip,136.6,6.79,0.66,1.46,20.5,60972,813051,1249926.0,436875.0,5320,3.853,33.6,31116.45,57909.62,89026.07
SF12252,Karnataka,Krishna,Maize,Rabi,7.0,360.5,26.0,70.9,7.9,7.03,33.3,90.6,61.5,44.6,Rainfed,281.0,7.86,0.76,3.23,22.61,23685,536532,535518.0,-1014.0,2225,10.162,34.5,-144.86,76647.43,76502.57
SF12253,Telangana,Indore,Rice,Zaid,7.29,575.7,32.6,37.3,9.2,6.4,15.3,114.2,28.6,82.3,Sprinkler,176.8,10.36,0.83,2.95,21.51,23273,484968,500602.0,15634.0,9559,2.25,19.1,2144.58,66525.1,68669.68
SF12254,Punjab,Nashik,Rice,Rabi,7.59,763.9,29.5,69.2,8.8,6.84,22.9,168.4,47.4,91.3,Drip,40.0,5.64,0.83,4.19,31.8,21956,373874,698201.0,324327.0,10346,3.074,54.3,42730.83,49258.76,91989.59
SF12255,Andhra Pradesh,Rajkot,Rice,Kharif,12.19,743.2,24.9,62.3,7.6,6.9,34.2,176.9,42.1,134.3,Rainfed,107.9,8.49,0.78,4.51,54.98,22808,699119,1253984.0,554865.0,8749,6.284,36.6,45518.05,57351.85,102869.89
SF12256,Maharashtra,Nashik,Cotton,Kharif,4.77,731.7,30.5,71.3,8.3,7.66,32.5,154.2,64.2,150.3,Flood,259.1,5.23,0.83,0.81,3.86,60361,319255,232993.0,-86262.0,4274,0.903,55.9,-18084.28,66929.77,48845.49
SF12257,Telangana,Nalgonda,Groundnut,Kharif,5.18,581.6,26.1,61.8,6.2,6.43,36.0,139.9,65.1,100.3,Flood,210.6,7.31,0.7,2.2,11.4,47810,375713,545034.0,169321.0,3500,3.257,45.7,32687.45,72531.47,105218.92
SF12258,Gujarat,Guntur,Groundnut,Kharif,12.88,835.9,25.5,72.5,6.2,6.04,28.2,78.2,63.4,118.8,Flood,232.8,7.88,0.94,1.15,14.81,54156,771206,802050.0,30844.0,8695,1.703,53.6,2394.72,59876.24,62270.96
SF12259,Madhya Pradesh,Indore,Pulses,Kharif,13.61,878.1,29.1,67.7,6.5,7.98,37.2,143.1,37.0,142.3,Drip,94.6,5.58,0.72,0.3,4.08,72488,824795,295751.0,-529044.0,4663,0.875,50.8,-38871.71,60602.13,21730.42
SF12260,Tamil Nadu,Rajkot,Rice,Rabi,7.79,489.5,27.3,55.9,8.7,6.19,27.0,138.6,68.5,129.5,Drip,165.5,5.9,0.88,3.2,24.93,18442,487162,459759.0,-27403.0,9422,2.646,29.8,-3517.72,62536.84,59019.13
SF12261,Andhra Pradesh,Rajkot,Rice,Rabi,6.16,149.4,20.6,77.6,8.3,5.45,20.9,95.7,65.9,135.2,Sprinkler,231.2,5.49,0.69,0.38,2.34,19916,409092,46603.0,-362489.0,8439,0.277,41.1,-58845.62,66411.04,7565.42
SF12262,Maharashtra,Guntur,Groundnut,Rabi,6.0,105.6,21.0,50.7,8.1,7.66,29.5,155.3,63.3,54.2,Flood,249.9,3.16,0.8,0.4,2.4,59317,424940,142361.0,-282579.0,4151,0.578,45.7,-47096.5,70823.33,23726.83
SF12263,Karnataka,Rajkot,Wheat,Kharif,4.66,849.1,27.2,60.8,6.4,7.26,32.7,102.0,63.5,107.9,Drip,40.0,6.15,0.65,2.5,11.65,26512,265269,308865.0,43596.0,2154,5.409,36.9,9355.36,56924.68,66280.04
SF12264,Punjab,Nashik,Wheat,Rabi,13.95,294.4,25.1,53.3,7.5,6.78,21.2,118.8,85.3,172.6,Flood,216.4,6.1,0.85,2.91,40.59,24210,1024002,982684.0,-41318.0,8967,4.527,25.3,-2961.86,73405.16,70443.3
SF12265,Punjab,Warangal,Chilli,Rabi,3.34,551.9,24.1,59.9,6.9,6.37,27.7,72.3,80.6,111.5,Rainfed,134.3,1.78,0.95,1.93,6.45,112694,200723,726876.0,526153.0,1195,5.397,50.2,157530.84,60096.71,217627.54
SF12266,Maharashtra,Ludhiana,Rice,Rabi,2.8,431.6,27.7,52.3,8.1,6.75,23.6,179.7,15.0,112.5,Drip,91.2,4.13,0.83,3.77,10.56,23521,145440,248382.0,102942.0,3195,3.305,42.1,36765.0,51942.86,88707.86
SF12267,Telangana,Erode,Rice,Zaid,4.15,80.0,29.0,37.8,8.8,6.19,22.7,135.3,37.9,90.2,Flood,212.6,3.41,0.98,1.62,6.72,18804,304168,126363.0,-177805.0,8303,0.809,41.5,-42844.58,73293.49,30448.92
SF12268,Madhya Pradesh,Krishna,Pulses,Rabi,14.23,372.4,24.3,58.4,6.7,5.54,28.7,145.2,50.3,121.4,Rainfed,229.0,1.99,0.66,0.3,4.27,68010,960704,290403.0,-670301.0,3035,1.407,43.0,-47104.78,67512.58,20407.8
SF12269,Karnataka,Warangal,Wheat,Kharif,11.95,853.3,26.1,75.6,5.6,7.47,28.7,125.7,71.9,89.1,Flood,189.2,3.0,0.77,1.55,18.52,25613,799247,474353.0,-324894.0,7935,2.334,59.2,-27187.78,66882.59,39694.81
SF12270,Maharashtra,Raichur,Pulses,Zaid,14.55,80.0,28.9,58.0,9.2,6.58,26.1,104.7,66.0,140.5,Flood,220.6,4.9,0.91,0.92,13.39,59846,1063120,801338.0,-261782.0,7973,1.679,36.3,-17991.89,73066.67,55074.78
SF12271,Madhya Pradesh,Ludhiana,Maize,Kharif,10.14,952.1,27.3,72.8,5.3,7.36,33.1,126.4,55.0,81.0,Flood,255.3,6.0,0.8,2.17,22.0,17260,832199,379720.0,-452479.0,6616,3.325,53.9,-44623.18,82070.91,37447.73
SF12272,Andhra Pradesh,Krishna,Rice,Rabi,10.03,528.5,22.6,64.0,6.8,6.72,32.7,75.6,55.5,71.0,Sprinkler,150.1,4.24,0.92,2.79,27.98,25537,588315,714525.0,126210.0,16550,1.691,47.0,12583.25,58655.53,71238.78
SF12273,Telangana,Ludhiana,Rice,Kharif,10.48,1149.9,32.2,89.4,5.8,6.56,37.1,78.8,67.5,100.5,Flood,130.4,5.82,0.68,2.63,27.56,21324,667816,587689.0,-80127.0,19573,1.408,70.0,-7645.71,63722.9,56077.19
SF12274,Andhra Pradesh,Ludhiana,Maize,Kharif,6.96,576.4,28.4,56.6,7.3,7.69,29.9,109.0,78.6,81.4,Drip,119.4,6.05,0.79,1.69,11.76,19419,444388,228367.0,-216021.0,3375,3.484,51.2,-31037.5,63848.85,32811.35
SF12275,Andhra Pradesh,Nalgonda,Chilli,Rabi,5.52,471.6,26.8,61.8,10.2,5.69,36.2,97.0,35.8,101.2,Sprinkler,247.5,0.5,0.9,0.68,3.75,97462,347778,365482.0,17704.0,2938,1.276,63.4,3207.25,63003.26,66210.51
SF12276,Maharashtra,Guntur,Cotton,Zaid,6.51,235.9,29.4,54.9,7.4,7.95,22.6,157.3,47.0,90.7,Flood,231.3,6.79,0.97,0.97,6.31,69401,534671,437920.0,-96751.0,6824,0.925,34.2,-14861.9,82130.72,67268.82
SF12277,Maharashtra,Nalgonda,Maize,Rabi,5.43,80.0,24.0,56.0,5.5,7.24,29.8,111.6,41.0,71.9,Drip,40.0,4.54,0.96,2.47,13.41,23239,315613,311635.0,-3978.0,2279,5.884,36.1,-732.6,58123.94,57391.34
SF12278,Punjab,Erode,Cotton,Kharif,12.01,724.5,31.3,66.0,7.0,6.32,31.0,119.2,64.9,141.8,Rainfed,142.4,3.78,0.99,1.9,22.82,71188,747723,1624510.0,876787.0,4809,4.745,48.0,73004.75,62258.37,135263.11
SF12279,Punjab,Indore,Sugarcane,Kharif,1.99,485.9,31.1,77.7,7.4,6.75,37.4,90.7,65.7,84.8,Sprinkler,150.9,2.86,0.74,70.59,140.47,3048,132985,428153.0,295168.0,4070,34.514,64.6,148325.63,66826.63,215152.26
SF12280,Telangana,Krishna,Rice,Rabi,7.39,490.8,21.7,44.5,5.4,5.64,23.0,104.3,72.3,85.9,Flood,174.7,7.39,0.89,0.86,6.36,21482,528800,136626.0,-392174.0,13923,0.457,29.5,-53068.2,71556.16,18487.96
SF12281,Punjab,Warangal,Sugarcane,Rabi,8.18,517.5,25.4,57.0,8.1,6.74,24.0,138.5,69.0,102.3,Flood,187.9,5.1,0.9,62.43,510.68,3884,529052,1983481.0,1454429.0,20305,25.15,36.0,177803.06,64676.28,242479.34
SF12282,Madhya Pradesh,Nalgonda,Maize,Zaid,12.65,80.0,29.7,46.8,7.8,7.85,20.2,117.1,56.3,112.6,Sprinkler,69.5,4.97,0.79,0.53,6.7,23670,649709,158589.0,-491120.0,6364,1.053,28.8,-38823.72,51360.4,12536.68
SF12283,Maharashtra,Guntur,Sugarcane,Rabi,12.34,504.5,20.4,51.3,8.0,7.09,19.3,163.1,59.4,136.2,Rainfed,195.9,5.66,0.65,50.85,627.49,4218,678865,2646753.0,1967888.0,11017,56.957,26.2,159472.29,55013.37,214485.66
SF12284,Gujarat,Raichur,Wheat,Rabi,12.74,611.1,22.9,66.4,6.8,8.4,22.9,130.1,61.8,145.9,Rainfed,132.7,3.15,0.73,0.3,3.82,27704,781389,105829.0,-675560.0,3521,1.085,46.8,-53026.69,61333.52,8306.83
SF12285,Karnataka,Ludhiana,Pulses,Kharif,3.02,1152.8,30.2,64.6,6.0,6.54,36.3,86.8,90.7,87.1,Rainfed,94.4,0.78,0.99,0.87,2.63,73320,173844,192832.0,18988.0,629,4.181,51.2,6287.42,57564.24,63851.66
SF12286,Madhya Pradesh,Guntur,Groundnut,Kharif,6.0,825.7,25.2,79.8,6.9,6.12,26.4,88.7,67.0,78.0,Drip,108.2,7.95,0.67,1.63,9.78,63497,334726,621001.0,286275.0,2763,3.54,44.8,47712.5,55787.67,103500.17
SF12287,Gujarat,Nashik,Wheat,Rabi,6.67,141.7,26.9,57.6,6.4,5.96,23.1,153.1,79.8,50.5,Drip,106.7,0.85,0.88,1.34,8.94,20474,373520,183038.0,-190482.0,3125,2.861,57.2,-28558.02,56000.0,27441.98
SF12288,Punjab,Guntur,Wheat,Rabi,6.95,80.0,24.4,66.8,8.9,5.91,17.3,113.5,57.9,74.5,Rainfed,191.7,3.63,0.88,0.82,5.7,23523,418252,134081.0,-284171.0,2427,2.349,38.4,-40887.91,60180.14,19292.23
SF12289,Telangana,Nalgonda,Pulses,Kharif,11.01,850.7,29.0,79.4,6.6,6.6,32.0,171.7,64.7,125.6,Flood,155.6,4.86,0.87,1.92,21.14,69874,577399,1477136.0,899737.0,4914,4.302,71.4,81719.98,52443.14,134163.12
SF12290,Maharashtra,Nalgonda,Rice,Zaid,1.89,289.04999999999995,34.8,57.8,10.4,7.14,20.6,84.7,102.4,117.2,Rainfed,159.5,4.07,0.89,1.67,3.16,23100,103869,72996.0,-30873.0,1369,2.308,41.3,-16334.92,54957.14,38622.22
SF12291,Tamil Nadu,Erode,Cotton,Kharif,12.39,727.6,30.5,82.2,6.8,5.99,29.6,76.9,56.0,43.2,Flood,227.2,6.54,0.76,0.99,12.27,64357,916015,789660.0,-126355.0,12946,0.948,67.5,-10198.14,73931.8,63733.66
SF12292,Tamil Nadu,Krishna,Maize,Rabi,9.44,443.2,19.3,50.6,8.3,7.48,26.1,175.2,60.3,78.4,Flood,102.9,5.4,0.77,1.8,16.99,17425,652820,296051.0,-356769.0,7949,2.137,41.4,-37793.33,69154.66,31361.33
SF12293,Telangana,Nashik,Wheat,Rabi,3.95,520.3,28.5,53.2,7.1,7.02,26.9,179.6,34.1,100.0,Flood,197.7,6.2,0.72,3.31,13.07,24589,210050,321378.0,111328.0,2634,4.962,42.9,28184.3,53177.22,81361.52
SF12294,Andhra Pradesh,Erode,Groundnut,Kharif,11.52,985.7,29.4,89.8,5.2,6.8,37.9,130.8,59.2,132.6,Flood,185.7,3.79,0.89,1.88,21.66,51038,862775,1105483.0,242708.0,7052,3.071,61.1,21068.4,74893.66,95962.07
SF12295,Maharashtra,Rajkot,Sugarcane,Rabi,7.36,309.3,24.8,80.1,5.8,6.01,31.0,110.4,35.1,125.4,Rainfed,248.8,5.45,0.86,27.22,200.34,3170,439596,635078.0,195482.0,7844,25.541,47.8,26560.05,59727.72,86287.77
SF12296,Gujarat,Krishna,Wheat,Kharif,1.33,828.7,25.6,66.3,5.8,5.2,31.9,128.8,31.5,115.3,Flood,236.8,7.0,0.95,0.3,0.4,26330,88040,10532.0,-77508.0,978,0.409,42.1,-58276.69,66195.49,7918.8
SF12297,Tamil Nadu,Nashik,Cotton,Kharif,2.42,838.3,31.2,80.2,7.6,6.55,41.7,91.6,45.3,120.4,Drip,117.6,1.66,0.65,1.9,4.6,76706,133552,352848.0,219296.0,1775,2.592,82.3,90618.18,55186.78,145804.96
SF12298,Punjab,Guntur,Cotton,Zaid,3.3,139.6,25.6,57.0,7.6,7.03,21.9,105.8,59.9,98.1,Sprinkler,155.0,6.71,0.81,1.45,4.78,74129,172204,354337.0,182133.0,2476,1.931,30.7,55191.82,52183.03,107374.85
SF12299,Gujarat,Guntur,Rice,Rabi,8.97,265.1,24.0,55.6,6.2,5.94,24.1,124.9,66.0,117.1,Flood,201.0,7.41,0.66,1.39,12.47,20548,712730,256234.0,-456496.0,17384,0.717,23.3,-50891.42,79457.08,28565.66
SF12300,Madhya Pradesh,Ludhiana,Pulses,Kharif,2.66,578.1,30.7,75.7,6.8,6.57,32.7,92.5,69.6,118.6,Drip,310.7,1.54,0.96,1.6,4.26,71261,237308,303572.0,66264.0,791,5.386,59.6,24911.28,89213.53,114124.81
SF12301,Andhra Pradesh,Rajkot,Groundnut,Rabi,6.96,549.0,21.3,58.7,7.6,7.29,34.4,93.4,85.3,128.7,Flood,184.3,3.63,0.7,1.28,8.91,57542,380106,512699.0,132593.0,4470,1.993,51.9,19050.72,54612.93,73663.65
SF12302,Telangana,Nashik,Maize,Zaid,2.67,297.4,30.8,50.8,10.0,6.16,16.3,132.3,28.2,123.1,Sprinkler,217.4,5.29,0.78,2.4,6.41,20692,181111,132636.0,-48475.0,1644,3.899,28.1,-18155.43,67831.84,49676.4
SF12303,Gujarat,Warangal,Chilli,Kharif,8.92,936.2,29.8,80.8,6.7,7.05,29.1,143.2,52.7,87.9,Flood,187.1,8.3,1.0,2.11,18.82,96919,629166,1824016.0,1194850.0,5454,3.451,39.2,133951.79,70534.3,204486.1
SF12304,Punjab,Rajkot,Wheat,Kharif,13.92,581.1,27.9,84.5,6.5,7.65,25.6,148.9,71.2,141.7,Flood,235.0,5.35,0.86,1.09,15.17,20534,847514,311501.0,-536013.0,9969,1.522,63.4,-38506.68,60884.63,22377.95
SF12305,Maharashtra,Rajkot,Rice,Zaid,10.56,357.6,31.0,45.5,8.4,6.65,22.9,77.6,69.7,127.5,Flood,100.4,3.98,0.95,2.34,24.71,26828,678320,662920.0,-15400.0,22224,1.112,49.8,-1458.33,64234.85,62776.52
SF12306,Telangana,Guntur,Rice,Kharif,12.0,642.2,29.5,68.5,8.2,5.94,27.3,140.3,71.9,150.0,Flood,219.5,1.37,1.0,2.36,28.32,24146,799974,683815.0,-116159.0,24171,1.172,59.8,-9679.92,66664.5,56984.58
SF12307,Telangana,Warangal,Wheat,Kharif,10.16,835.1,31.6,76.1,8.5,7.0,35.4,95.6,35.8,104.9,Flood,216.0,6.21,0.66,2.76,28.04,26584,680492,745415.0,64923.0,7758,3.614,46.0,6390.06,66977.56,73367.62
SF12308,Punjab,Rajkot,Maize,Rabi,7.42,314.9,24.6,65.9,7.0,7.61,19.9,105.7,41.9,89.3,Sprinkler,124.4,3.81,0.68,1.12,8.31,19645,515004,163250.0,-351754.0,4199,1.979,58.9,-47406.2,69407.55,22001.35
SF12309,Madhya Pradesh,Ludhiana,Groundnut,Rabi,5.1,80.0,23.9,77.6,7.8,7.07,24.2,129.3,74.6,141.9,Rainfed,250.1,3.74,0.67,1.28,6.53,57659,368970,376513.0,7543.0,1607,4.063,41.0,1479.02,72347.06,73826.08
SF12310,Karnataka,Nalgonda,Maize,Kharif,14.54,1010.3,27.4,73.7,7.6,6.36,29.3,86.2,60.9,113.6,Drip,240.7,2.74,0.72,3.91,56.85,16950,983123,963608.0,-19515.0,6790,8.373,56.3,-1342.16,67615.06,66272.9
SF12311,Telangana,Erode,Wheat,Kharif,7.93,1016.7,25.2,68.8,6.3,6.01,23.8,62.2,87.8,151.4,Flood,168.1,5.23,0.79,1.74,13.8,21935,556803,302703.0,-254100.0,6682,2.065,59.6,-32042.88,70214.75,38171.88
SF12312,Madhya Pradesh,Nalgonda,Cotton,Rabi,4.74,443.9,26.3,56.0,6.2,7.6,21.2,141.7,45.8,96.9,Rainfed,198.7,4.71,0.81,0.6,2.84,78669,270580,223420.0,-47160.0,1994,1.424,41.4,-9949.37,57084.39,47135.02
SF12313,Maharashtra,Indore,Rice,Kharif,9.25,900.9,24.0,71.8,5.7,7.77,29.6,111.5,50.6,119.9,Rainfed,219.4,2.39,0.75,0.54,5.0,22110,649509,110550.0,-538959.0,7654,0.653,54.1,-58265.84,70217.19,11951.35
SF12314,Punjab,Ludhiana,Rice,Kharif,6.42,994.0,30.0,74.3,7.0,6.02,40.6,115.5,49.3,108.1,Rainfed,140.3,5.89,0.8,1.63,10.46,24260,375931,253760.0,-122171.0,5328,1.963,64.8,-19029.75,58556.23,39526.48
SF12315,Madhya Pradesh,Erode,Sugarcane,Kharif,2.65,883.2,29.0,90.0,7.1,5.2,28.5,151.1,72.3,104.5,Drip,147.1,7.56,0.96,5.22,13.83,3479,203037,48115.0,-154922.0,4456,3.104,55.9,-58461.13,76617.74,18156.6
SF12316,Telangana,Ludhiana,Cotton,Rabi,13.94,80.0,26.0,46.7,6.4,7.11,24.0,124.7,49.3,114.1,Rainfed,160.7,2.3,0.81,0.79,11.01,70367,839852,774741.0,-65111.0,5487,2.007,43.6,-4670.8,60247.63,55576.83
SF12317,Punjab,Ludhiana,Sugarcane,Rabi,6.29,376.4,25.7,41.7,7.6,6.13,25.7,138.1,31.8,95.7,Flood,177.6,0.5,0.93,41.16,258.9,3246,443773,840389.0,396616.0,14771,17.528,42.7,63055.01,70552.15,133607.15
SF12318,Tamil Nadu,Rajkot,Maize,Rabi,6.24,388.9,25.0,61.0,8.0,7.44,22.6,130.1,70.7,81.2,Flood,215.0,4.53,0.97,1.97,12.29,21611,503271,265599.0,-237672.0,4309,2.852,41.5,-38088.46,80652.4,42563.94
SF12319,Telangana,Indore,Rice,Kharif,14.11,708.3,28.3,55.1,6.8,6.62,27.6,169.1,68.5,106.1,Drip,325.1,4.44,0.9,5.7,80.43,26871,1107350,2161235.0,1053885.0,20729,3.88,41.8,74690.64,78479.8,153170.45
SF12320,Telangana,Warangal,Cotton,Kharif,0.71,720.1,26.1,69.3,8.0,6.14,34.9,60.4,69.7,120.5,Flood,41.9,7.85,0.81,1.51,1.07,62460,46195,66832.0,20637.0,592,1.807,51.5,29066.2,65063.38,94129.58
SF12321,Gujarat,Erode,Wheat,Rabi,6.74,448.7,24.2,54.6,9.1,6.1,22.4,119.5,39.7,100.4,Sprinkler,234.2,1.34,0.79,1.86,12.54,24174,445592,303142.0,-142450.0,3414,3.673,46.4,-21135.01,66111.57,44976.56
SF12322,Maharashtra,Indore,Pulses,Kharif,3.94,567.5,27.8,64.5,7.0,5.87,26.9,71.5,46.0,97.2,Sprinkler,247.1,3.48,0.73,0.54,2.13,62438,288294,132993.0,-155301.0,1534,1.389,58.8,-39416.5,73171.07,33754.57
SF12323,Madhya Pradesh,Indore,Groundnut,Rabi,6.81,337.5,22.4,61.5,7.7,6.8,23.5,139.4,67.0,130.9,Drip,275.4,5.43,0.69,2.07,14.1,49939,494974,704140.0,209166.0,3477,4.055,40.5,30714.54,72683.41,103397.94
SF12324,Maharashtra,Warangal,Rice,Rabi,6.99,729.7,20.5,59.7,7.3,7.67,23.6,120.3,30.6,108.2,Flood,188.9,3.79,0.93,0.79,5.52,23734,529362,131012.0,-398350.0,12677,0.435,55.2,-56988.56,75731.33,18742.78
SF12325,Karnataka,Nashik,Chilli,Kharif,10.46,806.3,28.0,78.0,7.9,6.39,38.4,140.7,62.7,100.8,Rainfed,179.8,0.5,0.82,2.45,25.63,103492,635838,2652500.0,2016662.0,3888,6.592,60.8,192797.51,60787.57,253585.09
SF12326,Telangana,Rajkot,Cotton,Kharif,7.26,1092.2,26.4,63.4,7.9,6.55,28.9,161.7,68.3,136.2,Drip,62.9,7.45,0.99,2.18,15.83,65219,404316,1032417.0,628101.0,5433,2.914,51.8,86515.29,55690.91,142206.2
SF12327,Gujarat,Nashik,Maize,Rabi,1.71,279.6,17.5,69.8,8.4,6.07,31.6,124.2,48.4,83.4,Rainfed,205.5,5.25,0.93,1.4,2.39,19136,96882,45735.0,-51147.0,620,3.855,36.8,-29910.53,56656.14,26745.61
SF12328,Madhya Pradesh,Rajkot,Maize,Kharif,4.73,641.6,28.2,58.1,7.6,5.52,27.1,91.8,79.6,170.0,Flood,216.7,5.21,0.99,0.83,3.93,22022,304764,86546.0,-218218.0,4162,0.944,43.3,-46134.88,64432.14,18297.25
SF12329,Madhya Pradesh,Nashik,Rice,Rabi,5.21,284.3,18.7,41.3,8.6,6.52,25.5,102.5,64.5,84.6,Rainfed,198.4,8.74,0.91,2.0,10.42,21204,344328,220946.0,-123382.0,4212,2.474,22.2,-23681.77,66089.83,42408.06
SF12330,Andhra Pradesh,Rajkot,Wheat,Kharif,0.57,719.7,28.5,54.5,5.6,7.14,27.9,105.4,49.3,126.9,Flood,165.2,7.19,0.88,2.39,1.36,27011,39044,36735.0,-2309.0,455,2.989,36.2,-4050.88,68498.25,64447.37
SF12331,Tamil Nadu,Indore,Rice,Kharif,8.23,699.7,30.0,71.9,7.0,7.97,30.3,108.0,74.1,87.3,Flood,164.2,5.22,0.81,0.47,3.87,19130,640286,74033.0,-566253.0,15798,0.245,59.9,-68803.52,77799.03,8995.5
SF12332,Maharashtra,Nashik,Chilli,Zaid,7.59,248.1,36.0,41.6,7.2,6.24,17.6,162.8,81.8,110.2,Drip,106.3,2.73,0.79,1.33,10.09,103252,443990,1041813.0,597823.0,3816,2.644,43.3,78764.56,58496.71,137261.26
SF12333,Telangana,Nalgonda,Rice,Zaid,12.01,80.0,29.6,50.0,8.1,6.83,24.2,125.2,79.9,118.9,Flood,153.4,7.34,0.74,2.19,26.3,22370,910631,588331.0,-322300.0,21607,1.217,35.9,-26835.97,75822.73,48986.76
SF12334,Punjab,Erode,Wheat,Rabi,13.93,840.4,25.6,53.3,6.8,7.16,28.4,96.8,58.3,124.8,Sprinkler,272.6,7.03,0.86,2.81,39.14,25262,1146803,988755.0,-158048.0,8659,4.52,46.2,-11345.87,82326.13,70980.26
SF12335,Telangana,Nashik,Rice,Rabi,3.9,550.7,20.0,61.1,8.5,6.08,23.1,42.7,45.6,30.0,Sprinkler,126.6,4.13,0.86,2.03,7.92,19219,211284,152214.0,-59070.0,5367,1.476,34.3,-15146.15,54175.38,39029.23
SF12336,Andhra Pradesh,Raichur,Maize,Kharif,3.63,1163.9,31.2,88.3,6.6,7.21,28.2,53.2,80.6,158.8,Flood,247.6,7.28,0.98,2.43,8.82,22219,277824,195972.0,-81852.0,2760,3.196,51.5,-22548.76,76535.54,53986.78
SF12337,Punjab,Krishna,Rice,Zaid,9.83,178.5,32.6,58.5,7.4,6.3,20.9,146.9,54.3,76.1,Flood,162.6,8.65,0.95,1.77,17.4,22120,638363,384888.0,-253475.0,21276,0.818,18.7,-25785.86,64940.28,39154.43
SF12338,Gujarat,Raichur,Chilli,Rabi,8.9,497.5,22.1,61.3,5.3,6.65,27.5,128.1,83.6,132.6,Flood,268.3,2.51,0.74,2.4,21.36,96265,717340,2056220.0,1338880.0,6609,3.232,59.7,150435.96,80600.0,231035.96
SF12339,Madhya Pradesh,Ludhiana,Cotton,Kharif,8.83,775.5,27.7,50.7,5.6,7.34,33.3,113.7,36.4,98.4,Rainfed,194.6,6.32,0.73,0.98,8.65,56692,602094,490386.0,-111708.0,3169,2.73,49.8,-12650.96,68187.32,55536.35
SF12340,Gujarat,Indore,Pulses,Rabi,8.86,753.2,24.9,59.2,10.2,7.38,23.2,82.4,69.5,81.3,Sprinkler,183.3,8.02,0.73,0.91,8.06,74278,670596,598681.0,-71915.0,3275,2.461,39.0,-8116.82,75688.04,67571.22
SF12341,Andhra Pradesh,Guntur,Cotton,Kharif,1.11,751.9,30.5,61.6,7.3,6.54,27.8,138.9,54.2,65.0,Flood,87.5,9.62,0.86,1.87,2.08,65669,71744,136592.0,64848.0,1095,1.9,28.0,58421.62,64634.23,123055.86
SF12342,Tamil Nadu,Krishna,Wheat,Rabi,11.81,80.0,28.3,46.6,7.3,6.87,27.9,118.0,58.2,86.3,Flood,138.8,6.21,0.75,2.41,28.46,25890,780848,736829.0,-44019.0,7861,3.62,16.9,-3727.27,66117.53,62390.26
SF12343,Karnataka,Nalgonda,Rice,Zaid,8.34,414.3,30.3,59.3,8.7,5.28,22.8,114.2,73.4,114.9,Flood,247.1,3.15,0.84,0.3,2.5,20764,515257,51910.0,-463347.0,15781,0.158,51.1,-55557.19,61781.41,6224.22
SF12344,Maharashtra,Raichur,Sugarcane,Rabi,9.63,409.1,27.0,45.2,5.4,7.84,20.0,125.5,49.2,122.4,Rainfed,119.5,2.32,0.99,14.04,135.21,3766,421711,509201.0,87490.0,8949,15.109,47.5,9085.15,43791.38,52876.53
SF12345,Gujarat,Nalgonda,Chilli,Zaid,4.61,80.0,26.5,63.3,8.8,6.57,29.1,162.2,54.1,140.2,Sprinkler,191.9,5.56,0.84,1.93,8.9,104908,298306,933681.0,635375.0,2710,3.284,27.2,137825.38,64708.46,202533.84
SF12346,Gujarat,Raichur,Rice,Rabi,0.76,577.5,26.1,73.9,5.8,7.68,20.4,141.9,38.7,148.7,Flood,135.6,6.15,0.85,1.18,0.9,24370,47057,21933.0,-25124.0,1440,0.625,44.7,-33057.89,61917.11,28859.21
SF12347,Karnataka,Raichur,Maize,Kharif,8.19,759.6,32.7,66.5,7.4,7.33,41.8,96.3,65.1,131.3,Rainfed,200.9,3.05,0.69,2.28,18.67,18023,527816,336489.0,-191327.0,2858,6.533,51.7,-23361.05,64446.4,41085.35
SF12348,Madhya Pradesh,Indore,Pulses,Rabi,10.4,400.1,27.6,42.7,9.1,8.03,28.7,143.5,53.5,119.3,Flood,155.3,6.55,0.92,0.3,3.12,94498,559969,294834.0,-265135.0,5003,0.624,28.0,-25493.75,53843.17,28349.42
SF12349,Tamil Nadu,Krishna,Cotton,Rabi,5.58,750.8,21.8,42.0,7.6,6.77,24.4,86.2,51.5,122.6,Sprinkler,129.3,2.96,0.9,1.69,9.43,70074,397191,660798.0,263607.0,4429,2.129,50.6,47241.4,71181.18,118422.58
SF12350,Gujarat,Erode,Pulses,Rabi,6.07,771.0,21.2,76.7,6.4,5.36,18.1,80.2,66.0,115.6,Flood,265.7,3.8,0.65,0.3,1.82,62765,453256,114232.0,-339024.0,2661,0.684,51.7,-55852.39,74671.5,18819.11
SF12351,Madhya Pradesh,Raichur,Chilli,Zaid,11.3,576.0,30.7,48.8,8.7,5.68,15.9,109.5,48.4,138.0,Flood,147.4,1.81,0.67,0.56,6.33,101799,758215,644388.0,-113827.0,7997,0.792,66.2,-10073.19,67098.67,57025.49
SF12352,Punjab,Nashik,Sugarcane,Rabi,1.43,467.5,21.0,50.7,6.1,5.8,28.8,124.8,59.0,61.7,Flood,123.3,6.53,0.82,21.08,30.14,4380,88951,132013.0,43062.0,4329,6.962,39.9,30113.29,62203.5,92316.78
SF12353,Punjab,Nalgonda,Maize,Rabi,7.24,382.1,24.6,50.8,6.7,6.68,18.9,136.4,59.9,137.0,Flood,233.9,6.46,0.72,3.67,26.57,17424,547461,462956.0,-84505.0,5490,4.84,30.5,-11671.96,75616.16,63944.2
SF12354,Tamil Nadu,Krishna,Rice,Rabi,10.09,265.0,23.1,43.7,8.0,6.61,33.0,121.1,37.0,99.5,Flood,245.7,4.74,0.75,2.62,26.44,24394,833287,644977.0,-188310.0,18396,1.437,27.6,-18663.03,82585.43,63922.4
SF12355,Maharashtra,Nalgonda,Maize,Kharif,1.42,972.5,27.0,67.8,7.9,6.29,34.5,132.8,88.2,108.1,Rainfed,167.2,1.47,0.71,3.42,4.86,21094,79289,102517.0,23228.0,460,10.565,56.8,16357.75,55837.32,72195.07
SF12356,Tamil Nadu,Warangal,Cotton,Rabi,13.23,474.4,21.5,49.1,7.8,5.87,23.5,128.8,50.0,64.3,Sprinkler,173.4,5.5,0.68,0.52,6.88,55912,876264,384675.0,-491589.0,9043,0.761,32.6,-37157.14,66233.11,29075.96
SF12357,Karnataka,Guntur,Wheat,Rabi,11.63,289.3,20.1,59.5,6.6,5.97,28.7,111.8,58.3,144.9,Flood,115.7,6.79,0.99,1.04,12.1,26464,843168,320214.0,-522954.0,7146,1.693,41.2,-44965.95,72499.4,27533.45
SF12358,Maharashtra,Rajkot,Cotton,Kharif,4.25,1042.7,28.4,76.4,6.9,7.79,27.3,133.0,67.9,108.7,Flood,251.7,6.4,0.8,0.33,1.4,65782,291205,92095.0,-199110.0,5009,0.279,45.4,-46849.41,68518.82,21669.41
SF12359,Madhya Pradesh,Ludhiana,Rice,Rabi,5.59,392.6,25.5,53.6,9.0,6.52,35.0,99.2,52.3,121.5,Flood,153.0,5.34,0.78,3.53,19.73,21492,335488,424037.0,88549.0,9960,1.981,36.1,15840.61,60015.74,75856.35
SF12360,Karnataka,Erode,Maize,Kharif,10.13,930.6,27.1,62.9,7.2,6.84,34.6,139.7,82.9,104.4,Rainfed,293.0,4.3,0.68,4.28,43.36,22258,804906,965107.0,160201.0,3526,12.297,47.4,15814.51,79457.65,95272.16
SF12361,Punjab,Krishna,Sugarcane,Zaid,8.18,338.7,29.5,46.7,5.7,5.91,29.4,131.5,84.0,98.1,Flood,249.0,6.63,0.74,27.46,224.62,3324,614528,746637.0,132109.0,15281,14.699,36.3,16150.24,75125.67,91275.92
SF12362,Telangana,Rajkot,Groundnut,Zaid,3.62,202.0,25.1,34.6,8.2,7.36,21.0,161.3,49.7,116.4,Drip,207.7,7.68,0.72,0.79,2.86,54520,306656,155927.0,-150729.0,1596,1.792,35.3,-41637.85,84711.6,43073.76
SF12363,Tamil Nadu,Raichur,Cotton,Kharif,4.65,859.2,29.5,57.8,7.5,5.52,39.0,164.5,71.4,112.6,Flood,255.0,4.44,0.73,0.33,1.53,76696,260969,117345.0,-143624.0,4724,0.324,47.0,-30886.88,56122.37,25235.48
SF12364,Punjab,Raichur,Chilli,Rabi,8.27,398.0,19.3,57.0,9.2,6.75,23.1,143.3,79.4,96.2,Flood,116.6,5.63,0.91,2.02,16.71,114087,579989,1906394.0,1326405.0,6726,2.484,51.5,160387.55,70131.68,230519.23
SF12365,Karnataka,Guntur,Rice,Zaid,14.54,80.0,36.4,54.1,8.3,6.05,19.3,111.9,51.7,96.4,Flood,236.1,3.33,0.84,1.11,16.14,23938,972251,386359.0,-585892.0,26615,0.606,53.8,-40295.19,66867.33,26572.15
SF12366,Punjab,Warangal,Groundnut,Kharif,7.97,1040.9,27.8,74.9,6.0,6.19,33.2,98.5,81.3,76.0,Sprinkler,98.4,4.57,0.7,1.56,12.43,56066,469058,696900.0,227842.0,4358,2.852,50.7,28587.45,58852.95,87440.4
SF12367,Madhya Pradesh,Guntur,Pulses,Kharif,10.7,517.4,29.4,73.9,7.5,6.2,36.2,153.2,34.8,101.5,Sprinkler,168.1,4.97,0.84,1.01,10.81,64990,627667,702542.0,74875.0,4545,2.378,56.0,6997.66,58660.47,65658.13
SF12368,Tamil Nadu,Nalgonda,Cotton,Kharif,4.72,877.3,28.3,73.9,6.0,6.04,26.9,147.6,38.6,59.2,Rainfed,130.2,1.89,0.83,1.11,5.24,66761,263492,349828.0,86336.0,2044,2.564,73.2,18291.53,55824.58,74116.1
SF12369,Andhra Pradesh,Nashik,Pulses,Kharif,5.72,957.2,31.2,77.8,7.4,6.16,33.9,147.3,57.9,50.6,Sprinkler,237.4,6.59,0.79,0.96,5.49,73357,439537,402730.0,-36807.0,2037,2.695,62.3,-6434.79,76842.13,70407.34
SF12370,Maharashtra,Warangal,Pulses,Zaid,8.87,266.2,32.1,60.9,6.4,6.92,12.2,158.9,62.9,119.2,Drip,184.1,3.01,0.7,1.16,10.29,77889,584189,801478.0,217289.0,2929,3.513,47.2,24497.07,65861.22,90358.29
SF12371,Tamil Nadu,Krishna,Groundnut,Kharif,7.89,593.0,29.3,81.7,7.7,7.49,30.5,112.0,53.3,88.2,Flood,226.8,1.39,0.74,1.05,8.28,62229,467881,515256.0,47375.0,5981,1.384,60.6,6004.44,59300.51,65304.94
SF12372,Punjab,Nalgonda,Maize,Kharif,10.41,787.6,32.1,79.4,5.2,8.33,36.4,66.3,75.4,121.7,Drip,267.6,1.86,0.69,0.3,3.12,20152,712373,62874.0,-649499.0,4191,0.744,64.4,-62391.83,68431.6,6039.77
SF12373,Karnataka,Krishna,Rice,Kharif,12.48,564.1,29.3,60.4,5.7,7.03,33.3,146.7,101.2,125.8,Drip,225.7,3.99,0.87,4.34,54.16,23909,746051,1294911.0,548860.0,15966,3.392,49.3,43979.17,59779.73,103758.89
SF12374,Telangana,Erode,Maize,Rabi,11.79,689.4,21.8,65.5,7.8,6.08,26.9,147.7,89.9,60.3,Drip,252.4,3.42,0.8,3.67,43.27,25136,807350,1087635.0,280285.0,6427,6.733,48.8,23773.11,68477.52,92250.64
SF12375,Telangana,Erode,Rice,Zaid,1.72,332.5,29.3,41.9,7.8,6.38,19.8,143.7,25.7,113.8,Drip,78.2,4.0,0.84,2.84,4.88,23918,93158,116720.0,23562.0,2294,2.127,33.2,13698.84,54161.63,67860.47
SF12376,Madhya Pradesh,Ludhiana,Wheat,Kharif,2.81,998.5,27.4,75.5,7.8,6.27,32.2,86.6,35.4,86.5,Rainfed,245.2,7.34,0.93,2.06,5.79,24729,178365,143181.0,-35184.0,748,7.741,54.1,-12521.0,63475.09,50954.09
SF12377,Maharashtra,Nalgonda,Rice,Kharif,3.54,1255.9,24.8,69.3,5.9,6.27,27.0,164.5,45.5,178.0,Rainfed,217.8,4.52,0.68,2.12,7.5,20613,224522,154598.0,-69924.0,3087,2.43,57.3,-19752.54,63424.29,43671.75
SF12378,Punjab,Raichur,Chilli,Rabi,2.08,519.6,25.4,52.5,7.5,7.14,20.1,143.8,54.5,70.9,Flood,218.3,4.98,0.93,2.05,4.26,102018,153080,434597.0,281517.0,1500,2.84,39.9,135344.71,73596.15,208940.87
SF12379,Punjab,Raichur,Rice,Rabi,13.55,333.6,21.3,59.2,7.0,6.47,25.2,103.9,69.9,160.7,Flood,150.9,1.56,0.93,2.71,36.72,21144,888026,776408.0,-111618.0,26265,1.398,45.6,-8237.49,65536.97,57299.48
SF12380,Maharashtra,Warangal,Rice,Kharif,14.29,720.3,24.9,88.2,6.1,6.57,31.9,83.9,62.3,75.4,Sprinkler,149.8,3.91,0.81,3.39,48.44,20481,859047,992100.0,133053.0,18953,2.556,63.0,9310.92,60115.26,69426.17
SF12381,Gujarat,Raichur,Cotton,Kharif,11.96,911.5,23.7,73.0,6.7,7.19,31.1,124.1,47.9,88.8,Rainfed,147.2,3.94,0.9,1.03,12.32,67697,613242,834027.0,220785.0,5407,2.279,62.0,18460.28,51274.41,69734.7
SF12382,Madhya Pradesh,Guntur,Pulses,Kharif,4.87,1018.7,28.9,55.9,7.1,6.42,36.0,101.9,56.0,121.0,Drip,252.0,9.37,0.9,1.37,6.67,64215,429679,428314.0,-1365.0,1186,5.624,32.5,-280.29,88229.77,87949.49
SF12383,Telangana,Warangal,Chilli,Rabi,12.12,488.1,24.9,58.7,8.1,7.64,21.9,62.9,74.5,93.2,Flood,208.1,4.8,0.89,0.77,9.33,106892,890608,997302.0,106694.0,9704,0.961,41.8,8803.14,73482.51,82285.64
SF12384,Telangana,Erode,Cotton,Kharif,12.01,1040.6,32.1,65.1,7.7,6.87,40.9,159.6,76.2,103.2,Drip,241.3,3.07,0.94,1.63,19.58,74292,986714,1454637.0,467923.0,8008,2.445,61.4,38961.12,82157.7,121118.82
SF12385,Gujarat,Warangal,Pulses,Kharif,0.68,742.1,30.3,68.9,7.1,6.93,29.2,153.1,51.6,102.5,Flood,234.3,4.38,0.72,1.41,0.96,62917,49068,60400.0,11332.0,253,3.794,54.1,16664.71,72158.82,88823.53
SF12386,Telangana,Krishna,Pulses,Rabi,7.42,391.6,25.5,55.4,7.2,6.93,15.1,126.5,43.4,99.4,Flood,182.7,8.71,0.83,1.17,8.68,71519,645372,620785.0,-24587.0,3986,2.178,45.6,-3313.61,86977.36,83663.75
SF12387,Punjab,Guntur,Maize,Kharif,7.09,885.4,27.3,75.2,6.5,6.86,33.3,94.9,70.8,87.2,Flood,324.8,7.51,0.83,3.96,28.08,19154,527562,537844.0,10282.0,4016,6.992,45.5,1450.21,74409.31,75859.52
SF12388,Gujarat,Raichur,Maize,Rabi,7.68,252.6,21.2,52.7,8.5,6.49,15.9,118.4,63.4,111.8,Rainfed,217.1,8.94,0.81,2.61,20.04,23882,524408,478595.0,-45813.0,2500,8.016,33.1,-5965.23,68282.29,62317.06
SF12389,Andhra Pradesh,Erode,Groundnut,Zaid,8.68,156.1,29.7,60.7,7.0,7.56,19.4,82.7,79.5,121.6,Flood,218.6,3.79,0.66,0.55,4.77,56557,603864,269777.0,-334087.0,6179,0.772,43.7,-38489.29,69569.59,31080.3
SF12390,Telangana,Raichur,Wheat,Kharif,1.68,860.8,31.5,69.4,7.2,7.01,33.3,142.1,42.8,101.3,Flood,202.1,4.24,0.66,2.79,4.69,24159,122185,113306.0,-8879.0,1322,3.548,61.8,-5285.12,72729.17,67444.05
SF12391,Tamil Nadu,Indore,Pulses,Kharif,11.37,731.1,24.9,67.9,6.8,6.61,25.9,162.2,64.7,104.0,Rainfed,188.2,7.24,0.89,1.41,16.03,63618,746751,1019797.0,273046.0,2040,7.858,38.2,24014.6,65677.31,89691.91
SF12392,Gujarat,Rajkot,Wheat,Kharif,13.18,778.6,30.1,67.7,5.4,7.36,22.5,167.0,65.4,114.1,Sprinkler,209.8,5.42,0.66,1.8,23.72,22957,920231,544540.0,-375691.0,7230,3.281,61.8,-28504.63,69820.26,41315.63
SF12393,Madhya Pradesh,Warangal,Pulses,Rabi,9.77,575.4,25.5,67.6,8.1,6.68,33.7,148.6,85.9,104.9,Flood,182.7,3.43,0.79,1.29,12.6,71736,553519,903874.0,350355.0,4734,2.662,68.3,35860.29,56654.96,92515.25
SF12394,Karnataka,Guntur,Maize,Rabi,5.55,452.1,24.1,58.6,9.0,6.94,20.0,93.2,77.2,119.8,Rainfed,132.4,5.81,0.95,3.15,17.48,24441,327148,427229.0,100081.0,1736,10.069,34.5,18032.61,58945.59,76978.2
SF12395,Gujarat,Indore,Rice,Rabi,2.81,420.9,20.0,42.8,7.8,6.54,24.0,114.2,66.9,112.0,Drip,209.7,4.48,0.69,3.78,10.62,24802,168031,263397.0,95366.0,4016,2.644,34.6,33938.08,59797.51,93735.59
SF12396,Punjab,Erode,Rice,Kharif,6.81,699.3,26.5,78.5,7.5,7.24,28.9,92.5,88.0,97.8,Drip,171.9,7.38,0.72,3.14,21.38,22311,436685,477009.0,40324.0,8389,2.549,46.8,5921.29,64124.08,70045.37
SF12397,Tamil Nadu,Nashik,Chilli,Kharif,6.23,1265.9,25.7,88.5,7.1,6.45,38.6,154.7,62.8,61.5,Flood,143.8,1.07,0.89,1.73,10.78,131240,415278,1414767.0,999489.0,4930,2.187,76.8,160431.62,66657.78,227089.41
SF12398,Maharashtra,Raichur,Cotton,Rabi,12.92,495.2,21.9,63.4,8.0,6.8,18.3,97.6,81.4,68.1,Drip,48.7,5.84,0.73,1.41,18.22,64656,601820,1178032.0,576212.0,8039,2.266,56.9,44598.45,46580.5,91178.95
SF12399,Karnataka,Warangal,Wheat,Rabi,0.6,1146.5,21.1,77.1,8.8,6.75,24.7,120.1,42.4,111.2,Rainfed,87.4,8.46,0.88,2.24,1.34,22060,40521,29560.0,-10961.0,161,8.323,55.8,-18268.33,67535.0,49266.67
SF12400,Maharashtra,Indore,Groundnut,Rabi,13.29,766.4,19.5,56.7,7.4,5.97,28.9,140.7,41.8,113.4,Sprinkler,98.7,3.28,0.76,0.92,12.23,47475,964399,580619.0,-383780.0,6592,1.855,47.9,-28877.35,72565.76,43688.41
SF12401,Tamil Nadu,Nashik,Groundnut,Zaid,7.18,489.4,30.2,48.6,6.8,6.55,19.3,167.3,48.0,81.9,Rainfed,107.7,6.39,0.91,1.53,10.99,56587,439334,621891.0,182557.0,1963,5.599,40.9,25425.77,61188.58,86614.35
SF12402,Telangana,Nalgonda,Wheat,Zaid,2.24,80.0,30.0,42.5,7.9,6.41,20.1,99.7,71.6,100.5,Rainfed,173.3,5.82,0.74,1.55,3.47,19192,152916,66596.0,-86320.0,699,4.964,29.7,-38535.71,68266.07,29730.36
SF12403,Karnataka,Nalgonda,Rice,Zaid,11.87,196.6,34.2,50.9,9.0,5.77,13.8,133.8,57.3,103.8,Drip,136.1,3.16,0.95,0.86,10.21,22940,791623,234217.0,-557406.0,16283,0.627,45.5,-46959.22,66691.07,19731.84
SF12404,Andhra Pradesh,Guntur,Rice,Rabi,10.72,680.0,24.0,52.8,6.6,6.81,24.0,148.4,69.6,126.5,Rainfed,40.0,3.66,0.84,3.61,38.7,21432,556689,829418.0,272729.0,8542,4.531,53.9,25441.14,51929.94,77371.08
SF12405,Telangana,Rajkot,Chilli,Kharif,4.5,1170.3,29.1,80.2,7.4,7.86,28.1,167.0,74.6,77.0,Sprinkler,184.3,7.51,0.85,0.43,1.94,99453,363833,192939.0,-170894.0,3025,0.641,49.3,-37976.44,80851.78,42875.33
SF12406,Gujarat,Krishna,Wheat,Kharif,10.44,960.7,22.2,74.9,6.3,5.7,29.5,167.8,37.5,118.8,Drip,114.3,5.53,0.73,1.1,11.48,22614,761854,259609.0,-502245.0,4850,2.367,47.0,-48107.76,72974.52,24866.76
SF12407,Karnataka,Nalgonda,Rice,Kharif,7.22,749.7,28.9,87.8,5.0,6.57,32.7,187.3,34.9,93.0,Drip,89.0,6.67,0.84,4.06,29.31,22197,431101,650594.0,219493.0,9785,2.995,46.2,30400.69,59709.28,90109.97
SF12408,Madhya Pradesh,Nashik,Wheat,Rabi,5.71,567.0,24.3,49.4,7.7,6.93,31.1,134.5,20.8,65.7,Rainfed,166.6,4.98,0.77,2.31,13.19,23441,291217,309187.0,17970.0,1604,8.223,42.7,3147.11,51001.23,54148.34
SF12409,Punjab,Nashik,Pulses,Rabi,5.1,232.4,28.0,53.0,8.7,6.68,24.7,60.5,87.8,113.1,Drip,226.9,7.15,0.87,1.45,7.4,63068,343503,466703.0,123200.0,1886,3.924,22.0,24156.86,67353.53,91510.39
SF12410,Punjab,Nashik,Groundnut,Rabi,10.95,429.3,24.2,63.3,5.4,7.48,20.0,85.6,47.4,109.7,Flood,184.8,6.58,0.8,0.82,8.98,55811,808240,501183.0,-307057.0,8083,1.111,43.5,-28041.74,73811.87,45770.14
SF12411,Tamil Nadu,Erode,Groundnut,Rabi,3.15,353.6,25.0,49.2,6.8,6.4,25.7,89.8,81.5,133.5,Flood,187.7,4.8,0.88,1.52,4.79,63362,197730,303504.0,105774.0,1997,2.399,27.7,33579.05,62771.43,96350.48
SF12412,Karnataka,Rajkot,Pulses,Rabi,5.23,454.1,23.4,78.3,7.2,7.35,16.8,161.3,33.5,106.0,Flood,222.5,7.26,0.83,0.73,3.82,64698,414098,247146.0,-166952.0,2413,1.583,43.7,-31921.99,79177.44,47255.45
SF12413,Madhya Pradesh,Guntur,Pulses,Kharif,9.54,868.6,29.2,69.3,8.9,5.25,29.8,152.8,63.2,114.0,Flood,201.9,5.95,0.92,0.3,2.86,63402,667625,181330.0,-486295.0,4850,0.59,51.6,-50974.32,69981.66,19007.34
SF12414,Telangana,Erode,Chilli,Rabi,5.5,619.4,23.0,63.5,7.0,7.05,22.8,157.6,40.2,74.3,Drip,109.7,7.57,0.94,2.35,12.92,127035,366916,1641292.0,1274376.0,3143,4.111,31.9,231704.73,66712.0,298416.73
SF12415,Andhra Pradesh,Guntur,Cotton,Rabi,13.79,797.1,26.2,55.3,7.4,6.9,21.6,92.3,73.7,81.7,Flood,258.4,6.97,0.87,1.89,26.06,64139,1190714,1671462.0,480748.0,13465,1.935,41.9,34862.07,86346.19,121208.27
SF12416,Maharashtra,Warangal,Pulses,Rabi,5.04,695.6,23.3,62.8,8.3,6.55,26.3,124.4,55.6,82.6,Sprinkler,225.0,6.36,0.88,1.58,7.96,72617,378625,578031.0,199406.0,1479,5.382,35.5,39564.68,75124.01,114688.69
SF12417,Andhra Pradesh,Krishna,Groundnut,Zaid,13.34,417.8,26.9,64.8,8.7,7.68,23.8,53.4,70.4,127.9,Flood,148.6,2.39,0.72,0.47,6.27,54441,943963,341345.0,-602618.0,8453,0.742,55.0,-45173.76,70761.84,25588.08
SF12418,Telangana,Warangal,Pulses,Kharif,3.56,740.0,33.1,65.1,6.3,6.98,31.6,54.7,48.9,79.6,Flood,227.1,7.97,0.89,1.12,3.99,64377,217408,256864.0,39456.0,1772,2.252,37.1,11083.15,61069.66,72152.81
SF12419,Punjab,Indore,Rice,Kharif,6.79,742.4,28.8,67.1,7.3,6.95,33.5,107.3,87.2,74.7,Rainfed,161.9,2.24,0.71,3.59,24.38,20292,405554,494719.0,89165.0,6059,4.024,51.8,13131.81,59728.13,72859.94
SF12420,Andhra Pradesh,Rajkot,Rice,Kharif,12.96,983.6,27.6,77.7,6.7,6.18,21.4,129.9,64.8,93.4,Rainfed,172.2,1.59,0.99,2.02,26.18,21359,736636,559179.0,-177457.0,12175,2.15,75.3,-13692.67,56839.2,43146.53
SF12421,Andhra Pradesh,Krishna,Chilli,Zaid,9.56,274.8,31.8,58.1,6.6,6.97,21.1,86.1,92.8,81.7,Rainfed,137.0,3.33,0.68,1.43,13.67,88340,497822,1207608.0,709786.0,3061,4.466,52.0,74245.4,52073.43,126318.83
SF12422,Tamil Nadu,Warangal,Cotton,Kharif,9.94,1122.3,31.6,70.7,6.1,6.17,33.1,91.8,15.0,159.6,Flood,172.4,5.61,0.72,0.97,9.64,64842,596854,625077.0,28223.0,9521,1.012,59.3,2839.34,60045.67,62885.01
SF12423,Andhra Pradesh,Rajkot,Rice,Rabi,11.25,414.3,23.5,51.9,7.1,6.65,23.4,111.0,50.6,120.5,Sprinkler,199.3,2.42,0.68,3.41,38.36,20471,691375,785268.0,93893.0,17181,2.233,48.0,8346.04,61455.56,69801.6
SF12424,Maharashtra,Indore,Maize,Rabi,2.47,679.9,20.8,47.8,7.6,7.12,28.3,95.9,57.2,113.4,Rainfed,73.2,8.7,0.71,3.28,8.1,17935,152522,145274.0,-7248.0,914,8.862,34.0,-2934.41,61749.8,58815.38
SF12425,Maharashtra,Nalgonda,Wheat,Kharif,13.4,1059.6,32.1,82.9,6.6,6.61,27.9,105.7,75.6,114.7,Flood,224.3,4.89,0.85,2.41,32.29,27459,895358,886651.0,-8707.0,9683,3.335,60.7,-649.78,66817.76,66167.99
SF12426,Madhya Pradesh,Guntur,Cotton,Kharif,7.68,1008.1,29.1,61.3,5.9,7.1,30.2,101.9,33.5,123.0,Flood,231.8,3.1,0.97,1.5,11.52,76160,546845,877363.0,330518.0,7562,1.523,65.2,43036.2,71203.78,114239.97
SF12427,Madhya Pradesh,Krishna,Cotton,Rabi,12.7,555.2,24.1,61.8,6.4,6.37,29.5,131.8,56.1,135.5,Rainfed,250.3,3.57,0.97,1.33,16.89,73087,773003,1234439.0,461436.0,5628,3.001,54.6,36333.54,60866.38,97199.92
SF12428,Tamil Nadu,Ludhiana,Groundnut,Rabi,11.18,417.2,23.2,57.1,7.8,7.19,26.7,121.7,26.4,123.7,Drip,77.5,7.71,0.71,1.2,13.42,53926,624698,723687.0,98989.0,4119,3.258,32.5,8854.11,55876.39,64730.5
SF12429,Madhya Pradesh,Raichur,Sugarcane,Rabi,1.18,468.0,20.7,54.0,10.2,5.83,14.3,181.9,31.3,125.1,Rainfed,123.0,2.91,0.75,25.07,29.58,3901,66268,115392.0,49124.0,1075,27.516,39.3,41630.51,56159.32,97789.83
SF12430,Maharashtra,Warangal,Maize,Kharif,9.6,738.2,26.1,72.6,6.9,5.94,30.0,186.1,80.0,132.6,Rainfed,164.3,1.33,0.85,2.81,26.98,20912,626091,564206.0,-61885.0,2830,9.534,61.6,-6446.35,65217.81,58771.46
SF12431,Madhya Pradesh,Guntur,Cotton,Kharif,14.76,647.2,26.8,62.8,7.6,6.58,39.6,74.3,92.5,117.1,Flood,119.9,2.95,0.72,1.97,29.08,69761,870278,2028650.0,1158372.0,13512,2.152,41.6,78480.49,58961.92,137442.41
SF12432,Maharashtra,Krishna,Cotton,Kharif,10.06,480.4,26.8,79.8,7.5,7.97,32.8,96.7,83.3,99.2,Drip,92.5,5.72,0.69,0.34,3.42,69308,708055,237033.0,-471022.0,7325,0.467,60.1,-46821.27,70383.2,23561.93
SF12433,Karnataka,Erode,Chilli,Kharif,11.66,879.4,27.0,71.3,6.4,6.45,25.3,104.8,61.4,99.9,Flood,122.0,5.43,0.97,2.25,26.24,102146,849453,2680311.0,1830858.0,9388,2.795,60.6,157020.41,72851.89,229872.3
SF12434,Andhra Pradesh,Guntur,Wheat,Zaid,8.81,160.2,32.4,50.3,8.9,6.56,23.3,140.1,77.8,122.1,Drip,134.7,3.03,0.75,2.54,22.38,25070,584590,561067.0,-23523.0,4196,5.334,46.3,-2670.03,66355.28,63685.24
SF12435,Telangana,Indore,Cotton,Kharif,9.28,861.45,32.5,73.0,7.4,6.96,37.7,103.4,75.7,94.2,Flood,220.2,4.17,0.86,1.84,17.08,65758,705899,1123147.0,417248.0,8542,2.0,62.8,44962.07,76066.7,121028.77
SF12436,Tamil Nadu,Indore,Maize,Kharif,14.15,1338.9,32.8,80.8,6.8,7.03,39.0,59.1,44.0,123.6,Drip,171.1,4.62,0.91,3.01,42.59,22048,975259,939024.0,-36235.0,6997,6.087,65.0,-2560.78,68922.9,66362.12
SF12437,Tamil Nadu,Nashik,Wheat,Rabi,7.29,592.0,21.7,54.7,8.5,6.49,24.3,104.2,66.5,131.6,Sprinkler,170.8,3.9,0.89,3.09,22.53,22430,504593,505348.0,755.0,4018,5.607,50.0,103.57,69217.15,69320.71
SF12438,Madhya Pradesh,Raichur,Rice,Kharif,3.48,941.3,31.7,60.6,8.2,5.26,32.7,76.7,79.7,152.3,Drip,114.6,7.09,1.0,0.3,1.04,20599,254582,21423.0,-233159.0,4606,0.226,45.2,-66999.71,73155.75,6156.03
SF12439,Andhra Pradesh,Ludhiana,Wheat,Kharif,6.79,800.9,29.7,74.3,5.9,6.47,32.4,126.0,56.3,85.5,Flood,152.3,5.8,0.82,3.16,21.46,26989,418833,579184.0,160351.0,5260,4.08,50.9,23615.76,61683.8,85299.56
SF12440,Madhya Pradesh,Rajkot,Rice,Rabi,8.18,376.6,23.0,66.9,7.2,6.01,26.1,137.9,67.6,109.1,Rainfed,93.6,3.9,0.95,1.6,13.09,25121,394670,328834.0,-65836.0,6452,2.029,52.9,-8048.41,48248.17,40199.76
SF12441,Punjab,Rajkot,Chilli,Rabi,1.62,493.3,22.9,69.3,6.6,6.34,21.2,107.4,45.0,98.0,Rainfed,257.1,5.59,0.96,1.82,2.95,103437,99825,305139.0,205314.0,574,5.139,38.1,126737.04,61620.37,188357.41
SF12442,Tamil Nadu,Nalgonda,Rice,Rabi,9.82,365.7,22.6,41.6,7.0,5.63,16.0,107.9,27.7,128.5,Drip,235.1,7.22,0.85,0.73,7.17,21167,721561,151767.0,-569794.0,12275,0.584,34.7,-58023.83,73478.72,15454.89
SF12443,Telangana,Guntur,Rice,Rabi,14.96,224.3,19.0,65.8,7.0,6.06,23.9,163.8,65.8,106.2,Drip,332.1,8.37,0.74,1.63,24.38,21998,1059297,536311.0,-522986.0,24109,1.011,28.0,-34958.96,70808.62,35849.67
SF12444,Andhra Pradesh,Krishna,Sugarcane,Rabi,11.68,403.55,23.5,41.8,8.7,7.02,23.8,141.9,56.6,100.2,Drip,251.5,3.78,0.86,56.24,656.88,3847,688318,2527017.0,1838699.0,16921,38.82,39.6,157422.86,58931.34,216354.2
SF12445,Tamil Nadu,Raichur,Maize,Kharif,14.14,920.6,28.5,55.5,7.3,6.47,38.7,150.3,63.6,71.4,Sprinkler,172.0,7.01,0.98,4.43,62.64,17476,911344,1094697.0,183353.0,9671,6.477,41.2,12966.97,64451.49,77418.46
SF12446,Madhya Pradesh,Nashik,Rice,Kharif,8.55,527.2,26.0,68.4,7.4,6.55,36.5,87.4,30.6,105.9,Rainfed,312.4,9.06,0.83,3.45,29.5,22354,637802,659443.0,21641.0,6193,4.763,43.7,2531.11,74596.73,77127.84
SF12447,Telangana,Warangal,Wheat,Kharif,2.18,736.0,24.5,57.8,7.3,6.34,37.0,144.8,58.6,85.0,Sprinkler,223.3,0.86,0.83,3.43,7.48,22762,145835,170260.0,24425.0,1200,6.233,54.6,11204.13,66896.79,78100.92
SF12448,Gujarat,Warangal,Chilli,Kharif,12.59,834.7,30.2,55.9,6.6,7.34,38.5,107.3,57.4,48.7,Rainfed,133.0,4.45,0.77,1.01,12.72,113143,708458,1439179.0,730721.0,4032,3.155,65.3,58039.79,56271.49,114311.28
SF12449,Telangana,Erode,Rice,Kharif,14.13,902.8,30.7,80.9,7.4,6.82,32.9,146.8,57.5,105.9,Sprinkler,135.7,5.15,0.82,3.63,51.29,21593,1071724,1107505.0,35781.0,21071,2.434,53.4,2532.27,75847.42,78379.69
SF12450,Madhya Pradesh,Krishna,Cotton,Rabi,3.17,236.1,23.9,45.0,6.2,6.58,15.0,105.8,26.8,100.0,Rainfed,167.3,2.0,0.74,0.86,2.73,67677,178278,184758.0,6480.0,1350,2.022,40.9,2044.16,56239.12,58283.28
SF12451,Madhya Pradesh,Ludhiana,Rice,Kharif,11.98,1018.5,25.3,60.2,4.9,6.93,27.9,103.5,57.0,80.1,Rainfed,86.0,8.33,0.73,2.95,35.34,22213,619972,785007.0,165035.0,11136,3.173,35.9,13775.88,51750.58,65526.46
SF12452,Tamil Nadu,Indore,Maize,Kharif,4.91,440.0,29.0,65.8,7.4,6.56,23.9,138.0,79.9,99.3,Flood,209.5,4.87,0.93,3.59,17.63,19711,308880,347505.0,38625.0,3458,5.098,48.4,7866.6,62908.35,70774.95
SF12453,Maharashtra,Ludhiana,Rice,Rabi,9.53,557.8,25.6,56.9,7.8,7.18,27.0,80.6,32.8,80.5,Flood,99.2,2.55,0.71,2.8,26.68,22730,630709,606436.0,-24273.0,17947,1.487,52.5,-2547.01,66181.43,63634.42
SF12454,Punjab,Ludhiana,Rice,Rabi,7.3,371.0,27.3,56.5,6.7,6.39,23.8,176.0,52.1,94.3,Sprinkler,146.4,4.03,0.94,3.55,25.92,21726,449153,563138.0,113985.0,11894,2.179,52.6,15614.38,61527.81,77142.19
SF12455,Punjab,Krishna,Rice,Rabi,12.47,445.1,25.8,50.2,7.8,7.04,21.6,161.4,32.2,111.5,Drip,141.8,5.76,0.78,3.3,41.15,24535,768753,1009615.0,240862.0,16361,2.515,27.8,19315.32,61648.2,80963.51
SF12456,Gujarat,Warangal,Rice,Kharif,11.54,940.7,30.4,58.5,8.6,7.9,26.8,86.8,32.6,83.3,Drip,53.9,8.7,0.85,0.5,5.77,20944,642021,120847.0,-521174.0,17409,0.331,53.0,-45162.39,55634.4,10472.01
SF12457,Karnataka,Raichur,Rice,Rabi,1.04,551.3,20.7,63.9,7.3,6.81,22.7,118.7,72.4,69.1,Flood,121.8,1.43,0.98,3.37,3.5,25100,62010,87850.0,25840.0,1905,1.837,54.2,24846.15,59625.0,84471.15
SF12458,Punjab,Warangal,Maize,Kharif,3.06,855.2,26.7,63.0,5.6,6.4,29.2,130.6,33.6,124.7,Rainfed,195.5,2.23,0.72,2.92,8.94,20739,215038,185407.0,-29631.0,845,10.58,60.3,-9683.33,70273.86,60590.52
SF12459,Madhya Pradesh,Krishna,Rice,Rabi,12.04,262.7,21.4,57.2,9.8,7.95,31.6,94.9,55.9,167.7,Rainfed,179.8,4.7,0.74,0.36,4.33,22223,811238,96226.0,-715012.0,10340,0.419,39.5,-59386.38,67378.57,7992.19
SF12460,Maharashtra,Guntur,Chilli,Rabi,13.02,204.3,16.2,63.5,5.8,6.82,31.1,116.4,46.5,94.6,Drip,201.3,6.15,0.92,1.35,17.58,113200,851401,1990056.0,1138655.0,6707,2.621,31.8,87454.3,65391.78,152846.08
SF12461,Karnataka,Indore,Cotton,Zaid,0.64,413.1,31.2,65.5,6.5,6.8,19.0,133.8,78.4,104.8,Sprinkler,256.4,5.44,0.69,1.68,1.08,65800,53320,71064.0,17744.0,464,2.328,50.3,27725.0,83312.5,111037.5
SF12462,Telangana,Guntur,Wheat,Kharif,13.76,1132.6,30.7,74.0,6.6,6.4,33.3,155.1,79.6,71.4,Flood,246.4,6.51,0.98,2.56,35.23,18940,916871,667256.0,-249615.0,7953,4.43,56.5,-18140.62,66633.07,48492.44
SF12463,Tamil Nadu,Warangal,Maize,Rabi,1.87,313.5,23.5,62.4,6.8,6.52,22.3,92.8,68.3,78.2,Drip,273.4,4.0,0.75,3.45,6.45,20444,122956,131864.0,8908.0,862,7.483,32.0,4763.64,65751.87,70515.51
SF12464,Tamil Nadu,Ludhiana,Rice,Kharif,4.84,1199.0,25.0,88.3,6.9,6.75,25.9,92.0,46.2,131.8,Rainfed,155.5,1.96,0.7,2.93,14.18,23459,252831,332649.0,79818.0,4077,3.478,87.7,16491.32,52237.81,68729.13
SF12465,Madhya Pradesh,Guntur,Cotton,Kharif,3.82,736.8,31.1,60.8,7.2,7.27,27.6,107.0,60.9,63.9,Rainfed,272.6,5.53,0.8,1.34,5.12,58491,310556,299474.0,-11082.0,1423,3.598,42.9,-2901.05,81297.38,78396.34
SF12466,Karnataka,Warangal,Maize,Rabi,0.66,707.3,25.8,47.2,8.4,7.86,23.9,89.6,41.6,162.6,Sprinkler,218.7,4.0,0.95,1.1,0.73,20982,44785,15317.0,-29468.0,414,1.763,34.7,-44648.48,67856.06,23207.58
SF12467,Punjab,Rajkot,Sugarcane,Rabi,14.36,80.0,20.6,57.9,6.1,6.2,31.8,120.7,69.2,103.9,Drip,167.8,5.29,0.76,35.03,503.03,3041,1003681,1529714.0,526033.0,23175,21.706,21.9,36631.82,69894.22,106526.04
SF12468,Telangana,Ludhiana,Maize,Kharif,13.87,856.1,28.1,74.2,5.5,7.13,33.7,163.9,54.6,84.4,Flood,236.5,5.93,0.93,3.43,47.57,21740,1187483,1034172.0,-153311.0,10425,4.563,48.2,-11053.42,85615.21,74561.79
SF12469,Maharashtra,Raichur,Pulses,Rabi,5.8,562.2,22.5,54.2,8.7,7.44,27.1,170.1,40.3,68.5,Sprinkler,139.6,4.61,0.99,0.77,4.47,77279,370999,345437.0,-25562.0,2322,1.925,36.0,-4407.24,63965.34,59558.1
SF12470,Tamil Nadu,Nalgonda,Pulses,Zaid,11.53,141.8,33.0,54.6,7.2,5.69,23.5,88.2,73.4,101.9,Sprinkler,335.9,2.67,0.8,0.3,3.46,71128,1011029,246103.0,-764926.0,3969,0.872,33.6,-66342.24,87686.82,21344.58
SF12471,Karnataka,Warangal,Sugarcane,Rabi,7.94,318.5,25.0,48.4,7.6,5.99,24.9,143.4,42.0,119.9,Drip,143.8,2.63,0.65,45.46,360.95,3964,470249,1430806.0,960557.0,10799,33.424,27.3,120976.95,59225.31,180202.27
SF12472,Gujarat,Nalgonda,Cotton,Kharif,5.88,897.5,26.2,64.6,8.0,7.62,34.6,147.8,75.5,56.6,Rainfed,82.7,2.54,0.88,0.54,3.18,72962,377635,232019.0,-145616.0,2878,1.105,61.6,-24764.63,64223.64,39459.01
SF12473,Maharashtra,Guntur,Rice,Rabi,3.38,660.9,25.7,60.2,7.8,7.32,21.1,111.4,44.3,52.2,Sprinkler,244.3,4.42,0.99,2.67,9.02,21181,216657,191053.0,-25604.0,5609,1.608,56.4,-7575.15,64099.7,56524.56
SF12474,Karnataka,Ludhiana,Rice,Kharif,3.9,531.9,24.4,73.6,6.5,6.38,31.9,92.4,26.9,79.8,Flood,193.8,7.36,0.98,3.48,13.57,17849,320595,242211.0,-78384.0,7580,1.79,50.3,-20098.46,82203.85,62105.38
SF12475,Maharashtra,Rajkot,Maize,Rabi,1.23,220.9,19.8,54.0,8.4,8.13,16.2,154.6,53.2,68.2,Rainfed,174.5,5.98,0.88,0.3,0.37,22268,73811,8239.0,-65572.0,403,0.918,34.0,-53310.57,60008.94,6698.37
SF12476,Gujarat,Indore,Wheat,Kharif,13.69,972.5,28.6,72.2,6.5,6.59,27.4,103.7,55.2,125.2,Flood,130.8,0.83,0.69,2.54,34.77,23654,767813,822450.0,54637.0,9571,3.633,62.4,3991.02,56085.68,60076.7
SF12477,Tamil Nadu,Ludhiana,Chilli,Zaid,1.72,283.3,31.6,60.6,7.3,6.88,10.7,126.7,80.9,80.1,Sprinkler,237.6,6.45,0.9,1.52,2.61,87375,98557,228049.0,129492.0,1043,2.502,36.4,75286.05,57300.58,132586.63
SF12478,Karnataka,Rajkot,Cotton,Kharif,3.61,838.9,31.1,58.9,8.5,6.97,25.1,129.6,68.6,118.7,Sprinkler,251.4,3.89,0.98,1.81,6.53,74096,228283,483847.0,255564.0,2896,2.255,57.4,70793.35,63236.29,134029.64
SF12479,Maharashtra,Krishna,Chilli,Rabi,4.62,331.2,22.3,54.7,7.8,5.2,19.2,143.0,58.7,72.6,Rainfed,149.3,3.68,0.99,0.3,1.39,95515,254886,132766.0,-122120.0,1583,0.878,39.9,-26432.9,55170.13,28737.23
SF12480,Andhra Pradesh,Ludhiana,Rice,Zaid,10.53,276.4,29.6,54.0,7.8,7.42,31.6,104.8,69.3,108.4,Drip,109.6,6.87,0.76,1.58,16.64,21753,550728,361970.0,-188758.0,15655,1.063,35.6,-17925.74,52300.85,34375.12
SF12481,Madhya Pradesh,Warangal,Wheat,Kharif,6.0,797.1,27.6,85.0,6.5,5.76,28.7,129.2,64.0,121.4,Sprinkler,151.0,4.21,0.85,1.31,7.86,22653,383852,178053.0,-205799.0,2719,2.891,53.0,-34299.83,63975.33,29675.5
SF12482,Andhra Pradesh,Ludhiana,Wheat,Rabi,9.91,349.5,22.7,54.2,7.5,6.09,28.9,135.6,58.0,68.6,Rainfed,291.6,2.04,0.66,1.35,13.38,20561,832771,275106.0,-557665.0,3033,4.411,40.2,-56272.96,84033.4,27760.44
SF12483,Madhya Pradesh,Warangal,Pulses,Rabi,13.25,614.4,22.3,53.7,7.5,7.25,20.7,73.9,69.8,99.2,Drip,267.7,8.14,0.82,0.96,12.72,85850,957679,1092012.0,134333.0,4347,2.926,35.4,10138.34,72277.66,82416.0
SF12484,Madhya Pradesh,Guntur,Pulses,Kharif,10.17,558.9,30.6,69.3,6.8,6.76,34.7,137.5,52.8,79.6,Rainfed,121.5,2.71,0.89,1.19,12.1,69003,611957,834936.0,222979.0,1965,6.158,58.8,21925.17,60172.76,82097.94
SF12485,Punjab,Raichur,Groundnut,Rabi,8.68,571.3,22.2,49.5,5.7,6.62,25.9,121.3,51.5,155.4,Sprinkler,135.5,7.35,0.81,2.35,20.4,60171,556483,1227488.0,671005.0,3942,5.175,30.5,77304.72,64110.94,141415.67
SF12486,Maharashtra,Krishna,Maize,Zaid,0.87,389.3,26.6,38.4,6.8,7.08,20.7,90.8,60.2,62.6,Rainfed,195.2,5.49,0.76,2.31,2.01,19871,49742,39941.0,-9801.0,280,7.179,37.1,-11265.52,57174.71,45909.2
SF12487,Gujarat,Nalgonda,Wheat,Rabi,13.31,428.9,26.7,65.6,7.9,6.47,18.5,117.7,65.3,136.1,Flood,142.0,5.2,0.81,2.94,39.13,21588,872262,844738.0,-27524.0,8356,4.683,41.6,-2067.92,65534.34,63466.42
SF12488,Andhra Pradesh,Indore,Wheat,Kharif,12.95,533.3,29.3,81.7,6.8,6.44,29.5,74.2,73.5,111.6,Sprinkler,198.4,8.28,0.97,3.47,44.94,20617,1055580,926528.0,-129052.0,5046,8.906,50.8,-9965.41,81511.97,71546.56
SF12489,Madhya Pradesh,Nalgonda,Wheat,Rabi,8.48,551.8,23.6,54.0,8.5,6.81,29.7,123.3,76.2,121.9,Rainfed,291.2,10.19,0.81,3.2,27.14,20512,636475,556696.0,-79779.0,2573,10.548,30.3,-9407.9,75056.01,65648.11
SF12490,Telangana,Guntur,Wheat,Rabi,4.29,123.8,22.8,38.4,8.1,5.2,27.8,151.4,54.8,152.0,Drip,185.7,5.82,0.83,0.3,1.29,23865,332962,30786.0,-302176.0,2337,0.552,26.1,-70437.3,77613.52,7176.22
SF12491,Gujarat,Erode,Wheat,Kharif,14.93,673.6,29.0,68.9,7.1,8.39,20.0,139.2,50.3,139.4,Rainfed,138.2,9.13,0.67,0.3,4.48,20470,914499,91706.0,-822793.0,4850,0.924,45.0,-55110.05,61252.44,6142.4
SF12492,Madhya Pradesh,Raichur,Cotton,Rabi,5.62,520.2,20.4,61.2,6.4,7.18,20.1,118.8,38.0,157.2,Sprinkler,196.7,6.97,0.81,1.28,7.19,73279,439849,526876.0,87027.0,4493,1.6,26.2,15485.23,78264.95,93750.18
SF12493,Madhya Pradesh,Guntur,Maize,Kharif,0.5,756.5,30.2,70.5,7.0,5.96,27.9,86.8,43.2,147.4,Rainfed,151.8,8.95,0.73,2.33,1.16,20071,32932,23282.0,-9650.0,173,6.705,37.7,-19300.0,65864.0,46564.0
SF12494,Maharashtra,Krishna,Maize,Zaid,2.89,420.8,27.6,54.3,8.2,7.09,15.7,144.0,65.2,84.3,Flood,291.5,4.39,0.94,3.02,8.73,21462,255742,187363.0,-68379.0,2445,3.571,38.4,-23660.55,88492.04,64831.49
SF12495,Telangana,Warangal,Rice,Kharif,13.74,726.5,28.5,85.1,6.6,6.07,35.0,124.3,36.8,95.9,Rainfed,285.8,5.2,0.75,2.09,28.72,21365,1113527,613603.0,-499924.0,12414,2.314,43.6,-36384.57,81042.72,44658.15
SF12496,Gujarat,Krishna,Maize,Kharif,0.9,778.5,26.2,67.9,7.4,5.61,22.3,100.9,69.9,107.1,Sprinkler,287.1,4.63,0.92,1.07,0.96,18840,65057,18086.0,-46971.0,536,1.791,49.3,-52190.0,72285.56,20095.56
SF12497,Tamil Nadu,Erode,Chilli,Rabi,3.37,417.3,22.5,68.6,5.7,6.35,26.6,93.2,61.3,101.2,Rainfed,154.5,3.48,0.83,1.81,6.1,91403,232137,557558.0,325421.0,1240,4.919,35.3,96564.09,68883.38,165447.48
SF12498,Maharashtra,Krishna,Rice,Rabi,7.96,132.3,23.6,60.0,8.2,7.64,14.3,40.0,85.9,96.5,Sprinkler,163.8,3.94,0.99,0.98,7.8,23688,536525,184766.0,-351759.0,11517,0.677,35.0,-44190.83,67402.64,23211.81
SF12499,Maharashtra,Nashik,Maize,Rabi,4.73,263.8,22.7,51.8,8.0,7.34,23.9,128.3,58.9,118.6,Drip,169.6,4.09,0.82,2.15,10.17,18493,289077,188074.0,-101003.0,2686,3.786,33.0,-21353.7,61115.64,39761.95
SF12500,Maharashtra,Nashik,Maize,Kharif,13.31,788.0,26.1,93.5,8.6,7.21,35.8,145.5,53.4,86.6,Sprinkler,182.1,6.36,0.81,3.64,48.45,23023,935061,1115464.0,180403.0,6955,6.966,62.9,13553.94,70252.52,83806.46
SF12501,Karnataka,Indore,Pulses,Rabi,13.13,399.8,23.5,65.8,7.2,7.21,24.4,116.6,61.4,97.9,Rainfed,161.6,6.18,1.0,0.79,10.37,73957,766522,766934.0,412.0,2614,3.967,35.4,31.38,58379.44,58410.81
SF12502,Telangana,Nashik,Maize,Kharif,12.75,966.5,28.6,64.9,6.0,7.24,27.5,136.0,48.4,157.1,Rainfed,199.8,3.33,0.78,2.86,36.46,21044,818972,767264.0,-51708.0,4084,8.928,62.6,-4055.53,64233.1,60177.57
SF12503,Madhya Pradesh,Indore,Pulses,Kharif,9.29,713.7,33.1,94.8,6.0,6.8,27.0,133.6,50.3,138.9,Sprinkler,244.7,5.85,0.82,1.78,16.54,66794,658212,1104773.0,446561.0,3977,4.159,65.9,48069.0,70851.67,118920.67
SF12504,Gujarat,Guntur,Chilli,Rabi,3.48,255.5,26.8,56.8,8.5,6.32,24.1,102.3,88.4,39.9,Rainfed,137.0,7.34,0.8,1.38,4.8,98018,211409,470486.0,259077.0,1272,3.774,33.4,74447.41,60749.71,135197.13
SF12505,Tamil Nadu,Warangal,Chilli,Rabi,1.75,608.3,24.3,62.2,7.3,7.46,24.5,90.9,56.9,90.6,Drip,247.7,5.3,0.83,1.26,2.2,115831,124326,254828.0,130502.0,865,2.543,50.2,74572.57,71043.43,145616.0
SF12506,Telangana,Erode,Sugarcane,Zaid,13.63,80.0,33.1,59.6,8.5,6.2,20.5,107.8,80.5,36.2,Sprinkler,182.4,7.02,0.76,36.88,502.67,4115,879387,2068487.0,1189100.0,24876,20.207,26.4,87241.38,64518.49,151759.87
SF12507,Punjab,Rajkot,Rice,Kharif,12.79,1100.9,28.8,63.4,6.5,5.2,25.9,168.4,37.8,117.7,Rainfed,170.2,3.05,0.85,0.3,3.84,21037,728320,80782.0,-647538.0,10325,0.372,63.8,-50628.46,56944.49,6316.03
SF12508,Punjab,Nashik,Groundnut,Rabi,4.54,94.0,20.0,56.3,6.0,6.5,18.8,146.1,53.9,108.4,Sprinkler,94.6,5.72,0.98,1.28,5.81,60531,327168,351685.0,24517.0,2146,2.707,29.0,5400.22,72063.44,77463.66
SF12509,Tamil Nadu,Krishna,Chilli,Rabi,5.97,388.4,24.8,61.9,9.2,7.83,16.3,102.6,31.0,64.6,Drip,192.3,2.16,0.89,0.44,2.63,109986,403287,289263.0,-114024.0,3258,0.807,62.6,-19099.5,67552.26,48452.76
SF12510,Telangana,Nalgonda,Wheat,Rabi,13.21,387.7,20.1,33.4,8.0,6.82,25.1,116.9,31.2,43.9,Drip,183.9,4.52,0.75,2.64,34.87,26439,1053595,921928.0,-131667.0,6576,5.303,26.0,-9967.22,79757.38,69790.16
SF12511,Gujarat,Nashik,Pulses,Rabi,1.02,322.0,21.8,68.9,6.7,6.33,24.8,81.8,61.8,95.3,Drip,251.8,7.24,0.79,1.04,1.06,67508,71959,71558.0,-401.0,296,3.581,32.5,-393.14,70548.04,70154.9
SF12512,Telangana,Nalgonda,Groundnut,Rabi,4.03,336.3,18.9,60.7,6.7,6.74,20.7,79.9,48.7,83.6,Rainfed,135.7,6.61,0.94,1.13,4.55,67310,266404,306260.0,39856.0,1118,4.07,16.8,9889.83,66105.21,75995.04
SF12513,Punjab,Nashik,Cotton,Zaid,11.52,317.8,28.0,53.8,7.5,5.78,11.9,154.1,71.7,73.9,Drip,197.3,6.28,0.93,0.48,5.53,56486,845028,312368.0,-532660.0,6682,0.828,14.9,-46237.85,73353.12,27115.28
SF12514,Madhya Pradesh,Rajkot,Rice,Kharif,12.12,940.3,25.4,86.1,6.9,7.84,28.6,93.3,85.3,63.9,Flood,304.8,4.94,0.68,0.69,8.36,22476,929527,187899.0,-741628.0,19977,0.418,65.8,-61190.43,76693.65,15503.22
SF12515,Telangana,Erode,Maize,Rabi,13.8,578.9,20.7,58.6,6.7,6.8,24.8,106.9,52.4,77.1,Rainfed,226.1,9.44,0.92,2.815,38.85,18321,957938,711771.0,-246167.0,4441,8.748,25.3,-17838.19,69415.8,51577.61
SF12516,Andhra Pradesh,Nalgonda,Groundnut,Rabi,1.29,378.7,24.2,33.3,8.7,6.59,25.6,111.0,62.8,98.1,Drip,237.4,5.03,0.91,1.75,2.26,56907,91936,128610.0,36674.0,564,4.007,25.4,28429.46,71268.22,99697.67
SF12517,Gujarat,Raichur,Wheat,Rabi,5.5,652.7,20.1,44.1,7.9,7.43,28.7,171.4,53.9,152.5,Rainfed,237.7,2.7,0.84,1.44,7.92,24838,407304,196717.0,-210587.0,1560,5.077,43.5,-38288.55,74055.27,35766.73
SF12518,Punjab,Indore,Groundnut,Kharif,6.17,828.8,28.2,69.1,6.4,6.83,37.0,129.9,64.1,75.5,Rainfed,104.0,3.29,0.83,1.86,11.48,62518,326886,717707.0,390821.0,1593,7.207,58.5,63342.14,52979.9,116322.04
SF12519,Madhya Pradesh,Indore,Wheat,Kharif,14.9,969.2,29.1,65.9,7.2,6.28,39.3,104.9,39.2,104.3,Drip,223.4,5.39,0.68,2.32,34.57,25467,948759,880394.0,-68365.0,6411,5.392,48.5,-4588.26,63675.1,59086.85
SF12520,Andhra Pradesh,Krishna,Cotton,Zaid,10.41,478.3,32.3,33.1,8.6,6.78,18.4,169.1,70.7,115.5,Flood,196.0,4.62,0.69,1.38,14.37,68643,608977,986400.0,377423.0,9592,1.498,48.4,36255.81,58499.23,94755.04
SF12521,Madhya Pradesh,Rajkot,Groundnut,Rabi,8.36,321.8,23.1,57.8,8.4,7.25,22.3,174.3,58.0,73.7,Drip,231.4,2.16,0.97,1.16,9.7,52411,535261,508387.0,-26874.0,3900,2.487,43.3,-3214.59,64026.44,60811.84
SF12522,Madhya Pradesh,Rajkot,Wheat,Kharif,3.63,825.3,29.9,66.0,6.3,6.49,26.7,93.7,76.6,42.3,Flood,259.8,5.46,0.7,2.96,10.74,27675,308695,297230.0,-11465.0,2155,4.984,47.8,-3158.4,85039.94,81881.54
SF12523,Tamil Nadu,Erode,Cotton,Kharif,11.85,810.0,26.0,66.9,6.7,6.41,32.9,122.7,88.2,92.2,Sprinkler,227.4,4.95,0.78,2.17,25.71,66334,797765,1705447.0,907682.0,7484,3.435,50.6,76597.64,67321.94,143919.58
SF12524,Madhya Pradesh,Guntur,Sugarcane,Kharif,2.65,697.5,30.4,77.6,7.5,6.1,31.3,105.9,50.3,40.8,Sprinkler,164.2,3.0,0.95,49.09,130.09,4312,155179,560948.0,405769.0,4630,28.097,55.6,153120.38,58558.11,211678.49
SF12525,Punjab,Nashik,Chilli,Rabi,8.16,382.2,23.6,64.5,8.0,7.11,26.6,113.6,44.9,74.1,Rainfed,244.4,5.56,0.9,1.25,10.2,93125,479871,949875.0,470004.0,2205,4.626,37.6,57598.53,58807.72,116406.25
SF12526,Punjab,Nashik,Groundnut,Kharif,6.51,922.5,29.8,71.3,7.6,7.31,29.0,166.5,49.8,123.7,Sprinkler,154.4,7.33,0.88,1.41,9.18,55215,528644,506874.0,-21770.0,3323,2.763,44.6,-3344.09,81204.92,77860.83
SF12527,Karnataka,Krishna,Maize,Kharif,14.39,861.4000000000001,26.3,82.4,5.9,6.44,26.5,67.4,35.3,121.9,Sprinkler,226.8,0.76,0.83,4.24,61.01,20457,1079411,1248082.0,168671.0,7924,7.699,62.7,11721.4,75011.19,86732.59
SF12528,Tamil Nadu,Erode,Rice,Rabi,13.6,457.7,22.4,65.5,6.8,6.23,26.6,108.9,74.9,65.0,Rainfed,203.2,7.4,0.85,2.41,32.78,25575,815454,838348.0,22894.0,9936,3.299,24.2,1683.38,59959.85,61643.24
SF12529,Punjab,Warangal,Rice,Kharif,0.98,871.1,29.7,65.1,7.5,7.11,28.8,114.3,73.8,144.3,Drip,211.3,2.86,0.95,3.05,2.99,18262,73419,54603.0,-18816.0,1256,2.381,42.7,-19200.0,74917.35,55717.35
SF12530,Telangana,Nalgonda,Chilli,Kharif,6.78,1168.0,27.4,71.8,6.7,5.93,28.7,100.2,50.2,98.7,Sprinkler,188.8,5.61,0.99,0.89,6.03,102918,491496,620596.0,129100.0,4001,1.507,58.5,19041.3,72492.04,91533.33
SF12531,Karnataka,Erode,Cotton,Rabi,2.91,348.4,21.7,44.8,7.3,6.31,25.3,95.1,34.2,116.3,Flood,162.7,7.26,0.91,1.12,3.26,59942,205713,195411.0,-10302.0,2762,1.18,37.4,-3540.21,70691.75,67151.55
SF12532,Gujarat,Rajkot,Pulses,Kharif,6.43,866.7,25.4,77.7,6.2,6.38,29.3,174.6,88.1,134.1,Sprinkler,202.2,4.66,0.84,1.56,10.03,68725,479129,689312.0,210183.0,2351,4.266,51.1,32687.87,74514.62,107202.49
SF12533,Maharashtra,Nalgonda,Sugarcane,Kharif,6.09,695.7,30.4,71.7,9.3,6.92,26.4,114.2,82.2,58.4,Rainfed,240.7,6.08,0.72,72.92,444.08,3799,469732,1687060.0,1217328.0,5817,76.342,60.0,199889.66,77131.69,277021.35
SF12534,Gujarat,Warangal,Pulses,Kharif,13.61,893.4,35.3,73.8,7.5,7.19,34.7,113.1,51.6,87.9,Drip,124.6,4.9,0.73,0.91,12.39,68258,709265,845717.0,136452.0,3623,3.42,51.7,10025.86,52113.52,62139.38
SF12535,Karnataka,Nashik,Chilli,Kharif,8.55,865.2,31.4,76.8,7.2,7.71,29.1,162.1,73.8,110.8,Rainfed,162.9,1.73,0.66,0.7,5.98,116094,463908,694242.0,230334.0,2637,2.268,67.4,26939.65,54258.25,81197.89
SF12536,Maharashtra,Rajkot,Chilli,Rabi,6.47,314.5,22.1,54.3,7.9,7.04,23.3,117.6,35.1,159.6,Flood,142.6,1.35,0.72,1.43,9.25,105884,292034,979427.0,687393.0,5395,1.715,45.1,106243.12,45136.63,151379.75
SF12537,Madhya Pradesh,Erode,Cotton,Rabi,12.98,939.2,25.3,66.1,5.1,6.3,13.5,104.3,59.0,164.8,Flood,238.4,1.45,0.84,1.6,20.77,68805,785708,1429080.0,643372.0,13630,1.524,58.8,49566.41,60532.2,110098.61
SF12538,Madhya Pradesh,Guntur,Rice,Rabi,13.52,785.2,26.5,52.4,7.5,5.89,19.5,63.1,16.8,160.6,Rainfed,236.9,1.44,0.76,1.5,20.28,22326,857817,452771.0,-405046.0,12008,1.689,58.0,-29959.02,63448.0,33488.98
SF12539,Tamil Nadu,Ludhiana,Chilli,Kharif,4.98,873.3,29.9,57.1,6.4,6.17,31.0,147.0,69.1,160.7,Drip,105.1,6.18,0.91,2.09,10.41,106732,330280,1111080.0,780800.0,2123,4.903,44.7,156787.15,66321.29,223108.43
SF12540,Telangana,Ludhiana,Rice,Kharif,4.62,974.0,25.8,77.4,7.9,5.88,27.8,152.5,81.4,112.8,Flood,115.3,5.7,0.99,1.98,9.15,24496,321866,224138.0,-97728.0,9652,0.948,43.2,-21153.25,69667.97,48514.72
SF12541,Gujarat,Guntur,Rice,Zaid,3.45,289.7,28.8,44.1,8.5,6.09,24.4,153.2,60.0,170.9,Drip,103.3,4.66,0.79,2.16,7.45,19727,194959,146966.0,-47993.0,4225,1.763,34.5,-13911.01,56509.86,42598.84
SF12542,Andhra Pradesh,Nalgonda,Chilli,Kharif,1.28,823.5,31.1,71.9,7.0,7.2,33.8,145.4,59.7,91.5,Drip,130.0,4.45,0.69,2.07,2.65,119432,73487,316495.0,243008.0,629,4.213,66.7,189850.0,57411.72,247261.72
SF12543,Punjab,Guntur,Pulses,Kharif,8.05,949.8,32.3,63.1,6.1,7.93,33.0,115.4,22.6,94.1,Sprinkler,220.9,2.38,0.74,0.3,2.42,71356,391687,172682.0,-219005.0,2600,0.931,68.4,-27205.59,48656.77,21451.18
SF12544,Punjab,Nalgonda,Wheat,Rabi,10.94,424.0,21.4,46.8,7.6,6.6,26.6,159.2,65.9,86.3,Rainfed,135.5,8.67,1.0,2.41,26.37,21329,469156,562446.0,93290.0,3489,7.558,21.8,8527.42,42884.46,51411.88
SF12545,Punjab,Ludhiana,Wheat,Kharif,8.4,785.4,29.3,61.8,6.2,6.8,32.7,144.0,66.9,98.8,Rainfed,150.0,5.55,0.78,2.82,23.69,24269,492488,574933.0,82445.0,3023,7.837,47.3,9814.88,58629.52,68444.4
SF12546,Telangana,Rajkot,Maize,Rabi,13.27,426.1,23.4,45.2,7.2,7.21,18.1,136.2,62.7,78.1,Flood,157.6,4.97,0.86,3.17,42.07,19364,942227,814643.0,-127584.0,9069,4.639,36.8,-9614.47,71004.3,61389.83
SF12547,Tamil Nadu,Guntur,Maize,Kharif,1.56,795.4,28.2,63.5,5.4,6.42,36.2,175.4,50.6,114.0,Sprinkler,159.4,3.47,0.8,5.76,8.99,21180,90926,190408.0,99482.0,890,10.101,56.1,63770.51,58285.9,122056.41
SF12548,Karnataka,Krishna,Sugarcane,Kharif,11.78,1014.1,33.9,74.8,6.8,6.93,28.1,91.2,78.8,63.3,Flood,287.8,6.29,1.0,44.19,520.56,3905,1012251,2032787.0,1020536.0,27032,19.257,56.3,86632.94,85929.63,172562.56
SF12549,Andhra Pradesh,Raichur,Rice,Kharif,14.15,666.9,29.5,48.1,6.4,6.97,32.6,110.9,36.2,160.2,Drip,147.8,5.87,0.71,4.94,69.9,22745,933714,1589876.0,656162.0,16681,4.19,44.3,46371.87,65986.86,112358.73
SF12550,Maharashtra,Nalgonda,Rice,Rabi,14.45,265.1,23.3,71.9,6.1,6.91,21.7,122.0,70.9,108.1,Rainfed,196.8,8.96,0.83,2.52,36.41,25827,1108245,940361.0,-167884.0,10721,3.396,35.5,-11618.27,76695.16,65076.89
SF12551,Madhya Pradesh,Warangal,Sugarcane,Rabi,14.61,294.8,23.6,46.7,8.3,7.26,25.5,162.8,59.7,121.7,Drip,146.0,6.02,0.69,49.38,721.44,3813,1050470,2750851.0,1700381.0,21698,33.249,34.0,116384.74,71900.75,188285.49
SF12552,Punjab,Warangal,Rice,Zaid,10.09,183.9,34.8,43.9,7.2,6.97,14.9,86.0,36.3,109.2,Sprinkler,144.9,5.05,0.97,2.02,20.38,22930,706016,467313.0,-238703.0,12728,1.601,41.4,-23657.38,69971.85,46314.47
SF12553,Andhra Pradesh,Raichur,Pulses,Rabi,8.79,849.7,23.2,72.0,7.5,5.46,28.8,145.3,57.8,135.5,Flood,157.3,3.47,0.9,0.3,2.64,64882,569155,171288.0,-397867.0,4587,0.576,55.2,-45263.59,64750.28,19486.69
SF12554,Maharashtra,Krishna,Chilli,Rabi,3.71,524.4,19.8,67.3,7.0,7.33,18.9,127.0,63.2,94.9,Flood,191.1,7.99,0.99,1.26,4.67,124606,255858,581910.0,326052.0,3443,1.356,32.7,87884.64,68964.42,156849.06
SF12555,Andhra Pradesh,Rajkot,Groundnut,Rabi,4.56,214.0,22.3,54.6,7.2,7.64,19.9,106.9,61.9,114.5,Flood,142.6,3.63,0.92,0.45,2.05,65550,314482,134378.0,-180104.0,2981,0.688,41.9,-39496.49,68965.35,29468.86
SF12556,Tamil Nadu,Raichur,Chilli,Rabi,2.75,513.9,25.6,56.5,8.3,6.81,25.9,81.3,61.9,134.5,Drip,187.6,5.22,0.71,2.73,7.51,90171,172898,677184.0,504286.0,1090,6.89,30.8,183376.73,62872.0,246248.73
SF12557,Telangana,Erode,Chilli,Rabi,11.41,336.9,22.6,55.0,9.3,6.66,26.5,129.5,63.6,73.1,Rainfed,201.2,2.03,0.65,2.09,23.85,104082,667791,2482356.0,1814565.0,3718,6.415,39.1,159032.87,58526.82,217559.68
SF12558,Gujarat,Raichur,Chilli,Kharif,2.96,668.2,23.8,68.6,7.6,6.33,38.2,123.1,88.9,107.4,Rainfed,178.3,1.82,0.99,2.15,6.36,108818,155938,692082.0,536144.0,742,8.571,52.6,181129.73,52681.76,233811.49
SF12559,Gujarat,Nalgonda,Sugarcane,Kharif,9.67,1099.6,30.2,68.0,7.0,6.01,27.6,99.2,71.6,84.6,Drip,180.5,7.99,0.97,37.11,358.85,2920,543532,1047842.0,504310.0,15291,23.468,65.6,52152.02,56208.07,108360.08
SF12560,Tamil Nadu,Krishna,Rice,Kharif,9.21,727.7,24.5,88.1,7.9,5.2,30.4,115.4,59.6,103.1,Rainfed,210.5,5.91,0.9,0.3,2.76,23013,641172,63516.0,-577656.0,8921,0.309,50.7,-62720.52,69616.94,6896.42
SF12561,Andhra Pradesh,Nashik,Chilli,Kharif,0.73,830.2,29.5,81.4,6.2,6.28,31.2,126.2,57.6,75.1,Drip,163.6,7.14,0.94,2.25,1.64,103954,53771,170485.0,116714.0,405,4.049,47.3,159882.19,73658.9,233541.1
SF12562,Punjab,Guntur,Pulses,Kharif,11.9,610.1,23.6,76.3,7.0,6.27,34.8,118.0,88.9,107.6,Rainfed,249.0,6.04,0.67,1.0,11.9,78144,935676,929914.0,-5762.0,2784,4.274,52.7,-484.2,78628.24,78144.03
SF12563,Tamil Nadu,Raichur,Groundnut,Kharif,12.76,817.8,28.2,71.8,7.0,7.01,27.1,122.7,69.7,105.1,Flood,150.6,6.43,0.99,2.29,29.22,56416,828345,1648476.0,820131.0,8499,3.438,54.8,64273.59,64917.32,129190.91
SF12564,Andhra Pradesh,Rajkot,Maize,Kharif,8.99,720.5,31.4,63.4,7.6,6.25,36.9,102.8,17.3,107.5,Sprinkler,153.3,3.1,0.69,2.99,26.88,26754,590790,719148.0,128358.0,5587,4.811,58.1,14277.86,65716.35,79994.22
SF12565,Madhya Pradesh,Ludhiana,Sugarcane,Kharif,11.31,1025.3,27.5,63.8,7.4,6.66,29.8,102.6,60.3,115.7,Flood,161.1,5.09,0.68,57.47,649.99,3569,765550,2319814.0,1554264.0,25194,25.799,69.2,137423.87,67687.89,205111.76
SF12566,Maharashtra,Rajkot,Chilli,Rabi,11.13,387.7,26.4,57.0,7.3,7.0,14.9,220.0,46.8,107.9,Flood,210.5,6.94,0.81,2.19,24.37,110734,872860,2698588.0,1825728.0,10197,2.39,33.8,164036.66,78424.08,242460.74
SF12567,Maharashtra,Nashik,Wheat,Kharif,8.52,943.1,25.8,79.6,6.0,6.12,34.2,139.2,64.2,65.1,Sprinkler,279.9,0.52,0.67,2.38,20.28,22271,546240,451656.0,-94584.0,4959,4.09,63.3,-11101.41,64112.68,53011.27
SF12568,Maharashtra,Guntur,Pulses,Kharif,10.39,742.1,26.7,76.9,6.3,6.08,34.2,161.0,53.6,69.1,Drip,249.5,4.77,0.68,1.19,12.36,63894,846335,789730.0,-56605.0,3704,3.337,53.4,-5448.03,81456.69,76008.66
SF12569,Gujarat,Guntur,Chilli,Kharif,3.49,808.5,29.2,77.2,5.9,6.25,31.1,156.4,37.8,95.1,Sprinkler,281.6,2.81,0.85,2.14,7.47,99944,251912,746582.0,494670.0,2113,3.535,60.0,141739.26,72181.09,213920.34
SF12570,Tamil Nadu,Raichur,Maize,Kharif,0.96,933.0,27.2,60.3,7.0,7.5,34.2,134.0,86.9,146.9,Drip,249.6,4.05,0.99,2.71,2.6,25793,68527,67062.0,-1465.0,476,5.462,57.3,-1526.04,71382.29,69856.25
SF12571,Punjab,Guntur,Chilli,Rabi,10.69,298.0,21.4,63.0,7.5,6.86,21.1,144.3,26.6,44.7,Rainfed,207.6,5.25,0.7,1.67,17.85,87547,838946,1562714.0,723768.0,3370,5.297,49.8,67705.14,78479.51,146184.66
SF12572,Maharashtra,Krishna,Wheat,Kharif,2.97,971.4,31.1,81.3,7.7,5.86,21.5,169.8,44.3,104.5,Rainfed,225.3,3.76,0.99,1.04,3.09,21922,169871,67739.0,-102132.0,842,3.67,52.3,-34387.88,57195.62,22807.74
SF12573,Tamil Nadu,Nashik,Rice,Rabi,2.61,326.1,23.4,61.2,7.2,5.67,23.6,157.0,52.6,91.4,Sprinkler,175.4,4.4,0.66,0.91,2.38,23982,195890,57077.0,-138813.0,4226,0.563,38.9,-53185.06,75053.64,21868.58
SF12574,Maharashtra,Warangal,Cotton,Kharif,13.63,868.0,29.3,67.7,6.2,7.37,34.5,175.3,47.5,57.0,Flood,215.4,5.39,0.95,1.08,14.72,65829,1015139,969003.0,-46136.0,13773,1.069,50.6,-3384.89,74478.28,71093.4
SF12575,Maharashtra,Guntur,Maize,Zaid,5.68,273.8,24.6,36.7,8.5,6.58,8.0,149.5,69.4,67.3,Flood,208.3,6.39,0.73,3.59,20.39,22459,359012,457939.0,98927.0,5456,3.737,33.6,17416.73,63206.34,80623.06
SF12576,Gujarat,Indore,Chilli,Rabi,2.5,381.8,21.2,61.0,9.0,8.08,24.1,127.7,31.7,106.4,Drip,213.8,3.15,0.92,0.3,0.75,100529,148168,75397.0,-72771.0,1145,0.655,45.6,-29108.4,59267.2,30158.8
SF12577,Tamil Nadu,Guntur,Rice,Rabi,1.93,457.1,22.4,52.8,7.1,6.32,24.1,148.5,50.8,94.5,Flood,270.1,4.03,0.89,2.56,4.94,25315,137736,125056.0,-12680.0,3828,1.29,46.4,-6569.95,71365.8,64795.85
SF12578,Punjab,Nashik,Maize,Kharif,7.92,876.1,31.3,69.2,5.2,6.88,31.2,152.3,57.0,122.8,Flood,141.2,7.47,0.9,4.0,31.68,21092,519844,668195.0,148351.0,6543,4.842,51.9,18731.19,65636.87,84368.06
SF12579,Karnataka,Indore,Maize,Rabi,2.13,233.2,22.9,61.3,6.6,6.24,22.1,116.9,64.7,81.3,Flood,126.7,4.64,0.7,2.43,5.18,21977,140234,113841.0,-26393.0,1632,3.174,34.3,-12391.08,65837.56,53446.48
SF12580,Andhra Pradesh,Nashik,Wheat,Rabi,4.24,531.1,27.4,64.9,6.9,6.11,20.1,62.9,57.3,104.3,Flood,267.7,5.3,0.87,1.74,7.38,26447,348371,195179.0,-153192.0,3328,2.218,43.9,-36130.19,82162.97,46032.78
SF12581,Punjab,Guntur,Pulses,Kharif,10.09,884.3,26.3,62.5,7.0,6.92,25.4,147.2,19.9,54.5,Drip,169.6,7.5,0.89,1.49,15.03,78224,644470,1175707.0,531237.0,3528,4.26,46.5,52649.85,63872.15,116522.0
SF12582,Gujarat,Raichur,Pulses,Kharif,6.8,950.8,25.3,75.7,6.0,7.22,37.1,103.0,39.7,68.1,Rainfed,215.7,2.38,0.92,0.98,6.66,82858,426540,551834.0,125294.0,1396,4.771,70.2,18425.59,62726.47,81152.06
SF12583,Andhra Pradesh,Raichur,Wheat,Rabi,3.57,316.1,24.3,55.5,8.4,5.68,26.3,151.0,73.4,157.7,Flood,185.3,3.22,0.91,0.84,3.0,23670,232564,71010.0,-161554.0,2289,1.311,47.5,-45253.22,65143.98,19890.76
SF12584,Tamil Nadu,Warangal,Wheat,Rabi,8.8,769.9,21.9,71.9,6.7,5.99,26.2,89.5,77.0,79.4,Drip,190.3,7.16,0.94,1.82,16.02,23445,521169,375589.0,-145580.0,5182,3.091,51.2,-16543.18,59223.75,42680.57
SF12585,Karnataka,Rajkot,Cotton,Rabi,3.99,135.7,25.5,58.1,8.2,6.05,21.1,123.4,58.8,116.1,Flood,219.0,1.61,0.89,0.85,3.39,65462,313484,221916.0,-91568.0,3737,0.907,41.3,-22949.37,78567.42,55618.05
SF12586,Madhya Pradesh,Warangal,Cotton,Rabi,14.2,615.6,27.8,52.8,7.2,6.67,24.8,96.0,47.5,87.1,Rainfed,206.3,1.98,0.8,1.89,26.84,68482,831631,1838057.0,1006426.0,6355,4.223,65.6,70875.07,58565.56,129440.63
SF12587,Tamil Nadu,Krishna,Pulses,Kharif,12.12,813.8,31.6,61.9,5.7,6.91,30.9,141.1,64.0,125.5,Rainfed,129.6,5.69,0.96,1.4,16.97,70229,719492,1191786.0,472294.0,2188,7.756,46.3,38968.15,59364.03,98332.18
SF12588,Tamil Nadu,Ludhiana,Chilli,Zaid,8.85,240.3,28.8,47.4,7.4,5.2,24.1,121.4,46.7,45.0,Flood,73.0,1.99,0.71,0.3,2.66,103566,452134,275486.0,-176648.0,6979,0.381,46.3,-19960.23,51088.59,31128.36
SF12589,Karnataka,Nalgonda,Rice,Rabi,0.8,588.7,21.0,49.5,8.4,6.59,14.7,117.2,51.1,65.6,Flood,63.8,4.3,0.78,2.38,1.9,23341,42617,44348.0,1731.0,1599,1.188,29.4,2163.75,53271.25,55435.0
SF12590,Karnataka,Krishna,Pulses,Rabi,13.5,592.3,26.0,54.6,6.0,5.75,34.3,152.8,51.7,107.7,Flood,98.3,2.7,0.69,0.57,7.69,70642,700317,543237.0,-157080.0,6802,1.131,45.2,-11635.56,51875.33,40239.78
SF12591,Gujarat,Nalgonda,Rice,Rabi,13.96,501.2,25.7,68.6,9.0,6.65,25.1,128.2,60.6,133.1,Drip,223.0,2.24,0.93,4.31,60.17,23367,1006684,1405992.0,399308.0,18480,3.256,53.1,28603.72,72112.03,100715.76
SF12592,Karnataka,Nashik,Sugarcane,Kharif,10.76,1104.2,27.0,68.3,5.9,7.21,27.8,99.2,57.2,130.3,Flood,137.0,0.5,0.99,47.69,513.14,3350,645414,1719019.0,1073605.0,26415,19.426,73.4,99777.42,59982.71,159760.13
SF12593,Telangana,Nashik,Sugarcane,Rabi,1.4,410.4,22.7,60.7,7.1,5.99,21.9,146.3,67.6,97.3,Flood,232.3,3.29,0.69,35.23,49.32,3369,107879,166159.0,58280.0,3069,16.07,57.4,41628.57,77056.43,118685.0
SF12594,Telangana,Indore,Wheat,Kharif,14.84,762.5,29.8,62.4,7.9,6.67,30.6,177.6,74.5,91.1,Flood,121.7,4.77,0.93,4.35,64.55,23786,970996,1535386.0,564390.0,10014,6.446,63.8,38031.67,65431.0,103462.67
SF12595,Gujarat,Rajkot,Wheat,Rabi,11.7,635.1,21.7,72.5,7.6,6.91,23.4,164.7,76.2,112.4,Flood,244.3,7.65,0.71,3.55,41.54,27922,928382,1159880.0,231498.0,7561,5.494,37.9,19786.15,79348.89,99135.04
SF12596,Telangana,Nashik,Wheat,Kharif,7.45,735.6,28.6,74.6,6.5,7.09,40.6,109.3,32.7,98.8,Rainfed,213.3,4.87,0.75,2.23,16.61,23162,488920,384721.0,-104199.0,2191,7.581,64.8,-13986.44,65626.85,51640.4
SF12597,Punjab,Warangal,Groundnut,Rabi,0.94,357.6,23.0,41.2,7.4,8.4,20.4,94.0,40.5,46.2,Drip,151.0,6.76,0.93,0.3,0.28,51490,59362,14417.0,-44945.0,371,0.755,26.9,-47813.83,63151.06,15337.23
SF12598,Maharashtra,Warangal,Pulses,Rabi,11.03,1009.9,22.5,68.4,9.9,6.76,21.4,123.9,59.0,116.9,Flood,188.3,5.93,0.72,1.22,13.46,70718,703821,951864.0,248043.0,5155,2.611,46.1,22488.03,63809.7,86297.73
SF12599,Andhra Pradesh,Rajkot,Cotton,Rabi,1.06,304.3,23.3,53.4,8.7,6.89,29.1,41.7,74.4,124.8,Drip,160.7,5.99,0.77,1.58,1.67,61411,75412,102556.0,27144.0,764,2.186,35.4,25607.55,71143.4,96750.94
SF12600,Karnataka,Ludhiana,Maize,Rabi,8.11,439.0,25.0,49.3,6.8,5.67,23.3,133.6,53.2,57.8,Drip,167.2,4.17,0.8,1.11,9.0,20825,462794,187425.0,-275369.0,4096,2.197,52.8,-33954.25,57064.61,23110.36
SF12601,Gujarat,Rajkot,Chilli,Kharif,9.31,938.1,27.2,76.4,5.9,7.25,36.1,97.2,61.1,73.9,Drip,235.0,3.89,0.81,2.02,18.81,113686,499439,2138434.0,1638995.0,5296,3.552,58.5,176046.72,53645.44,229692.16
SF12602,Telangana,Ludhiana,Wheat,Kharif,12.83,1115.9,27.8,76.5,6.1,6.52,39.2,143.0,56.2,111.8,Rainfed,192.1,7.94,0.85,3.11,39.9,22392,916971,893441.0,-23530.0,3280,12.165,59.6,-1833.98,71470.85,69636.87
SF12603,Tamil Nadu,Warangal,Wheat,Kharif,2.55,905.6,28.5,86.3,3.7,6.23,25.6,143.9,54.7,101.6,Rainfed,243.6,4.88,0.66,1.93,4.92,23402,149053,115138.0,-33915.0,775,6.348,50.8,-13300.0,58452.16,45152.16
SF12604,Punjab,Warangal,Cotton,Zaid,6.08,183.4,32.9,58.5,8.9,6.63,24.0,84.6,79.8,90.8,Flood,304.9,1.9,0.78,1.2,7.3,70256,446320,512869.0,66549.0,6228,1.172,38.6,10945.56,73407.89,84353.45
SF12605,Punjab,Nashik,Pulses,Kharif,7.49,877.2,27.0,71.5,7.2,6.57,37.0,117.6,48.0,118.1,Rainfed,130.6,3.96,0.75,1.41,10.56,87938,413011,928625.0,515614.0,1498,7.049,57.4,68840.32,55141.66,123981.98
SF12606,Telangana,Raichur,Chilli,Kharif,8.65,1001.5,25.7,68.6,5.3,6.47,38.5,138.0,75.4,75.3,Drip,91.5,8.51,0.66,2.49,21.54,100431,524840,2163284.0,1638444.0,5016,4.294,42.3,189415.49,60675.14,250090.64
SF12607,Gujarat,Ludhiana,Maize,Rabi,1.51,295.6,23.1,70.8,5.4,6.44,29.0,94.3,62.8,146.6,Flood,157.1,3.6,0.92,3.13,4.73,24087,90538,113932.0,23394.0,1284,3.684,34.2,15492.72,59958.94,75451.66
SF12608,Telangana,Erode,Chilli,Rabi,11.82,469.2,27.0,56.7,6.9,6.86,23.9,141.8,43.2,64.1,Rainfed,174.3,6.15,0.88,2.02,23.88,102833,767026,2455652.0,1688626.0,4028,5.929,39.2,142861.76,64892.22,207753.98
SF12609,Andhra Pradesh,Nalgonda,Rice,Kharif,14.0,839.9000000000001,30.4,71.2,5.6,6.63,30.5,92.7,71.8,86.6,Flood,211.6,3.45,0.69,3.33,46.62,19350,935243,902097.0,-33146.0,25626,1.819,55.3,-2367.57,66803.07,64435.5
SF12610,Tamil Nadu,Erode,Pulses,Rabi,9.96,636.9,23.8,70.6,7.4,7.55,26.5,161.0,50.4,113.7,Rainfed,151.0,1.77,0.68,0.6,5.98,69209,552554,413870.0,-138684.0,1809,3.306,51.5,-13924.1,55477.31,41553.21
SF12611,Karnataka,Indore,Rice,Kharif,14.43,715.9,24.6,61.6,6.8,6.52,30.1,128.3,53.5,119.9,Flood,195.0,8.08,0.75,4.13,59.6,22815,1007705,1359774.0,352069.0,24824,2.401,32.9,24398.41,69834.03,94232.43
SF12612,Madhya Pradesh,Warangal,Groundnut,Zaid,5.62,444.7,36.1,44.2,7.4,6.56,15.6,96.3,77.2,98.6,Flood,175.3,0.5,0.66,1.3,7.31,55217,329558,403636.0,74078.0,3719,1.966,64.1,13181.14,58640.21,71821.35
SF12613,Gujarat,Nashik,Rice,Kharif,9.8,832.7,20.5,82.7,7.2,7.37,32.6,109.5,66.0,90.7,Drip,120.8,2.82,0.86,1.54,15.09,20811,564378,314038.0,-250340.0,14356,1.051,58.9,-25544.9,57589.59,32044.69
SF12614,Telangana,Erode,Pulses,Zaid,3.63,337.3,30.1,65.8,9.3,7.07,30.1,159.3,36.7,88.5,Drip,202.3,5.38,0.74,1.08,3.92,69258,261279,271491.0,10212.0,1176,3.333,45.7,2813.22,71977.69,74790.91
SF12615,Andhra Pradesh,Krishna,Sugarcane,Kharif,6.44,732.1,27.9,75.5,5.9,6.89,29.4,96.7,61.1,104.0,Sprinkler,259.3,6.27,0.76,76.79,494.53,3752,420397,1855477.0,1435080.0,11301,43.76,45.2,222838.51,65279.04,288117.55
SF12616,Gujarat,Ludhiana,Pulses,Rabi,5.67,660.9,23.3,36.6,6.4,5.58,28.1,138.5,60.5,127.3,Sprinkler,266.1,4.17,0.85,0.34,1.93,67335,336845,129957.0,-206888.0,2290,0.843,38.3,-36488.18,59408.29,22920.11
SF12617,Madhya Pradesh,Raichur,Chilli,Kharif,11.47,774.1,24.7,81.0,6.2,8.35,32.6,116.5,40.7,133.1,Drip,192.2,3.96,0.93,0.3,3.44,101401,756496,348819.0,-407677.0,6561,0.524,52.4,-35542.89,65954.32,30411.42
SF12618,Madhya Pradesh,Ludhiana,Maize,Rabi,13.9,299.6,19.9,61.9,9.0,7.13,22.3,43.8,74.1,57.7,Flood,156.7,3.5,0.75,2.31,32.11,16690,942189,535916.0,-406273.0,11095,2.894,56.2,-29228.27,67783.38,38555.11
SF12619,Punjab,Rajkot,Cotton,Kharif,9.2,854.4,27.1,71.3,9.3,6.86,35.0,100.0,50.3,76.7,Flood,203.4,5.33,0.86,1.93,17.76,76225,533536,1353756.0,820220.0,8642,2.055,34.1,89154.35,57993.04,147147.39
SF12620,Telangana,Nalgonda,Maize,Kharif,9.92,835.4,27.8,70.8,7.9,6.4,35.0,142.4,53.7,173.9,Flood,263.3,4.87,0.85,4.36,43.25,21226,744227,918024.0,173797.0,7770,5.566,62.5,17519.86,75022.88,92542.74
SF12621,Tamil Nadu,Rajkot,Wheat,Zaid,11.1,209.3,36.2,54.9,7.6,6.62,13.7,140.7,60.3,106.6,Drip,185.4,7.07,0.9,1.99,22.09,19263,700637,425520.0,-275117.0,5660,3.903,40.3,-24785.32,63120.45,38335.14
SF12622,Tamil Nadu,Krishna,Cotton,Kharif,7.25,905.1,27.8,78.0,6.3,7.82,26.2,40.0,53.6,98.6,Flood,94.8,3.14,0.95,0.33,2.39,66124,480016,158036.0,-321980.0,7141,0.335,65.3,-44411.03,66209.1,21798.07
SF12623,Maharashtra,Ludhiana,Groundnut,Kharif,2.99,290.7,29.1,77.5,6.2,7.55,34.4,147.5,65.8,58.2,Rainfed,132.8,5.54,0.65,0.7,2.09,47176,192370,98598.0,-93772.0,772,2.707,41.9,-31361.87,64337.79,32975.92
SF12624,Karnataka,Rajkot,Rice,Rabi,6.33,300.4,23.3,65.8,7.1,6.46,22.2,117.6,15.0,87.1,Rainfed,239.0,1.84,0.67,2.44,15.45,22494,461298,347532.0,-113766.0,4906,3.149,50.1,-17972.51,72874.88,54902.37
SF12625,Madhya Pradesh,Krishna,Wheat,Kharif,2.1,754.1,29.2,74.0,7.5,6.54,25.6,132.7,25.0,131.7,Drip,142.0,4.69,0.88,4.11,8.63,25947,169826,223923.0,54097.0,934,9.24,51.1,25760.48,80869.52,106630.0
SF12626,Karnataka,Rajkot,Pulses,Rabi,5.5,390.2,24.3,60.3,6.2,6.46,20.0,108.2,15.0,113.4,Rainfed,244.8,3.98,0.72,0.94,5.17,69027,394777,356870.0,-37907.0,989,5.228,39.9,-6892.18,71777.64,64885.45
SF12627,Andhra Pradesh,Raichur,Chilli,Kharif,5.73,803.5,31.6,77.1,6.4,5.91,33.0,134.3,51.9,79.1,Rainfed,271.0,0.5,0.77,0.99,5.67,95833,361152,543373.0,182221.0,1851,3.063,67.4,31801.22,63028.27,94829.49
SF12628,Karnataka,Nalgonda,Maize,Kharif,12.75,855.5,29.8,73.5,7.1,5.39,27.2,123.9,75.6,72.9,Drip,157.9,3.74,0.97,0.47,5.99,19987,896953,119722.0,-777231.0,5724,1.046,72.3,-60959.29,70349.25,9389.96
SF12629,Maharashtra,Nashik,Rice,Rabi,12.97,624.0,22.6,52.0,7.7,6.39,25.4,93.4,47.4,116.1,Rainfed,163.8,5.16,0.81,2.73,35.41,23487,879149,831675.0,-47474.0,10387,3.409,46.9,-3660.29,67783.27,64122.98
SF12630,Maharashtra,Krishna,Wheat,Rabi,3.97,308.3,26.1,47.6,8.0,7.48,25.8,81.4,47.3,105.8,Flood,167.8,2.1,0.75,1.26,5.0,26444,256728,132220.0,-124508.0,3140,1.592,32.1,-31362.22,64667.0,33304.79
SF12631,Punjab,Nashik,Wheat,Kharif,1.93,871.1,25.8,77.3,6.2,6.66,26.9,112.8,61.2,91.5,Drip,161.5,2.06,0.93,3.91,7.55,22134,129322,167112.0,37790.0,1014,7.446,66.4,19580.31,67006.22,86586.53
SF12632,Andhra Pradesh,Erode,Groundnut,Kharif,10.81,974.3,29.2,82.4,7.4,7.29,30.4,123.3,37.1,114.0,Flood,283.0,1.96,0.8,1.29,13.94,59834,853114,834086.0,-19028.0,6349,2.196,74.0,-1760.22,78918.96,77158.74
SF12633,Telangana,Nalgonda,Maize,Kharif,0.53,600.3,30.3,80.4,7.5,7.07,25.0,128.2,43.6,89.3,Rainfed,130.6,6.96,0.76,3.61,1.91,25284,31811,48292.0,16481.0,183,10.437,51.5,31096.23,60020.75,91116.98
SF12634,Madhya Pradesh,Warangal,Rice,Rabi,13.98,183.4,20.6,57.2,8.6,7.11,19.6,122.6,79.7,142.9,Flood,138.0,8.71,0.97,2.1,29.36,22705,838532,666619.0,-171913.0,24489,1.199,24.1,-12297.07,59980.83,47683.76
SF12635,Madhya Pradesh,Rajkot,Groundnut,Rabi,7.02,339.7,20.8,54.7,8.0,5.44,23.2,111.5,44.1,135.3,Sprinkler,207.8,10.01,0.83,0.3,2.11,65511,568881,138228.0,-430653.0,3061,0.689,17.9,-61346.58,81037.18,19690.6
SF12636,Andhra Pradesh,Erode,Maize,Kharif,6.6,992.3,28.8,57.2,7.4,6.84,40.1,149.4,41.9,106.9,Rainfed,215.6,4.02,0.83,3.29,21.71,19292,405935,418829.0,12894.0,2165,10.028,56.9,1953.64,61505.3,63458.94
SF12637,Tamil Nadu,Rajkot,Rice,Rabi,7.61,414.8,21.5,46.5,8.0,6.24,24.5,70.7,53.4,90.6,Flood,250.1,5.01,0.68,2.29,17.43,15770,536989,274871.0,-262118.0,12476,1.397,43.6,-34443.89,70563.6,36119.71
SF12638,Tamil Nadu,Warangal,Cotton,Zaid,12.94,288.0,30.0,62.6,7.9,7.27,16.1,169.2,68.2,101.7,Rainfed,196.3,5.41,0.79,1.06,13.72,72341,1074747,992519.0,-82228.0,5355,2.562,34.7,-6354.56,83056.18,76701.62
SF12639,Telangana,Indore,Rice,Rabi,11.3,375.4,24.5,42.9,7.1,6.32,18.9,109.6,71.1,108.7,Drip,199.1,6.81,0.94,3.57,40.34,23944,782086,965901.0,183815.0,11681,3.453,26.3,16266.81,69211.15,85477.96
SF12640,Punjab,Guntur,Wheat,Kharif,1.5,1069.2,28.4,76.5,6.7,7.73,23.7,171.1,55.0,126.3,Drip,197.7,6.21,0.95,1.05,1.58,26068,104343,41187.0,-63156.0,632,2.5,56.1,-42104.0,69562.0,27458.0
SF12641,Telangana,Ludhiana,Sugarcane,Rabi,1.75,630.2,22.7,53.0,9.0,6.78,27.6,123.9,47.5,111.4,Rainfed,274.0,4.78,0.84,57.02,99.79,3764,136252,375610.0,239358.0,1805,55.285,48.1,136776.0,77858.29,214634.29
SF12642,Punjab,Raichur,Wheat,Kharif,14.92,896.7,27.5,65.7,6.1,6.8,35.7,135.2,69.1,124.9,Sprinkler,214.0,7.02,0.98,3.98,59.38,19970,1022555,1185819.0,163264.0,7593,7.82,49.4,10942.63,68535.86,79478.49
SF12643,Maharashtra,Krishna,Chilli,Rabi,12.49,342.6,23.8,60.4,5.7,7.68,19.3,138.1,77.7,77.6,Sprinkler,263.5,7.76,0.66,0.79,9.87,99804,857394,985065.0,127671.0,7852,1.257,36.3,10221.86,68646.44,78868.29
SF12644,Andhra Pradesh,Ludhiana,Rice,Kharif,8.44,656.7,23.6,60.3,6.3,7.78,33.2,139.5,55.6,110.0,Flood,157.7,2.05,0.87,0.89,7.51,21576,416191,162036.0,-254155.0,14247,0.527,51.4,-30113.15,49311.73,19198.58
SF12645,Madhya Pradesh,Warangal,Maize,Rabi,14.48,577.3,22.2,53.0,7.6,7.47,20.5,139.7,60.8,124.4,Rainfed,177.1,8.2,0.99,1.87,27.08,24499,1126428,663433.0,-462995.0,4998,5.418,32.6,-31974.79,77791.99,45817.2
SF12646,Telangana,Indore,Pulses,Rabi,13.64,417.1,23.8,44.5,7.6,6.57,22.0,112.6,47.5,108.7,Flood,222.4,6.39,0.87,1.32,18.0,79028,1109046,1422504.0,313458.0,6818,2.64,20.5,22980.79,81308.36,104289.15
SF12647,Madhya Pradesh,Warangal,Rice,Rabi,7.88,614.3,22.7,58.5,5.6,6.7,19.6,153.4,65.8,113.2,Sprinkler,221.0,2.26,0.77,3.63,28.6,21692,471647,620391.0,148744.0,12290,2.327,57.3,18876.14,59853.68,78729.82
SF12648,Tamil Nadu,Nashik,Pulses,Kharif,13.16,678.0,31.8,66.1,8.4,6.31,27.2,146.4,81.6,115.2,Rainfed,201.6,7.33,1.0,1.28,16.84,79743,815333,1342872.0,527539.0,2793,6.029,51.2,40086.55,61955.4,102041.95
SF12649,Madhya Pradesh,Krishna,Groundnut,Kharif,7.58,929.6,30.0,75.4,8.6,5.65,29.8,120.4,48.2,145.8,Drip,256.3,5.21,0.7,0.59,4.47,51303,589941,229324.0,-360617.0,3106,1.439,66.1,-47574.8,77828.63,30253.83
SF12650,Andhra Pradesh,Krishna,Cotton,Rabi,14.87,475.7,20.8,66.5,6.7,7.51,27.7,77.9,75.1,107.5,Rainfed,283.7,5.71,0.98,0.62,9.22,76524,946623,705551.0,-241072.0,6097,1.512,49.0,-16211.97,63659.92,47447.95
SF12651,Telangana,Ludhiana,Rice,Rabi,4.81,373.2,21.7,61.5,9.8,7.03,25.9,125.7,67.6,92.7,Flood,150.5,4.08,0.79,2.42,11.64,24890,289238,289720.0,482.0,8520,1.366,31.9,100.21,60132.64,60232.85
SF12652,Tamil Nadu,Nashik,Chilli,Kharif,3.08,804.4,29.1,74.7,7.7,6.94,30.4,88.8,57.8,128.3,Drip,52.9,2.91,0.76,2.31,7.11,99847,160063,709912.0,549849.0,1678,4.237,43.8,178522.4,51968.51,230490.91
SF12653,Telangana,Guntur,Pulses,Kharif,13.49,1024.4,32.4,85.7,7.3,5.68,20.1,151.4,53.3,104.8,Flood,126.2,6.13,0.8,0.3,4.05,72158,925226,292240.0,-632986.0,4921,0.823,70.1,-46922.61,68586.06,21663.45
SF12654,Telangana,Warangal,Groundnut,Kharif,10.29,995.1,30.6,72.9,6.1,5.68,34.7,123.0,41.9,131.0,Drip,154.3,6.1,0.94,0.56,5.76,63123,752069,363588.0,-388481.0,4662,1.236,56.5,-37753.26,73087.37,35334.11
SF12655,Andhra Pradesh,Rajkot,Groundnut,Rabi,12.13,418.9,22.6,72.8,6.5,6.52,31.9,145.3,67.3,130.0,Flood,107.5,4.33,0.86,1.9,23.05,56661,686700,1306036.0,619336.0,7291,3.161,42.1,51058.2,56611.71,107669.91
SF12656,Maharashtra,Nashik,Rice,Kharif,7.57,785.1,29.6,72.7,8.0,7.14,28.8,130.1,29.3,75.8,Rainfed,166.0,7.95,0.74,2.35,17.79,21253,510677,378091.0,-132586.0,6287,2.83,56.2,-17514.66,67460.63,49945.97
SF12657,Punjab,Guntur,Sugarcane,Rabi,2.54,432.7,25.4,61.9,7.9,6.62,19.1,137.0,67.7,95.8,Drip,185.3,3.5,0.97,73.97,187.88,3219,175647,604786.0,429139.0,4441,42.306,47.6,168952.36,69152.36,238104.72
SF12658,Maharashtra,Guntur,Groundnut,Rabi,8.56,408.4,23.5,66.7,7.9,6.55,29.7,79.4,31.8,124.3,Flood,85.6,5.97,0.94,1.44,12.33,48556,544775,598695.0,53920.0,5529,2.23,50.0,6299.07,63641.94,69941.0
SF12659,Gujarat,Erode,Sugarcane,Rabi,11.52,658.7,21.1,63.6,9.1,6.37,24.0,109.8,62.9,121.6,Drip,191.9,0.5,0.89,78.82,908.01,3464,680514,3145347.0,2464833.0,18157,50.009,59.1,213961.2,59072.4,273033.59
SF12660,Punjab,Krishna,Groundnut,Kharif,12.65,850.5,25.6,69.1,6.3,6.5,38.3,102.3,44.4,131.5,Rainfed,214.3,8.77,0.82,1.88,23.78,53014,811680,1260673.0,448993.0,3629,6.553,54.1,35493.52,64164.43,99657.94
SF12661,Karnataka,Krishna,Groundnut,Zaid,8.44,405.1,32.7,52.4,7.1,7.82,17.8,138.1,80.0,55.4,Sprinkler,194.1,5.24,0.7,0.31,2.62,48653,521342,127471.0,-393871.0,4339,0.604,46.8,-46667.18,61770.38,15103.2
SF12662,Gujarat,Erode,Groundnut,Rabi,0.76,389.4,28.8,60.4,7.3,7.64,18.7,144.5,65.5,72.9,Drip,269.8,3.9,0.91,0.59,0.45,58923,68519,26515.0,-42004.0,338,1.331,50.1,-55268.42,90156.58,34888.16
SF12663,Punjab,Krishna,Maize,Rabi,9.16,533.0,28.3,59.8,8.2,6.35,24.1,70.7,75.6,99.0,Rainfed,52.1,4.24,0.71,3.53,32.33,21072,454174,681258.0,227084.0,2855,11.324,36.6,24790.83,49582.31,74373.14
SF12664,Madhya Pradesh,Erode,Wheat,Kharif,2.34,1151.4,22.5,55.7,6.6,5.82,28.7,117.7,96.8,121.8,Sprinkler,204.9,1.0,0.96,1.02,2.39,22364,139230,53450.0,-85780.0,1229,1.945,71.0,-36658.12,59500.0,22841.88
SF12665,Telangana,Rajkot,Rice,Rabi,10.56,447.7,21.9,58.3,6.4,5.9,29.2,152.3,46.5,129.2,Flood,94.4,8.36,0.68,1.59,16.79,24173,689101,405865.0,-283236.0,19157,0.876,29.4,-26821.59,65255.78,38434.19
SF12666,Andhra Pradesh,Nashik,Cotton,Rabi,3.29,547.9,26.9,66.0,5.7,7.33,39.2,88.3,15.0,144.2,Drip,140.6,7.62,0.79,1.29,4.24,55235,260555,234196.0,-26359.0,1910,2.22,29.7,-8011.85,79196.05,71184.19
SF12667,Karnataka,Raichur,Sugarcane,Rabi,11.62,303.3,24.0,52.7,7.1,7.04,21.4,113.5,71.8,78.0,Sprinkler,235.1,4.85,0.95,52.49,609.93,3443,881787,2099989.0,1218202.0,20581,29.636,50.4,104836.66,75885.28,180721.94
SF12668,Gujarat,Nashik,Pulses,Kharif,7.21,880.8,26.9,84.6,5.4,7.6,26.0,110.5,74.4,140.6,Flood,230.3,2.77,0.74,0.56,4.04,69848,561086,282186.0,-278900.0,3451,1.171,66.5,-38682.39,77820.53,39138.14
SF12669,Karnataka,Raichur,Rice,Rabi,6.98,614.8,21.0,53.2,7.0,7.8,32.0,55.3,53.5,122.3,Drip,144.9,5.47,0.87,0.73,5.1,23421,421924,119447.0,-302477.0,8241,0.619,40.5,-43334.81,60447.56,17112.75
SF12670,Maharashtra,Nalgonda,Rice,Kharif,10.71,655.9,31.5,54.2,3.7,6.52,33.4,169.1,94.4,91.5,Rainfed,220.1,7.78,0.84,4.11,44.02,22305,893068,981866.0,88798.0,9453,4.657,39.4,8291.13,83386.37,91677.5
SF12671,Gujarat,Indore,Maize,Kharif,5.41,992.7,29.8,64.2,8.5,6.75,35.6,80.7,43.8,50.2,Drip,217.0,4.95,0.67,3.88,20.99,17708,398018,371691.0,-26327.0,2867,7.321,58.0,-4866.36,73570.79,68704.44
SF12672,Andhra Pradesh,Indore,Groundnut,Kharif,8.8,917.3,30.3,76.6,9.2,7.38,30.6,166.7,61.8,94.4,Drip,127.2,5.23,0.67,1.3,11.44,58368,545956,667730.0,121774.0,3712,3.082,52.9,13837.95,62040.45,75878.41
SF12673,Madhya Pradesh,Guntur,Groundnut,Rabi,12.16,323.5,22.8,68.9,9.7,6.73,31.3,86.0,42.0,102.6,Flood,70.8,6.0,0.67,1.51,18.36,59843,632338,1098717.0,466379.0,7506,2.446,31.7,38353.54,52001.48,90355.02
SF12674,Karnataka,Ludhiana,Rice,Rabi,10.4,344.2,26.1,49.9,9.3,7.23,18.5,148.9,63.0,130.9,Drip,111.9,0.5,0.78,3.17,32.97,24765,541869,816502.0,274633.0,12662,2.604,40.1,26407.02,52102.79,78509.81
SF12675,Karnataka,Ludhiana,Groundnut,Kharif,9.88,984.7,32.1,69.5,7.3,6.03,36.2,101.7,83.6,109.5,Rainfed,215.0,5.2,0.93,1.52,15.02,61027,581955,916626.0,334671.0,2666,5.634,66.1,33873.58,58902.33,92775.91
SF12676,Tamil Nadu,Nalgonda,Wheat,Rabi,11.99,440.7,24.8,54.0,10.6,6.3,27.8,166.9,57.0,124.4,Rainfed,148.3,2.74,0.98,2.55,30.57,19676,699063,601495.0,-97568.0,3422,8.933,44.3,-8137.45,58303.84,50166.39
SF12677,Andhra Pradesh,Erode,Chilli,Rabi,8.51,428.2,23.6,47.0,5.6,6.43,16.3,81.6,27.2,90.3,Rainfed,264.4,6.29,0.76,1.63,13.87,105681,580321,1465795.0,885474.0,2856,4.856,33.5,104051.0,68192.83,172243.83
SF12678,Gujarat,Nalgonda,Chilli,Rabi,2.59,363.6,24.7,43.7,9.3,6.81,22.3,104.5,53.6,100.3,Rainfed,134.8,3.43,0.73,1.66,4.3,103022,156158,442995.0,286837.0,873,4.926,42.3,110747.88,60292.66,171040.54
SF12679,Telangana,Raichur,Sugarcane,Rabi,1.38,229.6,26.8,63.7,8.0,6.91,21.8,146.7,76.7,41.8,Flood,137.5,4.3,0.68,51.33,70.84,3408,85721,241423.0,155702.0,2883,24.572,34.8,112827.54,62116.67,174944.2
SF12680,Maharashtra,Rajkot,Rice,Rabi,0.87,558.2,18.0,48.1,7.4,6.2,24.0,90.6,108.2,101.6,Drip,199.0,4.45,0.97,2.38,2.07,20716,55696,42882.0,-12814.0,1288,1.607,34.6,-14728.74,64018.39,49289.66
SF12681,Tamil Nadu,Rajkot,Cotton,Kharif,8.26,584.4,25.1,81.4,7.1,6.83,26.8,89.8,46.3,94.6,Drip,149.7,6.42,0.69,2.14,17.68,76495,491922,1352432.0,860510.0,5341,3.31,43.4,104177.97,59554.72,163732.69
SF12682,Karnataka,Nashik,Wheat,Rabi,2.45,521.0,25.2,44.8,8.0,6.97,34.4,134.7,55.3,39.9,Flood,143.9,6.04,0.79,2.32,5.68,26391,162672,149901.0,-12771.0,1670,3.401,37.8,-5212.65,66396.73,61184.08
SF12683,Maharashtra,Raichur,Chilli,Zaid,6.17,370.2,30.2,49.6,8.1,6.47,11.7,129.8,38.3,88.6,Flood,201.4,6.11,0.95,1.91,11.78,98626,447203,1161814.0,714611.0,5028,2.343,39.8,115820.26,72480.23,188300.49
SF12684,Gujarat,Krishna,Wheat,Kharif,11.68,974.7,31.3,53.4,7.4,7.3,30.9,59.7,43.3,111.7,Rainfed,138.2,5.89,0.96,1.71,19.97,27444,817212,548057.0,-269155.0,3662,5.453,52.5,-23044.09,69966.78,46922.69
SF12685,Maharashtra,Rajkot,Cotton,Zaid,10.36,262.9,29.9,56.9,7.3,7.02,27.3,99.5,61.6,137.8,Rainfed,183.5,7.85,0.85,0.94,9.74,68920,687801,671281.0,-16520.0,4355,2.237,36.7,-1594.59,66390.06,64795.46
SF12686,Telangana,Warangal,Wheat,Zaid,8.18,569.0,26.5,48.8,8.6,6.44,18.8,87.0,57.2,101.9,Rainfed,104.1,7.73,0.79,2.41,19.71,22332,441815,440164.0,-1651.0,2394,8.233,38.4,-201.83,54011.61,53809.78
SF12687,Gujarat,Ludhiana,Groundnut,Rabi,1.74,460.1,20.0,54.3,8.0,7.2,22.8,127.5,60.1,88.0,Rainfed,221.6,9.71,0.75,1.22,2.12,57553,128912,122012.0,-6900.0,431,4.919,29.3,-3965.52,74087.36,70121.84
SF12688,Karnataka,Nashik,Pulses,Kharif,14.47,813.9,29.0,72.9,6.6,6.47,33.3,63.7,60.7,114.9,Rainfed,131.5,3.96,0.88,1.01,14.61,66177,803404,966846.0,163442.0,3045,4.798,59.5,11295.23,55522.05,66817.28
SF12689,Punjab,Ludhiana,Pulses,Rabi,14.06,557.8,29.1,41.9,5.8,5.78,30.4,119.7,108.3,111.8,Sprinkler,125.9,4.87,0.93,0.58,8.15,63437,956479,517012.0,-439467.0,5293,1.54,36.7,-31256.54,68028.38,36771.83
SF12690,Madhya Pradesh,Nashik,Groundnut,Zaid,11.35,101.3,31.3,38.0,7.8,6.58,15.7,172.0,78.4,108.9,Rainfed,226.1,5.46,0.67,1.04,11.8,53427,891716,630439.0,-261277.0,3685,3.202,34.3,-23020.0,78565.29,55545.29
SF12691,Madhya Pradesh,Nalgonda,Rice,Rabi,6.96,80.0,23.1,70.5,8.3,7.57,15.1,125.6,43.4,125.2,Flood,345.0,5.51,0.76,1.18,8.21,17715,537298,145440.0,-391858.0,12977,0.633,39.1,-56301.44,77197.99,20896.55
SF12692,Madhya Pradesh,Erode,Chilli,Rabi,12.55,672.8,25.1,51.5,8.0,5.98,25.4,169.9,48.3,133.5,Flood,138.8,6.55,0.74,1.56,19.58,108486,938404,2124156.0,1185752.0,8827,2.218,39.7,94482.23,74773.23,169255.46
SF12693,Andhra Pradesh,Nalgonda,Wheat,Kharif,13.05,833.9,24.8,60.4,6.5,6.91,35.3,73.1,83.1,109.6,Flood,119.9,3.98,0.76,2.94,38.37,26792,756131,1028009.0,271878.0,8642,4.44,59.7,20833.56,57941.07,78774.64
SF12694,Andhra Pradesh,Nashik,Wheat,Kharif,7.75,890.1,25.5,57.5,5.9,8.38,32.0,168.5,45.4,92.7,Sprinkler,173.4,7.11,0.98,0.3,2.32,23567,520590,54675.0,-465915.0,4453,0.521,55.8,-60118.06,67172.9,7054.84
SF12695,Gujarat,Nalgonda,Maize,Kharif,8.91,1061.9,31.4,62.6,6.7,6.5,32.3,166.8,55.4,169.4,Flood,262.9,6.06,0.73,3.93,35.02,19229,633274,673400.0,40126.0,6794,5.155,58.1,4503.48,71074.52,75578.0
SF12696,Punjab,Ludhiana,Sugarcane,Kharif,12.25,954.6,27.4,55.0,6.6,6.5,32.7,135.0,81.5,115.1,Drip,147.1,5.35,0.93,73.99,906.38,3327,941589,3015526.0,2073937.0,14448,62.734,51.1,169300.98,76864.41,246165.39
SF12697,Madhya Pradesh,Guntur,Cotton,Kharif,13.25,533.9,31.1,69.6,5.9,6.05,26.5,102.8,56.0,92.2,Flood,250.3,4.3,0.81,1.08,14.31,63545,881556,909329.0,27773.0,11328,1.263,56.5,2096.08,66532.53,68628.6
SF12698,Punjab,Ludhiana,Sugarcane,Rabi,5.27,271.0,25.8,62.6,6.5,6.67,21.3,143.0,73.8,112.4,Drip,180.7,2.53,0.69,71.21,375.28,3759,306643,1410678.0,1104035.0,8525,44.021,45.8,209494.31,58186.53,267680.83
SF12699,Maharashtra,Nalgonda,Cotton,Zaid,10.39,401.0,29.1,66.5,9.8,6.47,19.6,136.4,62.0,94.6,Flood,113.8,7.11,0.94,1.26,13.09,63000,696648,824670.0,128022.0,9797,1.336,29.0,12321.66,67049.86,79371.51
SF12700,Tamil Nadu,Rajkot,Groundnut,Kharif,2.02,805.6,29.5,81.5,5.9,7.56,35.9,79.3,46.7,78.0,Drip,217.2,4.8,0.66,0.82,1.66,62340,158057,103484.0,-54573.0,957,1.735,73.9,-27016.34,78246.04,51229.7
SF12701,Andhra Pradesh,Raichur,Rice,Zaid,4.59,80.0,32.6,49.7,9.6,7.06,25.7,119.9,65.2,122.8,Rainfed,172.2,4.6,0.82,1.67,7.67,21043,302583,161400.0,-141183.0,4040,1.899,35.6,-30758.82,65922.22,35163.4
SF12702,Andhra Pradesh,Erode,Rice,Zaid,9.24,80.0,31.7,28.3,6.9,7.61,16.7,173.8,47.0,151.2,Drip,243.3,2.98,0.71,0.93,8.59,21018,704885,180545.0,-524340.0,11438,0.751,38.1,-56746.75,76286.26,19539.5
SF12703,Punjab,Erode,Pulses,Zaid,3.2,380.7,30.0,56.0,8.6,6.4,15.3,93.6,68.7,89.5,Sprinkler,200.8,4.38,0.78,1.2,3.84,77355,217973,297043.0,79070.0,1157,3.319,38.7,24709.38,68116.56,92825.94
SF12704,Maharashtra,Nalgonda,Cotton,Kharif,3.44,1086.4,30.3,72.2,7.0,6.89,32.9,163.2,71.3,92.8,Sprinkler,201.8,5.8,0.99,1.81,6.23,72495,199455,451644.0,252189.0,2594,2.402,68.4,73310.76,57981.1,131291.86
SF12705,Gujarat,Warangal,Groundnut,Kharif,12.18,821.6,26.1,79.8,6.8,6.29,26.3,153.5,30.3,113.5,Flood,141.3,7.42,0.84,1.62,19.73,68662,917297,1354701.0,437404.0,7715,2.557,39.9,35911.66,75311.74,111223.4
SF12706,Andhra Pradesh,Nalgonda,Cotton,Rabi,5.14,393.4,22.8,61.6,7.2,6.49,26.1,106.7,51.5,71.6,Flood,78.6,5.97,0.93,1.41,7.25,54291,330575,393610.0,63035.0,4299,1.686,40.1,12263.62,64314.2,76577.82
SF12707,Karnataka,Ludhiana,Groundnut,Rabi,8.74,276.9,28.0,59.7,7.8,7.3,26.4,141.0,28.5,41.4,Flood,191.3,6.38,0.75,1.23,10.75,55165,692959,593024.0,-99935.0,6419,1.675,30.5,-11434.21,79285.93,67851.72
SF12708,Madhya Pradesh,Warangal,Cotton,Rabi,2.09,617.2,19.2,63.6,7.2,7.5,19.4,96.9,42.7,136.3,Rainfed,181.0,3.76,0.93,0.57,1.19,69210,113393,82360.0,-31033.0,931,1.278,66.1,-14848.33,54255.02,39406.7
SF12709,Andhra Pradesh,Nalgonda,Groundnut,Rabi,7.66,210.0,23.5,62.4,7.4,5.68,37.7,127.3,43.6,94.8,Sprinkler,213.4,5.73,0.78,0.36,2.76,46114,532426,127275.0,-405151.0,4426,0.624,35.3,-52891.78,69507.31,16615.54
SF12710,Telangana,Warangal,Maize,Kharif,0.93,936.0,30.8,71.2,5.9,7.2,36.6,133.0,75.2,30.0,Sprinkler,203.8,7.97,0.85,2.89,2.69,20486,65224,55107.0,-10117.0,492,5.467,38.2,-10878.49,70133.33,59254.84
SF12711,Tamil Nadu,Warangal,Cotton,Kharif,12.03,936.9,30.3,68.3,7.9,6.15,36.0,138.4,48.4,106.2,Rainfed,183.8,4.44,0.83,1.09,13.11,71452,895358,936736.0,41378.0,5177,2.532,66.3,3439.57,74427.1,77866.67
SF12712,Telangana,Rajkot,Pulses,Rabi,3.74,477.6,19.8,64.6,8.2,6.71,21.2,112.2,60.9,89.4,Sprinkler,241.3,5.87,0.77,1.11,4.15,72458,275778,300701.0,24923.0,1310,3.168,41.0,6663.9,73737.43,80401.34
SF12713,Andhra Pradesh,Warangal,Chilli,Kharif,9.65,1067.5,33.4,72.9,6.3,6.09,27.3,90.5,59.0,85.9,Drip,218.6,3.5,0.87,1.19,11.48,87468,665007,1004133.0,339126.0,4751,2.416,63.6,35142.59,68912.64,104055.23
SF12714,Gujarat,Warangal,Wheat,Kharif,2.26,500.8,30.9,74.9,7.8,6.85,29.2,157.1,30.3,106.2,Rainfed,182.5,2.98,0.99,2.61,5.9,24090,158763,142131.0,-16632.0,635,9.291,49.9,-7359.29,70249.12,62889.82
SF12715,Karnataka,Erode,Rice,Zaid,10.62,332.2,34.0,39.9,9.6,6.07,24.8,118.6,51.6,125.2,Sprinkler,235.3,7.63,0.95,1.65,17.52,22374,870978,391992.0,-478986.0,15033,1.165,38.2,-45102.26,82012.99,36910.73
SF12716,Punjab,Ludhiana,Chilli,Rabi,10.24,451.7,22.9,55.7,7.5,8.4,21.9,110.6,59.5,111.4,Sprinkler,189.7,4.17,0.69,0.3,3.07,90842,727863,278885.0,-448978.0,6191,0.496,49.7,-43845.51,71080.37,27234.86
SF12717,Karnataka,Krishna,Cotton,Rabi,14.12,843.4,21.7,60.4,7.9,6.25,25.3,169.3,32.1,69.3,Rainfed,228.6,3.91,0.94,1.34,18.92,66025,991023,1249193.0,258170.0,5240,3.611,64.5,18283.99,70185.76,88469.76
SF12718,Telangana,Nalgonda,Groundnut,Kharif,6.93,694.0,26.4,72.1,7.3,7.07,39.4,144.1,66.9,121.2,Flood,194.2,5.5,0.89,2.42,16.77,60315,486060,1011483.0,525423.0,3953,4.242,53.2,75818.61,70138.53,145957.14
SF12719,Tamil Nadu,Nashik,Maize,Rabi,12.79,484.0,23.5,52.5,8.0,6.53,28.4,127.1,64.5,75.1,Flood,108.4,1.29,0.91,3.01,38.5,20033,624440,771270.0,146830.0,9233,4.17,44.9,11480.06,48822.52,60302.58
SF12720,Madhya Pradesh,Ludhiana,Cotton,Rabi,12.17,505.7,24.9,60.1,8.5,6.59,33.4,182.4,76.5,81.0,Drip,231.4,2.79,1.0,1.99,24.22,79101,822625,1915826.0,1093201.0,8385,2.888,50.2,89827.53,67594.49,157422.02
SF12721,Andhra Pradesh,Guntur,Pulses,Rabi,9.77,474.1,21.4,40.5,6.4,6.67,20.8,116.3,73.5,58.6,Flood,183.8,3.96,0.87,1.25,12.21,81322,661447,992942.0,331495.0,4804,2.542,43.1,33929.89,67701.84,101631.73
SF12722,Tamil Nadu,Rajkot,Wheat,Rabi,2.82,620.5,26.8,64.6,6.8,7.05,30.6,120.5,52.0,118.5,Sprinkler,236.9,4.27,0.88,3.45,9.73,26268,165246,255588.0,90342.0,1610,6.043,46.7,32036.17,58597.87,90634.04
SF12723,Gujarat,Guntur,Maize,Zaid,3.18,361.7,32.4,36.7,8.9,6.98,14.2,104.3,25.0,110.0,Flood,170.8,1.59,0.82,2.59,8.24,19160,189710,157878.0,-31832.0,2200,3.745,44.6,-10010.06,59657.23,49647.17
SF12724,Karnataka,Erode,Chilli,Zaid,4.47,432.8,28.7,55.8,8.6,6.89,14.3,155.9,33.0,85.0,Sprinkler,189.3,4.06,0.87,1.82,8.14,104280,355346,848839.0,493493.0,2560,3.18,36.8,110401.12,79495.75,189896.87
SF12725,Andhra Pradesh,Rajkot,Groundnut,Kharif,13.54,1239.7,26.7,57.6,6.9,7.41,30.5,111.2,62.2,123.4,Sprinkler,136.4,2.83,0.83,1.07,14.49,71081,857848,1029964.0,172116.0,7506,1.93,71.3,12711.67,63356.57,76068.24
SF12726,Andhra Pradesh,Raichur,Wheat,Rabi,1.15,373.6,20.8,68.3,7.7,6.2,28.8,158.4,82.0,79.9,Flood,183.2,3.57,0.83,1.84,2.12,21058,61095,44643.0,-16452.0,721,2.94,53.1,-14306.09,53126.09,38820.0
SF12727,Maharashtra,Guntur,Pulses,Zaid,6.06,193.3,31.6,49.5,8.0,7.54,18.9,113.1,51.5,69.9,Flood,164.6,2.6,0.99,0.32,1.94,78477,406112,152245.0,-253867.0,3107,0.624,56.7,-41892.24,67015.18,25122.94
SF12728,Karnataka,Rajkot,Pulses,Rabi,10.9,418.1,23.0,77.0,9.0,7.9,20.3,119.0,42.7,92.1,Rainfed,179.7,5.49,0.84,0.3,3.27,84748,780878,277126.0,-503752.0,2143,1.526,44.5,-46215.78,71640.18,25424.4
SF12729,Gujarat,Krishna,Cotton,Kharif,8.66,784.6,30.2,63.5,5.7,5.37,37.6,131.5,67.7,78.1,Flood,185.8,7.28,0.9,0.3,2.6,70707,577254,183838.0,-393416.0,8628,0.301,36.9,-45429.1,66657.51,21228.41
SF12730,Maharashtra,Raichur,Chilli,Rabi,9.74,202.2,28.6,64.9,8.2,7.14,20.1,168.1,46.4,141.8,Rainfed,138.6,3.83,0.82,1.76,17.14,109433,576568,1875682.0,1299114.0,3302,5.191,44.0,133379.26,59195.89,192575.15
SF12731,Madhya Pradesh,Ludhiana,Rice,Rabi,11.99,535.0,21.7,64.0,6.2,8.19,26.5,121.0,40.4,93.1,Sprinkler,222.2,5.18,0.86,2.38,28.54,24777,995279,707136.0,-288143.0,18723,1.524,35.4,-24031.94,83009.09,58977.15
SF12732,Punjab,Indore,Chilli,Kharif,10.42,842.3,26.1,74.5,7.3,6.96,35.2,192.4,60.7,104.2,Rainfed,307.0,5.93,0.7,2.27,23.65,105402,852250,2492757.0,1640507.0,3502,6.753,59.2,157438.29,81789.83,239228.12
SF12733,Gujarat,Guntur,Wheat,Zaid,3.3,355.8,27.0,70.8,6.9,5.98,19.7,141.9,36.1,76.9,Drip,156.8,6.3,0.88,1.52,5.02,23641,217522,118678.0,-98844.0,1707,2.941,31.3,-29952.73,65915.76,35963.03
SF12734,Maharashtra,Erode,Rice,Kharif,10.77,692.6,26.5,67.3,8.2,7.24,25.0,124.3,64.1,165.4,Drip,128.9,6.24,0.85,3.79,40.82,21551,743981,879712.0,135731.0,14227,2.869,48.9,12602.69,69079.02,81681.71
SF12735,Madhya Pradesh,Indore,Wheat,Kharif,10.49,817.8,24.0,80.0,4.8,7.62,23.1,106.8,49.3,103.5,Drip,157.2,4.86,0.84,1.31,13.74,27015,654067,371186.0,-282881.0,5470,2.512,61.9,-26966.73,62351.48,35384.75
SF12736,Madhya Pradesh,Nalgonda,Groundnut,Zaid,12.23,80.0,30.7,56.1,7.6,5.21,15.4,160.6,57.6,97.4,Drip,129.6,5.63,0.78,0.3,3.67,59104,886823,216912.0,-669911.0,4938,0.743,33.2,-54776.04,72512.1,17736.06
SF12737,Karnataka,Krishna,Maize,Kharif,12.97,650.9,27.9,70.5,7.2,5.49,25.3,118.6,58.0,93.7,Sprinkler,101.1,5.26,0.8,0.89,11.54,20268,888451,233893.0,-654558.0,6405,1.802,44.3,-50467.08,68500.46,18033.38
SF12738,Andhra Pradesh,Guntur,Wheat,Kharif,8.17,871.6500000000001,30.1,81.7,6.6,5.23,29.3,139.1,69.6,53.7,Sprinkler,192.4,4.84,0.75,0.3,2.45,26057,515266,63840.0,-451426.0,4411,0.555,62.0,-55254.1,63068.05,7813.95
SF12739,Karnataka,Rajkot,Groundnut,Rabi,2.25,186.2,24.2,66.1,7.0,5.67,29.3,133.3,61.7,49.6,Flood,303.8,4.36,0.81,0.37,0.83,51284,160941,42566.0,-118375.0,1433,0.579,39.4,-52611.11,71529.33,18918.22
SF12740,Madhya Pradesh,Indore,Maize,Kharif,14.94,981.5,33.4,82.0,5.6,6.18,35.4,80.0,83.1,90.6,Rainfed,84.7,5.02,0.91,2.35,35.11,22523,721048,790783.0,69735.0,4729,7.424,67.1,4667.67,48262.92,52930.59
SF12741,Punjab,Indore,Rice,Rabi,13.97,623.5,26.8,56.0,9.3,6.19,27.8,120.5,55.0,116.1,Flood,75.3,1.99,0.72,2.67,37.3,19279,726675,719107.0,-7568.0,21047,1.772,60.9,-541.73,52016.82,51475.09
SF12742,Tamil Nadu,Warangal,Maize,Kharif,6.64,820.5,24.5,86.4,6.0,6.36,28.7,149.9,23.2,96.6,Flood,256.2,6.41,0.74,3.87,25.7,18166,434227,466866.0,32639.0,4391,5.853,42.8,4915.51,65395.63,70311.14
SF12743,Madhya Pradesh,Ludhiana,Maize,Kharif,8.89,912.0,27.2,76.0,7.5,6.68,39.5,100.7,64.3,91.5,Flood,153.9,3.99,0.85,4.71,41.87,19320,638919,808928.0,170009.0,6786,6.17,55.6,19123.62,71869.4,90993.03
SF12744,Punjab,Rajkot,Rice,Kharif,5.67,1020.0,29.7,83.1,6.9,6.21,28.7,81.4,51.9,71.2,Rainfed,305.4,5.35,0.78,1.74,9.87,21430,438172,211514.0,-226658.0,4847,2.036,77.3,-39974.96,77279.01,37304.06
SF12745,Andhra Pradesh,Ludhiana,Wheat,Kharif,2.35,972.5,27.6,86.4,6.2,5.94,26.9,139.0,51.7,84.3,Drip,270.3,5.71,0.89,1.51,3.55,23454,135972,83262.0,-52710.0,1095,3.242,64.5,-22429.79,57860.43,35430.64
SF12746,Telangana,Erode,Maize,Zaid,7.51,80.0,31.3,56.1,7.7,5.78,18.1,115.0,56.1,100.0,Drip,345.3,2.71,0.73,1.17,8.79,21974,592708,193151.0,-399557.0,4073,2.158,43.0,-53203.33,78922.5,25719.17
SF12747,Andhra Pradesh,Rajkot,Sugarcane,Kharif,6.62,1124.0,27.5,73.6,6.8,7.24,30.1,94.8,87.8,107.7,Flood,183.8,3.63,0.68,41.76,276.45,3623,425440,1001578.0,576138.0,13942,19.829,65.1,87029.91,64265.86,151295.77
SF12748,Andhra Pradesh,Krishna,Wheat,Rabi,11.22,469.0,23.1,65.8,9.4,7.21,26.6,98.7,40.0,115.9,Flood,123.7,5.08,0.78,1.7,19.07,22492,766551,428922.0,-337629.0,6769,2.817,55.9,-30091.71,68320.05,38228.34
SF12749,Maharashtra,Nalgonda,Sugarcane,Kharif,7.7,869.3,29.7,64.8,7.0,7.32,30.3,92.6,54.8,80.7,Sprinkler,108.0,5.73,0.74,52.53,404.48,3892,512698,1574236.0,1061538.0,13340,30.321,43.8,137862.08,66584.16,204446.23
SF12750,Andhra Pradesh,Nalgonda,Groundnut,Kharif,1.62,655.7,27.3,72.4,7.8,6.61,43.1,140.3,71.8,102.4,Flood,165.5,6.4,0.75,2.68,4.34,47579,109045,206493.0,97448.0,1172,3.703,39.7,60153.09,67311.73,127464.81
SF12751,Andhra Pradesh,Nashik,Cotton,Rabi,6.59,479.8,20.9,65.4,6.8,6.2,31.4,120.2,56.0,97.8,Flood,120.3,2.97,0.78,1.05,6.92,69558,440510,481341.0,40831.0,5753,1.203,50.5,6195.9,66845.22,73041.12
SF12752,Tamil Nadu,Rajkot,Chilli,Rabi,10.37,424.7,25.0,52.5,8.7,7.19,23.9,128.5,77.4,118.4,Sprinkler,164.2,2.29,0.8,1.59,16.49,95277,682064,1571118.0,889054.0,6170,2.673,48.4,85733.27,65772.81,151506.08
SF12753,Andhra Pradesh,Nashik,Groundnut,Rabi,2.14,539.6,24.0,65.3,8.3,7.49,17.7,108.2,56.5,105.3,Rainfed,97.3,4.46,0.87,0.83,1.78,62818,114833,111816.0,-3017.0,595,2.992,49.8,-1409.81,53660.28,52250.47
SF12754,Punjab,Indore,Wheat,Kharif,11.38,1193.6,24.8,64.6,7.1,6.55,28.9,112.0,69.6,87.2,Sprinkler,245.2,5.47,0.97,2.88,32.77,20534,673057,672899.0,-158.0,7295,4.492,49.2,-13.88,59143.85,59129.96
SF12755,Andhra Pradesh,Warangal,Pulses,Rabi,11.08,510.2,25.8,54.7,6.6,6.01,29.8,107.4,55.6,136.0,Flood,137.0,8.08,0.66,0.78,8.64,69418,736899,599772.0,-137127.0,4918,1.757,29.5,-12376.08,66507.13,54131.05
SF12756,Karnataka,Rajkot,Cotton,Rabi,4.7,395.0,21.5,54.1,6.7,6.02,20.4,134.7,90.3,149.8,Rainfed,155.6,4.17,0.94,0.82,3.85,75387,274850,290240.0,15390.0,1699,2.266,35.7,3274.47,58478.72,61753.19
SF12757,Karnataka,Raichur,Cotton,Zaid,10.62,458.1,25.5,25.0,8.3,6.39,22.0,101.9,46.7,127.2,Rainfed,118.6,4.86,0.83,1.38,14.66,66448,652410,974128.0,321718.0,3345,4.383,22.4,30293.6,61432.2,91725.8
SF12758,Maharashtra,Indore,Groundnut,Rabi,7.13,376.3,21.8,70.8,9.0,6.73,23.7,139.0,85.6,86.0,Flood,147.2,5.91,0.84,1.67,11.91,55641,556741,662684.0,105943.0,4813,2.475,35.5,14858.77,78084.29,92943.06
SF12759,Madhya Pradesh,Krishna,Wheat,Kharif,4.0,716.2,28.5,81.7,7.5,6.84,33.5,81.6,43.7,109.8,Sprinkler,123.5,5.4,0.77,3.82,15.28,22562,250492,344747.0,94255.0,1870,8.171,47.7,23563.75,62623.0,86186.75
SF12760,Telangana,Nalgonda,Pulses,Zaid,1.77,220.0,31.5,62.2,8.0,6.84,20.4,114.1,77.5,132.5,Flood,100.2,4.53,0.83,1.04,1.84,66537,100940,122428.0,21488.0,770,2.39,49.6,12140.11,57028.25,69168.36
SF12761,Telangana,Warangal,Maize,Rabi,1.44,520.5,24.7,62.5,7.4,6.11,22.9,92.5,72.8,107.4,Drip,176.4,6.87,0.93,3.41,4.91,21632,104010,106213.0,2203.0,643,7.636,41.0,1529.86,72229.17,73759.03
SF12762,Tamil Nadu,Nashik,Groundnut,Kharif,4.18,918.5,28.3,67.6,7.2,6.89,36.8,142.7,48.6,30.0,Rainfed,201.1,3.55,0.87,1.72,7.19,59154,311443,425317.0,113874.0,1082,6.645,57.2,27242.58,74507.89,101750.48
SF12763,Maharashtra,Nalgonda,Cotton,Kharif,1.83,1048.5,31.6,64.4,6.5,7.51,25.9,133.1,81.6,89.4,Rainfed,178.4,5.09,0.68,0.68,1.24,67304,119307,83457.0,-35850.0,788,1.574,55.9,-19590.16,65195.08,45604.92
SF12764,Tamil Nadu,Nashik,Rice,Rabi,8.81,442.2,23.4,50.4,7.6,6.21,35.1,120.1,79.8,128.1,Drip,188.5,2.36,0.78,2.74,24.14,20737,505884,500591.0,-5293.0,11525,2.095,57.8,-600.79,57421.57,56820.77
SF12765,Madhya Pradesh,Raichur,Groundnut,Kharif,1.76,786.2,26.5,75.3,7.3,6.63,24.0,47.7,35.5,121.0,Rainfed,290.0,8.64,0.78,2.05,3.61,49088,144422,177208.0,32786.0,479,7.537,43.0,18628.41,82057.95,100686.36
SF12766,Karnataka,Raichur,Pulses,Rabi,5.72,469.9,23.8,49.9,7.5,5.83,11.9,132.4,27.9,93.5,Sprinkler,65.5,6.89,0.79,0.62,3.55,60634,229934,215251.0,-14683.0,1980,1.793,36.6,-2566.96,40198.25,37631.29
SF12767,Telangana,Guntur,Groundnut,Kharif,8.58,977.1,26.8,72.6,6.9,6.12,33.4,85.7,34.3,98.2,Flood,178.1,7.91,0.97,1.22,10.47,57860,675503,605794.0,-69709.0,6035,1.735,53.4,-8124.59,78729.95,70605.36
SF12768,Maharashtra,Erode,Cotton,Kharif,12.3,1133.6,29.9,65.9,3.9,6.93,40.4,104.1,31.9,124.2,Sprinkler,245.1,2.62,0.97,1.53,18.82,73678,809507,1386620.0,577113.0,8239,2.284,64.8,46919.76,65813.58,112733.33
SF12769,Gujarat,Erode,Rice,Zaid,3.28,266.3,26.4,64.8,8.2,6.69,8.0,147.6,58.6,59.0,Drip,90.7,6.55,0.85,2.73,8.95,22750,210652,203612.0,-7040.0,4293,2.085,40.9,-2146.34,64223.17,62076.83
SF12770,Punjab,Guntur,Sugarcane,Rabi,9.09,368.5,21.7,45.6,7.5,7.05,19.5,167.3,48.9,108.0,Drip,112.3,3.94,0.65,56.74,515.77,2975,639772,1534416.0,894644.0,11759,43.862,52.0,98420.68,70381.96,168802.64
SF12771,Punjab,Erode,Chilli,Kharif,9.36,1287.7,27.9,69.4,8.2,5.97,33.1,81.2,120.0,120.6,Rainfed,190.1,5.5,0.98,0.97,9.08,91270,512111,828732.0,316621.0,2998,3.029,62.6,33827.03,54712.71,88539.74
SF12772,Telangana,Rajkot,Cotton,Kharif,14.62,1202.6,26.3,62.4,6.9,6.79,21.3,132.4,74.2,150.3,Flood,165.0,6.05,0.83,1.41,20.61,72876,1085148,1501974.0,416826.0,15304,1.347,61.6,28510.67,74223.53,102734.2
SF12773,Gujarat,Nalgonda,Rice,Zaid,11.65,364.6,26.3,54.9,8.0,6.04,15.5,114.7,62.1,108.3,Sprinkler,288.5,6.5,0.83,1.92,22.37,19981,824996,446975.0,-378021.0,16322,1.371,18.7,-32448.15,70815.11,38366.95
SF12774,Gujarat,Krishna,Rice,Kharif,9.55,940.0,28.6,72.3,8.2,7.29,28.9,119.6,47.4,103.1,Drip,233.2,5.63,0.69,2.1,20.06,17168,751693,344390.0,-407303.0,10979,1.827,52.2,-42649.53,78711.31,36061.78
SF12775,Telangana,Krishna,Groundnut,Zaid,14.33,355.0,27.2,49.9,7.7,7.52,11.4,121.6,55.6,117.4,Rainfed,210.7,2.68,0.91,0.64,9.17,58578,913370,537160.0,-376210.0,4143,2.213,40.6,-26253.31,63738.31,37485.0
SF12776,Telangana,Nashik,Pulses,Rabi,14.99,348.0,27.3,56.3,8.2,7.18,22.1,155.4,94.8,82.3,Rainfed,170.0,4.88,0.99,1.08,16.19,61399,701841,994050.0,292209.0,3403,4.758,37.1,19493.6,46820.61,66314.21
SF12777,Punjab,Nalgonda,Groundnut,Kharif,2.91,866.1,28.6,49.0,7.0,6.74,25.5,151.3,68.2,90.7,Flood,127.6,9.57,0.89,2.26,6.58,51565,166969,339298.0,172329.0,1724,3.817,26.2,59219.59,57377.66,116597.25
SF12778,Maharashtra,Warangal,Maize,Kharif,9.4,529.8,28.8,72.3,7.2,7.2,28.9,62.1,68.4,82.9,Rainfed,212.9,2.15,0.69,2.85,26.79,18368,695511,492079.0,-203432.0,2880,9.302,53.0,-21641.7,73990.53,52348.83
SF12779,Tamil Nadu,Warangal,Groundnut,Rabi,10.62,265.2,21.4,51.4,6.6,6.46,18.2,113.6,81.6,69.0,Flood,148.1,5.79,0.99,1.65,17.52,51182,721041,896709.0,175668.0,8185,2.141,23.0,16541.24,67894.63,84435.88
SF12780,Madhya Pradesh,Indore,Cotton,Kharif,10.42,507.7,27.4,86.1,7.4,6.42,27.8,117.4,73.0,157.1,Flood,262.7,3.03,0.77,2.13,22.19,63459,680326,1408155.0,727829.0,10372,2.139,55.0,69849.23,65290.4,135139.64
SF12781,Karnataka,Krishna,Groundnut,Kharif,0.6,791.5,25.7,71.6,6.5,6.8,27.5,178.1,58.5,69.3,Drip,163.5,7.34,0.97,2.61,1.57,61233,43528,96136.0,52608.0,253,6.206,33.7,87680.0,72546.67,160226.67
SF12782,Madhya Pradesh,Krishna,Cotton,Kharif,11.91,759.8,28.7,63.6,6.5,7.29,31.1,164.5,76.1,85.9,Sprinkler,230.2,7.74,0.88,1.66,19.77,60947,754469,1204922.0,450453.0,8989,2.199,28.8,37821.41,63347.52,101168.93
SF12783,Gujarat,Nalgonda,Sugarcane,Rabi,5.72,688.9,26.3,72.1,7.8,6.62,23.8,131.6,61.7,95.1,Flood,339.2,4.34,0.78,91.32,522.35,3316,495312,1732113.0,1236801.0,12199,42.819,50.6,216223.95,86593.01,302816.96
SF12784,Tamil Nadu,Warangal,Pulses,Kharif,7.66,983.3,28.1,86.1,7.2,8.3,29.1,89.7,46.9,153.0,Drip,186.1,9.03,0.83,0.3,2.3,74575,530245,171522.0,-358723.0,1819,1.264,45.6,-46830.68,69222.58,22391.91
SF12785,Maharashtra,Nashik,Maize,Zaid,10.92,215.3,32.5,61.5,8.1,6.76,24.0,152.4,63.4,121.7,Sprinkler,197.2,5.85,0.96,3.08,33.63,23639,793486,794980.0,1494.0,6169,5.451,44.4,136.81,72663.55,72800.37
SF12786,Andhra Pradesh,Ludhiana,Rice,Zaid,10.72,164.6,28.2,55.6,8.6,6.46,15.6,163.9,71.4,62.7,Drip,101.4,7.78,0.97,2.57,27.55,23365,634637,643706.0,9069.0,14766,1.866,30.7,845.99,59201.21,60047.2
SF12787,Punjab,Krishna,Sugarcane,Kharif,0.62,1027.8,31.9,79.1,7.3,5.78,35.5,102.1,56.4,121.4,Flood,111.4,6.39,0.71,18.63,11.55,3070,32137,35458.0,3321.0,1340,8.619,64.9,5356.45,51833.87,57190.32
SF12788,Karnataka,Guntur,Maize,Rabi,10.19,481.0,21.1,66.3,8.5,6.92,30.6,162.7,40.2,68.1,Flood,151.9,3.99,0.74,3.54,36.07,20729,545332,747695.0,202363.0,7907,4.562,42.4,19858.98,53516.39,73375.37
SF12789,Andhra Pradesh,Erode,Cotton,Zaid,9.67,261.1,30.9,47.5,9.0,6.78,15.4,122.7,68.3,54.6,Flood,134.2,7.49,0.98,1.16,11.22,60091,689876,674221.0,-15655.0,9617,1.167,29.0,-1618.92,71341.88,69722.96
SF12790,Tamil Nadu,Raichur,Pulses,Kharif,4.06,675.5,30.3,73.3,6.1,6.67,36.5,133.0,54.5,55.4,Flood,140.9,1.52,0.83,1.8,7.31,68464,269288,500472.0,231184.0,1464,4.993,57.0,56941.87,66327.09,123268.97
SF12791,Andhra Pradesh,Guntur,Chilli,Rabi,1.02,223.0,21.3,25.0,8.0,6.1,27.2,82.4,98.3,32.9,Rainfed,278.7,6.46,0.79,1.02,1.04,110199,72479,114607.0,42128.0,341,3.05,26.2,41301.96,71057.84,112359.8
SF12792,Punjab,Warangal,Maize,Rabi,14.01,585.8,23.8,49.6,6.7,7.14,35.0,111.3,38.3,131.3,Sprinkler,205.1,2.79,0.73,3.91,54.78,20031,806117,1097298.0,291181.0,7483,7.321,50.1,20783.8,57538.69,78322.48
SF12793,Punjab,Erode,Wheat,Zaid,7.09,331.0,33.7,33.6,8.9,5.33,14.4,101.9,35.3,143.6,Rainfed,140.9,7.0,0.99,0.3,2.13,24354,452883,51874.0,-401009.0,2412,0.883,17.7,-56559.8,63876.3,7316.5
SF12794,Madhya Pradesh,Ludhiana,Wheat,Kharif,10.71,742.7,30.7,68.4,6.7,7.62,31.2,110.3,68.6,139.0,Sprinkler,110.3,6.93,0.69,1.3,13.92,23874,674043,332326.0,-341717.0,5131,2.713,54.8,-31906.35,62935.85,31029.51
SF12795,Karnataka,Nalgonda,Sugarcane,Zaid,7.58,80.0,32.0,55.5,8.8,7.18,15.0,102.4,66.7,109.9,Flood,182.4,4.68,0.81,31.26,236.95,3374,522868,799469.0,276601.0,15050,15.744,26.7,36490.9,68979.95,105470.84
SF12796,Punjab,Warangal,Pulses,Kharif,8.73,729.2,28.7,58.7,6.4,6.69,23.9,91.7,65.7,104.5,Drip,216.7,6.11,0.73,1.66,14.49,67927,508763,984262.0,475499.0,2972,4.876,50.3,54467.24,58277.55,112744.79
SF12797,Madhya Pradesh,Erode,Wheat,Rabi,13.12,221.7,20.6,57.3,8.6,7.43,16.7,74.8,64.7,75.3,Rainfed,143.7,3.92,0.79,1.04,13.64,26893,750837,366821.0,-384016.0,3888,3.508,35.2,-29269.51,57228.43,27958.92
SF12798,Telangana,Warangal,Wheat,Kharif,10.02,602.7,28.7,86.8,5.5,6.72,32.3,157.0,32.5,52.1,Flood,230.5,7.21,0.99,3.51,35.17,19884,682647,699320.0,16673.0,6817,5.159,52.1,1663.97,68128.44,69792.42
SF12799,Madhya Pradesh,Raichur,Wheat,Kharif,12.45,973.1,29.5,61.2,7.4,6.32,25.6,118.6,68.8,108.9,Flood,256.3,4.03,0.99,2.36,29.38,22039,841621,647506.0,-194115.0,7759,3.787,57.3,-15591.57,67600.08,52008.51
SF12800,Punjab,Guntur,Cotton,Kharif,4.66,707.4,29.2,84.3,8.9,7.19,32.4,153.0,41.5,79.8,Rainfed,227.1,3.94,0.96,1.55,7.22,61094,362284,441099.0,78815.0,1933,3.735,67.7,16913.09,77743.35,94656.44
SF12801,Maharashtra,Nalgonda,Chilli,Zaid,13.72,708.3,31.5,64.4,7.2,6.33,15.9,134.0,64.3,73.5,Sprinkler,200.5,2.53,0.85,1.94,26.62,97036,1083103,2583098.0,1499995.0,9529,2.794,57.3,109329.08,78943.37,188272.45
SF12802,Punjab,Erode,Pulses,Kharif,6.08,995.5,25.2,73.2,7.8,6.57,25.4,182.3,45.9,110.3,Rainfed,217.9,2.69,0.89,1.42,8.63,76519,421463,660359.0,238896.0,1214,7.109,71.5,39292.11,69319.57,108611.68
SF12803,Maharashtra,Erode,Chilli,Rabi,3.73,154.9,25.1,53.6,6.2,7.51,24.2,130.1,48.2,61.5,Flood,220.3,7.88,0.87,0.81,3.02,101255,307871,305790.0,-2081.0,3240,0.932,26.4,-557.91,82539.14,81981.23
SF12804,Gujarat,Warangal,Maize,Rabi,2.99,680.4,26.5,54.6,7.4,7.81,28.6,149.0,56.2,91.5,Sprinkler,196.4,8.48,0.88,1.16,3.47,22093,241190,76663.0,-164527.0,1633,2.125,32.8,-55025.75,80665.55,25639.8
SF12805,Karnataka,Nashik,Maize,Zaid,14.88,189.0,29.2,44.9,7.0,5.71,33.6,116.6,50.7,130.7,Flood,157.3,6.78,0.78,0.73,10.86,20456,994502,222152.0,-772350.0,11665,0.931,26.5,-51905.24,66834.81,14929.57
SF12806,Gujarat,Krishna,Cotton,Kharif,3.43,1139.5,28.7,76.5,9.1,6.42,29.7,163.3,67.6,115.1,Sprinkler,191.0,6.4,0.97,1.45,4.97,64001,205043,318085.0,113042.0,2256,2.203,65.8,32956.85,59779.3,92736.15
SF12807,Madhya Pradesh,Nalgonda,Chilli,Kharif,11.76,865.7,31.4,62.2,6.3,6.38,30.6,145.0,72.4,112.4,Drip,240.0,5.88,0.98,2.47,29.05,99711,816759,2896605.0,2079846.0,5218,5.567,36.3,176857.65,69452.3,246309.95
SF12808,Tamil Nadu,Guntur,Sugarcane,Kharif,13.41,681.3,26.6,73.0,5.8,6.1,23.6,167.9,55.0,167.7,Drip,199.9,7.91,0.75,69.07,926.23,3665,856451,3394633.0,2538182.0,23049,40.185,30.2,189275.32,63866.59,253141.91
SF12809,Telangana,Nashik,Rice,Zaid,11.3,373.2,25.6,44.1,7.4,6.7,20.3,146.8,74.6,133.6,Rainfed,152.5,4.0,0.75,2.94,33.22,19461,634283,646494.0,12211.0,8688,3.824,53.3,1080.62,56131.24,57211.86
SF12810,Tamil Nadu,Warangal,Chilli,Rabi,1.68,678.1,25.3,67.8,5.9,6.4,29.4,118.9,15.0,109.8,Flood,136.5,4.1,0.91,2.78,4.67,100014,99659,467065.0,367406.0,1326,3.522,48.1,218694.05,59320.83,278014.88
SF12811,Gujarat,Guntur,Maize,Kharif,14.71,660.5,24.9,73.1,6.5,7.2,36.3,120.6,43.6,106.0,Rainfed,122.1,3.01,0.89,3.11,45.75,21483,854426,982847.0,128421.0,5223,8.759,57.8,8730.18,58084.7,66814.89
SF12812,Maharashtra,Nalgonda,Rice,Rabi,3.25,489.5,21.1,41.0,9.7,6.53,30.4,88.3,35.8,118.1,Flood,176.9,5.4,0.68,2.61,8.48,24348,220291,206471.0,-13820.0,5950,1.425,27.2,-4252.31,67781.85,63529.54
SF12813,Telangana,Krishna,Wheat,Kharif,14.51,1151.8,29.9,73.3,5.7,6.7,36.8,70.7,50.4,121.6,Rainfed,272.3,2.05,0.88,1.86,26.99,27294,1089390,736665.0,-352725.0,5122,5.269,80.3,-24309.1,75078.57,50769.47
SF12814,Punjab,Raichur,Pulses,Rabi,2.42,717.1,26.2,61.7,8.3,6.77,26.6,103.2,48.9,116.1,Rainfed,340.7,5.59,0.93,1.28,3.1,74707,173259,231592.0,58333.0,535,5.794,58.0,24104.55,71594.63,95699.17
SF12815,Karnataka,Krishna,Pulses,Kharif,1.34,617.9,26.3,73.9,5.7,8.4,33.8,99.2,58.1,108.3,Flood,226.2,2.62,0.68,0.3,0.4,72631,89574,29052.0,-60522.0,569,0.703,44.9,-45165.67,66846.27,21680.6
SF12816,Gujarat,Rajkot,Sugarcane,Rabi,4.75,597.0,17.8,54.0,7.9,5.82,25.2,138.9,44.5,166.8,Flood,120.0,7.61,0.82,21.89,103.98,3024,322601,314436.0,-8165.0,11622,8.947,35.9,-1718.95,67916.0,66197.05
SF12817,Madhya Pradesh,Erode,Pulses,Zaid,14.71,450.6,34.3,50.9,8.9,6.48,16.5,109.8,48.6,136.8,Flood,143.4,5.42,0.98,0.77,11.33,70224,1086143,795638.0,-290505.0,7470,1.517,43.5,-19748.81,73837.05,54088.24
SF12818,Tamil Nadu,Guntur,Maize,Rabi,13.05,215.1,22.9,47.2,8.6,6.79,26.6,122.5,37.0,128.7,Rainfed,129.4,7.63,0.97,2.78,36.28,22631,676032,821053.0,145021.0,3858,9.404,22.2,11112.72,51803.22,62915.94
SF12819,Telangana,Krishna,Cotton,Kharif,13.64,542.9,24.7,71.4,7.4,5.2,28.2,130.2,55.9,92.2,Drip,256.2,7.15,0.78,0.3,4.09,52210,933243,213539.0,-719704.0,8842,0.463,41.3,-52764.22,68419.57,15655.35
SF12820,Maharashtra,Rajkot,Wheat,Kharif,2.87,817.6,26.6,73.5,6.1,6.33,32.8,150.2,48.5,113.8,Flood,249.5,5.66,0.85,2.69,7.72,22863,219984,176502.0,-43482.0,1670,4.623,45.3,-15150.52,76649.48,61498.95
SF12821,Tamil Nadu,Nashik,Groundnut,Rabi,2.53,100.1,28.3,47.5,8.6,7.12,22.5,124.8,62.4,95.3,Flood,120.0,6.44,0.67,1.49,3.77,62494,174504,235602.0,61098.0,1743,2.163,19.7,24149.41,68973.91,93123.32
SF12822,Punjab,Nalgonda,Maize,Zaid,7.33,241.0,35.8,49.8,7.4,6.71,21.9,202.9,66.8,74.1,Flood,110.4,7.8,0.68,3.12,22.87,25288,439532,578337.0,138805.0,5083,4.499,23.1,18936.56,59963.44,78900.0
SF12823,Punjab,Erode,Sugarcane,Rabi,13.7,380.2,20.7,56.5,7.6,7.26,24.4,94.7,65.4,112.0,Drip,123.8,7.45,0.83,36.91,505.67,3760,740762,1901319.0,1160557.0,26967,18.751,28.5,84712.19,54070.22,138782.41
SF12824,Punjab,Krishna,Sugarcane,Rabi,4.65,709.8,22.1,63.6,7.7,6.84,25.0,159.8,59.4,136.7,Flood,160.4,6.37,0.83,78.8,366.42,3328,301966,1219446.0,917480.0,13594,26.955,45.2,197307.53,64938.92,262246.45
SF12825,Punjab,Krishna,Chilli,Kharif,4.53,694.3,26.5,77.1,5.8,7.53,30.9,40.0,50.5,118.7,Sprinkler,111.5,7.67,0.67,1.15,5.21,89337,263333,465446.0,202113.0,2740,1.901,53.7,44616.56,58130.91,102747.46
SF12826,Maharashtra,Guntur,Wheat,Kharif,11.07,795.6,29.2,62.7,6.6,7.06,35.6,138.1,65.0,113.7,Drip,188.0,4.97,0.69,4.12,45.61,25652,707465,1169988.0,462523.0,4878,9.35,46.9,41781.66,63908.31,105689.97
SF12827,Punjab,Nalgonda,Maize,Kharif,13.96,743.6,28.3,65.3,5.1,6.89,38.8,129.5,50.0,106.7,Sprinkler,170.4,5.17,1.0,6.08,84.88,22562,984276,1915063.0,930787.0,7319,11.597,47.7,66675.29,70506.88,137182.16
SF12828,Gujarat,Guntur,Wheat,Rabi,11.86,248.5,23.5,58.0,6.9,6.45,29.5,113.5,47.3,112.5,Sprinkler,222.6,5.51,0.76,2.25,26.68,26910,935818,717959.0,-217859.0,6358,4.196,43.2,-18369.22,78905.4,60536.17
SF12829,Gujarat,Raichur,Sugarcane,Rabi,2.66,284.7,24.1,45.6,7.9,5.97,21.1,153.5,45.1,113.6,Drip,187.4,6.36,0.84,25.81,68.65,3113,226581,213707.0,-12874.0,3703,18.539,19.0,-4839.85,85180.83,80340.98
SF12830,Maharashtra,Guntur,Rice,Rabi,14.2,460.0,21.9,60.7,7.9,5.36,23.6,107.6,51.3,118.7,Flood,58.2,2.46,0.95,0.3,4.26,21435,729088,91313.0,-637775.0,29111,0.146,58.0,-44913.73,51344.23,6430.49
SF12831,Karnataka,Krishna,Rice,Rabi,10.72,218.2,25.2,60.4,7.9,6.59,22.6,148.8,47.9,96.0,Drip,103.2,8.77,0.75,2.92,31.3,23578,631422,737991.0,106569.0,15784,1.983,20.4,9941.14,58901.31,68842.44
SF12832,Karnataka,Guntur,Wheat,Rabi,9.45,561.3,27.7,76.2,8.3,6.91,26.6,98.9,55.1,32.4,Drip,161.1,4.57,0.7,3.26,30.81,25239,626745,777614.0,150869.0,4078,7.555,42.9,15964.97,66322.22,82287.2
SF12833,Punjab,Nalgonda,Groundnut,Zaid,14.92,399.5,32.7,53.0,9.4,6.69,14.0,127.1,55.2,77.5,Sprinkler,187.1,4.75,0.84,1.7,25.36,61921,986469,1570317.0,583848.0,6745,3.76,44.2,39131.9,66117.23,105249.13
SF12834,Gujarat,Nalgonda,Groundnut,Zaid,12.81,270.0,31.0,64.1,7.6,6.59,21.3,96.5,42.9,103.8,Rainfed,214.5,5.48,0.8,1.16,14.86,54321,871481,807210.0,-64271.0,4035,3.683,45.0,-5017.25,68031.3,63014.05
SF12835,Madhya Pradesh,Warangal,Cotton,Rabi,12.16,535.2,23.5,69.2,7.5,6.46,21.5,82.3,50.1,144.6,Flood,226.9,4.37,0.68,1.69,20.55,68631,829257,1410367.0,581110.0,11598,1.772,44.4,47788.65,68195.48,115984.13
SF12836,Tamil Nadu,Guntur,Cotton,Rabi,8.31,822.6,24.0,57.2,7.1,6.26,23.8,124.6,55.5,75.2,Rainfed,186.5,3.4,0.96,1.48,12.3,69110,543614,850053.0,306439.0,3304,3.723,47.3,36875.93,65416.85,102292.78
SF12837,Karnataka,Ludhiana,Cotton,Zaid,2.64,305.6,25.7,50.1,8.7,6.95,17.5,107.2,51.8,109.1,Flood,122.8,3.27,0.82,1.18,3.12,72004,162958,224652.0,61694.0,2591,1.204,37.2,23368.94,61726.52,85095.45
SF12838,Maharashtra,Warangal,Wheat,Zaid,7.38,254.5,38.1,41.5,6.1,7.26,21.7,171.3,72.2,126.6,Drip,185.6,5.86,0.69,1.42,10.48,22515,483897,235957.0,-247940.0,2730,3.839,37.6,-33596.21,65568.7,31972.49
SF12839,Andhra Pradesh,Rajkot,Cotton,Kharif,10.54,1254.1,33.6,75.0,5.5,6.49,32.1,138.6,57.1,105.7,Drip,175.3,8.99,0.69,1.38,14.55,71567,767305,1041300.0,273995.0,5375,2.707,62.0,25995.73,72799.34,98795.07
SF12840,Tamil Nadu,Guntur,Cotton,Kharif,2.0,912.3,26.5,74.8,8.3,6.83,30.1,119.1,47.3,109.6,Rainfed,153.9,7.01,0.7,1.74,3.48,79432,126822,276423.0,149601.0,768,4.531,38.7,74800.5,63411.0,138211.5
SF12841,Andhra Pradesh,Raichur,Wheat,Rabi,3.69,582.0,23.4,67.3,8.7,6.39,16.9,137.3,49.4,102.0,Flood,250.4,6.84,0.73,2.9,10.7,24214,301891,259090.0,-42801.0,2964,3.61,42.1,-11599.19,81813.28,70214.09
SF12842,Gujarat,Rajkot,Sugarcane,Kharif,11.96,830.2,29.0,74.0,5.9,7.16,26.0,133.3,45.6,122.8,Flood,158.3,4.7,0.8,52.65,629.69,3214,813359,2023824.0,1210465.0,26691,23.592,65.2,101209.45,68006.61,169216.05
SF12843,Andhra Pradesh,Guntur,Maize,Rabi,4.35,319.0,22.4,61.4,6.0,6.26,29.9,126.2,72.9,135.7,Flood,111.5,5.6,0.79,3.03,13.18,22048,286898,290593.0,3695.0,3332,3.956,36.4,849.43,65953.56,66802.99
SF12844,Telangana,Guntur,Rice,Rabi,5.5,371.0,25.2,58.3,7.8,6.17,25.4,86.5,56.8,122.4,Flood,184.3,8.36,0.84,2.72,14.96,22211,287296,332277.0,44981.0,11762,1.272,43.9,8178.36,52235.64,60414.0
SF12845,Maharashtra,Warangal,Rice,Kharif,2.1,799.1,28.3,66.0,6.9,6.17,26.3,112.3,68.9,145.7,Flood,187.5,3.32,0.72,2.51,5.27,21933,127338,115587.0,-11751.0,3832,1.375,54.4,-5595.71,60637.14,55041.43
SF12846,Madhya Pradesh,Erode,Wheat,Rabi,4.22,305.1,26.3,61.6,5.9,7.35,21.7,183.1,59.1,93.3,Sprinkler,234.6,0.92,0.68,2.225,9.39,21765,270881,204373.0,-66508.0,2228,4.215,56.5,-15760.19,64189.81,48429.62
SF12847,Gujarat,Ludhiana,Wheat,Kharif,2.73,972.8,28.6,89.9,7.2,8.35,26.7,147.8,76.0,121.5,Flood,59.4,6.32,0.94,0.3,0.82,25147,165850,20621.0,-145229.0,1975,0.415,62.1,-53197.44,60750.92,7553.48
SF12848,Telangana,Warangal,Sugarcane,Kharif,7.66,703.0,29.9,77.7,7.5,6.38,26.0,126.9,83.6,145.8,Drip,170.3,3.08,0.77,87.76,672.24,3625,395192,2436870.0,2041678.0,12526,53.668,67.8,266537.6,51591.64,318129.24
SF12849,Madhya Pradesh,Warangal,Wheat,Rabi,6.34,351.9,20.7,51.6,7.4,7.07,24.95,165.2,52.3,126.0,Flood,202.3,4.12,0.98,1.9,12.05,23963,404748,288754.0,-115994.0,3987,3.022,33.4,-18295.58,63840.38,45544.79
SF12850,Gujarat,Raichur,Cotton,Kharif,9.95,984.1,29.3,89.9,5.6,6.54,32.0,92.1,49.0,114.6,Drip,201.7,6.48,0.72,2.11,20.99,61774,854992,1296636.0,441644.0,6519,3.22,71.7,44386.33,85928.84,130315.18
SF12851,Telangana,Nalgonda,Rice,Zaid,14.17,512.7,33.8,39.9,7.7,6.52,10.4,124.8,73.9,128.2,Rainfed,149.8,2.05,0.87,2.86,40.53,21826,903622,884608.0,-19014.0,11398,3.556,49.3,-1341.85,63770.08,62428.23
SF12852,Karnataka,Indore,Maize,Zaid,2.47,417.1,24.5,56.4,9.2,6.2,24.9,96.3,41.7,110.3,Rainfed,200.0,5.29,0.68,2.22,5.48,21142,150888,115858.0,-35030.0,622,8.81,27.4,-14182.19,61088.26,46906.07
SF12853,Karnataka,Guntur,Cotton,Rabi,9.84,547.2,22.3,54.2,8.2,6.38,20.6,96.6,69.1,108.4,Drip,250.4,5.77,0.76,1.67,16.43,71658,713978,1177341.0,463363.0,6495,2.53,39.5,47089.74,72558.74,119648.48
SF12854,Punjab,Erode,Maize,Kharif,3.08,1024.6,24.6,57.4,5.9,7.16,19.5,114.5,52.7,93.6,Rainfed,172.8,3.48,0.92,2.86,8.81,19176,182096,168941.0,-13155.0,987,8.926,45.9,-4271.1,59122.08,54850.97
SF12855,Karnataka,Krishna,Cotton,Rabi,6.22,704.1,25.6,60.5,8.5,7.04,34.5,100.5,60.9,129.6,Rainfed,71.3,4.11,0.66,1.65,10.26,58030,299362,595388.0,296026.0,2805,3.658,46.5,47592.6,48128.94,95721.54
SF12856,Karnataka,Rajkot,Cotton,Zaid,5.63,181.2,30.6,42.2,9.6,6.89,27.6,166.4,44.6,88.8,Rainfed,103.3,2.75,0.83,1.16,6.53,77696,329327,507355.0,178028.0,2855,2.287,50.9,31621.31,58495.03,90116.34
SF12857,Gujarat,Nashik,Maize,Rabi,6.43,470.7,19.3,61.1,6.8,6.47,20.2,134.9,80.5,96.5,Drip,134.8,5.09,0.9,4.44,28.55,21705,388420,619678.0,231258.0,2997,9.526,45.5,35965.47,60407.47,96372.94
SF12858,Maharashtra,Erode,Chilli,Rabi,1.92,259.0,25.1,50.3,8.7,6.88,30.8,129.1,76.8,98.7,Flood,184.3,4.17,0.8,2.04,3.92,110825,137751,434434.0,296683.0,1483,2.643,35.1,154522.4,71745.31,226267.71
SF12859,Punjab,Krishna,Rice,Kharif,7.13,1195.4,30.8,60.1,5.9,6.26,27.3,118.8,52.8,176.0,Drip,164.7,6.08,0.91,2.44,17.4,22941,457892,399173.0,-58719.0,8043,2.163,54.0,-8235.48,64220.48,55984.99
SF12860,Andhra Pradesh,Nalgonda,Groundnut,Rabi,5.35,569.3,18.3,59.6,5.9,5.68,16.8,138.5,37.8,116.4,Drip,226.4,6.08,0.93,0.53,2.84,57484,347340,163255.0,-184085.0,2147,1.323,47.6,-34408.41,64923.36,30514.95
SF12861,Tamil Nadu,Guntur,Pulses,Rabi,8.06,363.3,23.7,41.1,6.9,5.63,31.8,150.5,37.7,94.0,Flood,172.2,7.88,0.8,0.3,2.42,76348,508832,184762.0,-324070.0,3855,0.628,29.1,-40207.2,63130.52,22923.33
SF12862,Tamil Nadu,Krishna,Maize,Kharif,13.79,1187.5,29.7,67.4,5.1,6.81,32.3,173.5,57.1,108.3,Drip,231.2,8.97,0.76,4.45,61.37,18413,932601,1130006.0,197405.0,7036,8.722,52.8,14315.08,67628.79,81943.87
SF12863,Andhra Pradesh,Indore,Chilli,Kharif,1.85,677.8,27.2,65.9,7.2,6.64,35.5,105.4,86.5,140.4,Flood,44.1,6.33,0.66,3.32,6.14,110733,110511,679901.0,569390.0,1399,4.389,53.6,307778.38,59735.68,367514.05
SF12864,Andhra Pradesh,Raichur,Groundnut,Zaid,4.39,155.8,30.4,47.3,8.9,6.71,32.3,106.2,44.8,118.1,Rainfed,124.4,4.13,0.89,0.84,3.69,55805,251655,205920.0,-45735.0,1222,3.02,38.5,-10418.0,57324.6,46906.61
SF12865,Telangana,Krishna,Groundnut,Kharif,1.34,920.2,24.3,84.2,8.2,7.2,29.4,147.0,45.2,83.0,Drip,183.4,4.25,0.87,1.67,2.24,61919,85804,138699.0,52895.0,698,3.209,55.6,39473.88,64032.84,103506.72
SF12866,Andhra Pradesh,Indore,Cotton,Rabi,9.38,161.9,24.6,63.3,7.6,6.23,29.2,102.6,65.4,103.9,Drip,204.7,4.65,0.77,1.05,9.85,61012,611819,600968.0,-10851.0,5697,1.729,42.7,-1156.82,65225.91,64069.08
SF12867,Gujarat,Guntur,Sugarcane,Kharif,5.05,944.2,22.6,63.8,8.0,7.02,35.8,170.4,57.2,124.8,Drip,102.8,5.38,0.66,72.8,367.64,3093,232902,1137111.0,904209.0,7685,47.839,39.0,179051.29,46119.21,225170.5
SF12868,Tamil Nadu,Ludhiana,Groundnut,Rabi,5.17,80.0,20.0,63.3,7.5,6.88,22.6,132.9,57.0,41.4,Sprinkler,189.1,5.51,0.74,1.2,6.2,60584,385644,375621.0,-10023.0,2592,2.392,40.4,-1938.68,74592.65,72653.97
SF12869,Gujarat,Raichur,Wheat,Kharif,14.64,1116.0,29.0,70.7,7.4,6.74,34.9,146.1,65.9,109.7,Rainfed,240.7,6.71,0.82,3.04,44.51,23632,990904,1051860.0,60956.0,4937,9.016,53.8,4163.66,67684.7,71848.36
SF12870,Tamil Nadu,Krishna,Wheat,Kharif,9.92,883.8,32.2,86.2,7.9,6.17,31.9,127.4,81.6,99.6,Drip,104.4,5.43,0.86,2.42,24.01,25480,613969,611775.0,-2194.0,5310,4.522,76.4,-221.17,61892.04,61670.87
SF12871,Madhya Pradesh,Erode,Maize,Kharif,4.61,1198.1,29.2,68.7,6.7,6.09,23.6,140.1,75.5,105.3,Drip,234.0,7.38,0.88,2.17,10.0,21043,367154,210430.0,-156724.0,2254,4.437,48.5,-33996.53,79642.95,45646.42
SF12872,Madhya Pradesh,Rajkot,Pulses,Kharif,0.73,934.4,29.2,75.2,6.5,8.1,20.4,159.7,91.5,132.1,Rainfed,200.3,3.98,0.81,0.3,0.22,90623,37299,19937.0,-17362.0,139,1.583,73.9,-23783.56,51094.52,27310.96
SF12873,Madhya Pradesh,Ludhiana,Chilli,Rabi,13.38,366.4,19.9,48.6,9.3,6.5,28.1,142.9,90.0,66.1,Sprinkler,180.0,5.21,1.0,1.84,24.62,118917,752510,2927737.0,2175227.0,7972,3.088,52.2,162573.02,56241.41,218814.42
SF12874,Punjab,Nashik,Maize,Kharif,4.97,836.1,30.4,75.6,6.7,6.92,32.0,140.5,70.0,95.4,Drip,107.3,3.96,0.9,4.85,24.1,19263,348239,464238.0,115999.0,2535,9.507,70.7,23339.84,70068.21,93408.05
SF12875,Punjab,Indore,Rice,Rabi,1.5,390.7,21.0,59.9,8.3,6.21,25.3,157.5,73.7,109.0,Flood,164.0,4.36,0.9,2.4,3.6,22267,94206,80161.0,-14045.0,2900,1.241,44.6,-9363.33,62804.0,53440.67
SF12876,Andhra Pradesh,Nalgonda,Wheat,Zaid,2.69,378.8,30.3,60.7,8.6,6.66,15.8,115.4,60.1,83.6,Sprinkler,198.2,5.99,0.88,2.4,6.46,23773,169130,153574.0,-15556.0,1555,4.154,39.3,-5782.9,62873.61,57090.71
SF12877,Gujarat,Nalgonda,Pulses,Rabi,2.31,280.9,20.3,42.0,7.3,7.48,34.4,115.9,45.2,61.8,Rainfed,184.9,5.29,0.99,0.32,0.74,77245,140936,57161.0,-83775.0,478,1.548,31.9,-36266.23,61011.26,24745.02
SF12878,Gujarat,Nalgonda,Pulses,Kharif,5.59,1119.6,28.7,55.5,6.2,6.91,24.3,104.8,63.6,143.0,Flood,243.5,6.78,0.81,1.31,7.32,70443,369901,515643.0,145742.0,2602,2.813,46.3,26071.91,66171.91,92243.83
SF12879,Andhra Pradesh,Nalgonda,Groundnut,Kharif,7.97,963.4,30.1,81.7,6.2,5.89,30.0,131.9,37.7,105.5,Sprinkler,141.8,8.46,0.97,0.76,6.06,53990,472486,327179.0,-145307.0,4176,1.451,50.6,-18231.74,59283.06,41051.32
SF12880,Tamil Nadu,Ludhiana,Maize,Zaid,14.18,552.2,34.0,60.0,7.3,7.75,17.0,195.1,59.0,94.6,Rainfed,168.0,3.76,0.97,0.87,12.34,28340,1113608,349716.0,-763892.0,3993,3.09,53.9,-53871.09,78533.71,24662.62
SF12881,Madhya Pradesh,Indore,Rice,Rabi,5.49,524.5,23.9,59.1,6.9,7.66,21.9,104.0,80.5,139.9,Sprinkler,156.5,2.33,0.67,1.22,6.7,22752,293822,152438.0,-141384.0,7662,0.874,45.0,-25753.01,53519.49,27766.48
SF12882,Punjab,Nalgonda,Wheat,Kharif,5.86,909.4,27.4,79.9,7.1,6.08,31.1,40.0,44.5,80.5,Flood,259.4,5.19,0.92,1.7,9.96,27347,464851,272376.0,-192475.0,4303,2.315,63.9,-32845.56,79326.11,46480.55
SF12883,Madhya Pradesh,Indore,Wheat,Kharif,8.49,882.4,25.2,72.5,5.6,6.98,24.4,134.6,60.1,84.2,Sprinkler,91.2,0.5,0.95,2.56,21.73,25634,470247,557027.0,86780.0,5023,4.326,80.8,10221.44,55388.34,65609.78
SF12884,Andhra Pradesh,Warangal,Chilli,Rabi,3.95,203.0,23.8,63.7,7.1,5.9,21.2,70.1,55.8,123.2,Flood,200.3,5.5,0.9,0.75,2.96,114407,281972,338645.0,56673.0,3639,0.813,49.3,14347.59,71385.32,85732.91
SF12885,Karnataka,Guntur,Pulses,Rabi,14.83,309.4,23.9,58.2,7.4,6.45,25.4,154.4,56.6,102.0,Rainfed,200.3,7.36,0.92,1.12,16.61,79761,1015612,1324830.0,309218.0,3026,5.489,44.3,20850.84,68483.61,89334.46
SF12886,Tamil Nadu,Rajkot,Wheat,Rabi,3.93,550.8,19.3,58.6,8.6,6.71,28.4,110.1,60.0,109.2,Rainfed,139.6,0.5,0.88,2.39,9.39,25651,277861,240863.0,-36998.0,1098,8.552,69.5,-9414.25,70702.54,61288.3
SF12887,Telangana,Raichur,Groundnut,Kharif,13.88,826.6,30.1,72.7,6.6,7.5,30.4,74.0,64.3,92.7,Drip,336.7,4.18,0.96,1.04,14.44,58269,1073758,841404.0,-232354.0,5822,2.48,53.6,-16740.2,77360.09,60619.88
SF12888,Karnataka,Raichur,Chilli,Kharif,3.46,1367.2,29.1,83.6,5.3,7.37,40.9,118.7,62.3,68.0,Rainfed,101.2,6.82,0.8,0.83,2.87,115645,224158,331901.0,107743.0,1143,2.511,71.9,31139.6,64785.55,95925.14
SF12889,Maharashtra,Rajkot,Rice,Kharif,8.68,860.9,31.1,83.7,7.2,7.39,26.4,175.0,43.7,96.9,Flood,123.1,3.82,0.72,2.46,21.35,24708,541012,527516.0,-13496.0,14640,1.458,54.5,-1554.84,62328.57,60773.73
SF12890,Telangana,Ludhiana,Maize,Zaid,1.98,110.3,32.2,43.9,9.3,5.76,17.1,98.3,59.2,105.4,Drip,310.5,4.57,0.66,1.04,2.06,21383,136142,44049.0,-92093.0,857,2.404,27.6,-46511.62,68758.59,22246.97
SF12891,Punjab,Raichur,Chilli,Kharif,14.74,1141.3,29.2,67.9,6.5,6.67,25.1,131.0,68.2,125.2,Flood,193.3,6.6,0.94,2.24,33.02,98924,932591,3266470.0,2333879.0,11665,2.831,53.3,158336.43,63269.4,221605.83
SF12892,Punjab,Indore,Cotton,Kharif,13.23,769.9,28.1,54.7,6.6,6.25,28.6,169.5,36.8,86.0,Sprinkler,126.5,3.01,0.71,1.69,22.36,56387,835241,1260813.0,425572.0,10532,2.123,52.8,32167.2,63132.35,95299.55
SF12893,Punjab,Nashik,Rice,Kharif,14.75,1092.1,32.2,74.8,7.4,6.51,27.6,136.7,68.2,102.9,Sprinkler,199.6,4.95,0.77,3.57,52.66,20712,876386,1090694.0,214308.0,21748,2.421,50.7,14529.36,59416.0,73945.36
SF12894,Andhra Pradesh,Nalgonda,Pulses,Rabi,8.17,533.9,20.8,61.5,9.3,7.4,19.5,108.2,36.4,115.5,Flood,197.1,9.21,1.0,0.71,5.8,75333,605004,436931.0,-168073.0,3335,1.739,41.4,-20571.97,74051.9,53479.93
SF12895,Tamil Nadu,Indore,Chilli,Rabi,6.83,452.1,20.5,52.3,7.5,6.28,21.2,112.9,55.8,113.8,Rainfed,255.5,3.16,0.91,1.31,8.95,107420,339830,961409.0,621579.0,2086,4.291,34.5,91007.17,49755.49,140762.66
SF12896,Gujarat,Ludhiana,Groundnut,Zaid,9.6,227.5,32.4,62.1,8.3,6.07,24.2,108.4,40.9,121.5,Drip,176.1,6.54,0.76,0.71,6.82,66279,685672,452023.0,-233649.0,4091,1.667,34.7,-24338.44,71424.17,47085.73
SF12897,Gujarat,Krishna,Maize,Rabi,5.26,418.4,24.6,57.1,8.1,7.01,19.9,87.9,36.2,127.4,Flood,213.6,5.09,0.91,3.17,16.67,19322,403846,322098.0,-81748.0,3505,4.756,35.4,-15541.44,76776.81,61235.36
SF12898,Karnataka,Indore,Sugarcane,Kharif,11.76,765.9,31.6,77.9,7.5,6.25,38.2,151.0,77.0,91.6,Sprinkler,139.9,6.85,0.88,56.65,666.2,3328,684492,2217114.0,1532622.0,18023,36.964,58.2,130325.0,58205.1,188530.1
SF12899,Andhra Pradesh,Ludhiana,Wheat,Rabi,1.57,504.3,23.0,55.9,7.0,7.19,25.5,126.3,47.3,103.1,Flood,280.7,7.33,1.0,1.79,2.81,26180,125959,73566.0,-52393.0,1226,2.292,22.3,-33371.34,80228.66,46857.32
SF12900,Gujarat,Erode,Groundnut,Rabi,10.04,163.6,19.6,64.9,6.8,6.94,28.0,104.2,51.5,55.4,Rainfed,97.9,6.05,0.85,0.95,9.54,46514,575942,443744.0,-132198.0,2894,3.296,26.5,-13167.13,57364.74,44197.61
SF12901,Andhra Pradesh,Nalgonda,Sugarcane,Zaid,12.92,451.8,32.5,42.8,7.3,6.4,18.2,124.8,57.4,135.1,Sprinkler,220.7,7.71,0.85,50.35,650.52,3516,956505,2287228.0,1330723.0,23562,27.609,35.9,102997.14,74032.89,177030.03
SF12902,Gujarat,Guntur,Groundnut,Kharif,5.21,743.2,28.1,68.8,5.5,6.6,22.7,189.2,39.9,123.6,Rainfed,256.7,5.02,0.94,2.03,10.58,59044,369550,624686.0,255136.0,1312,8.064,40.7,48970.44,70930.9,119901.34
SF12903,Tamil Nadu,Ludhiana,Rice,Rabi,7.12,368.1,24.5,55.7,7.2,6.14,22.8,97.8,66.6,104.8,Rainfed,152.5,3.69,0.77,1.69,12.03,22829,439651,274633.0,-165018.0,5910,2.036,34.6,-23176.69,61748.74,38572.05
SF12904,Karnataka,Nashik,Rice,Rabi,4.29,508.4,22.8,56.7,8.6,6.44,24.6,87.0,52.4,127.5,Drip,188.2,3.41,0.79,3.35,14.37,21373,313375,307130.0,-6245.0,6247,2.3,43.7,-1455.71,73047.79,71592.07
SF12905,Madhya Pradesh,Nashik,Wheat,Kharif,0.9,999.3,28.6,82.1,5.5,6.69,34.3,124.1,48.1,92.9,Flood,216.4,7.57,0.9,2.26,2.03,21800,70688,44254.0,-26434.0,581,3.494,43.1,-29371.11,78542.22,49171.11
SF12906,Telangana,Guntur,Sugarcane,Zaid,1.46,260.2,32.8,43.5,7.2,7.04,22.8,132.2,32.5,120.0,Flood,177.9,6.43,0.76,36.45,53.22,3208,116810,170730.0,53920.0,3106,17.135,25.9,36931.51,80006.85,116938.36
SF12907,Karnataka,Krishna,Groundnut,Rabi,6.14,580.6,21.4,54.7,8.2,7.47,17.7,79.9,51.0,135.4,Flood,364.9,3.6,0.88,0.77,4.73,62494,524466,295597.0,-228869.0,3541,1.336,57.0,-37275.08,85417.92,48142.83
SF12908,Karnataka,Indore,Pulses,Rabi,6.32,299.3,22.0,79.7,7.0,6.33,18.4,138.4,75.5,113.1,Drip,73.2,2.47,0.71,0.87,5.5,69525,379623,382388.0,2765.0,2007,2.74,46.1,437.5,60066.93,60504.43
SF12909,Punjab,Warangal,Sugarcane,Rabi,7.73,482.8,25.0,61.7,6.8,5.69,29.2,148.1,47.5,68.4,Flood,294.2,7.81,0.98,18.54,143.31,3774,576141,540852.0,-35289.0,16170,8.863,45.2,-4565.2,74533.12,69967.92
SF12910,Andhra Pradesh,Indore,Chilli,Rabi,5.63,476.0,28.1,63.9,7.8,6.76,21.1,107.2,41.4,87.1,Flood,141.2,5.08,0.72,2.31,13.01,90723,415253,1180306.0,765053.0,4848,2.684,51.4,135888.63,73757.19,209645.83
SF12911,Gujarat,Nashik,Pulses,Kharif,13.43,923.0,28.7,60.0,7.4,6.67,28.3,144.9,36.8,123.3,Drip,130.6,5.68,0.99,1.89,25.38,62234,803990,1579499.0,775509.0,4949,5.128,33.2,57744.53,59865.23,117609.75
SF12912,Madhya Pradesh,Warangal,Maize,Kharif,3.15,873.8,27.3,78.3,7.3,6.55,31.4,129.8,49.9,67.8,Rainfed,195.2,3.76,1.0,3.8,11.97,21706,228724,259821.0,31097.0,1041,11.499,55.4,9872.06,72610.79,82482.86
SF12913,Maharashtra,Ludhiana,Groundnut,Kharif,3.55,999.5,32.5,67.8,5.8,7.02,20.7,161.6,46.2,73.7,Rainfed,85.7,3.24,0.77,1.28,4.54,51857,266578,235431.0,-31147.0,881,5.153,74.6,-8773.8,75092.39,66318.59
SF12914,Andhra Pradesh,Krishna,Groundnut,Kharif,8.93,717.3,28.7,77.7,5.2,6.62,20.6,74.1,48.3,119.9,Drip,127.1,3.99,0.72,2.55,22.77,55939,658702,1273731.0,615029.0,4122,5.524,46.3,68872.23,73762.82,142635.05
SF12915,Karnataka,Rajkot,Rice,Kharif,7.85,802.9,30.4,54.7,8.1,7.17,38.4,163.3,58.8,70.0,Drip,207.6,7.72,0.9,4.18,32.81,20726,524345,680020.0,155675.0,9054,3.624,48.2,19831.21,66795.54,86626.75
SF12916,Maharashtra,Raichur,Maize,Rabi,10.99,195.3,23.6,55.4,6.8,7.64,26.0,124.3,27.2,93.1,Drip,249.7,5.99,0.76,1.18,12.97,26472,828750,343342.0,-485408.0,5240,2.475,31.7,-44168.15,75409.46,31241.31
SF12917,Punjab,Erode,Cotton,Zaid,12.27,445.1,28.5,48.6,8.8,7.58,22.6,91.5,77.5,109.1,Rainfed,220.8,4.06,0.66,0.46,5.64,72235,879988,407405.0,-472583.0,4711,1.197,36.7,-38515.32,71718.66,33203.34
SF12918,Gujarat,Nalgonda,Rice,Zaid,6.64,171.9,27.5,79.5,7.6,7.25,18.9,104.3,55.6,57.4,Drip,158.4,6.23,0.86,1.72,11.42,21217,426700,242298.0,-184402.0,8024,1.423,47.2,-27771.39,64262.05,36490.66
SF12919,Andhra Pradesh,Erode,Maize,Zaid,1.43,604.3,27.4,56.8,9.1,6.54,26.9,114.2,49.6,145.2,Flood,232.1,6.55,0.86,4.03,5.76,21544,89296,124093.0,34797.0,885,6.508,32.2,24333.57,62444.76,86778.32
SF12920,Maharashtra,Indore,Pulses,Rabi,6.29,661.7,27.1,61.7,7.3,6.05,23.7,107.6,70.2,114.9,Sprinkler,244.6,4.34,0.88,1.0,6.29,77301,428375,486223.0,57848.0,2341,2.687,43.4,9196.82,68104.13,77300.95
SF12921,Maharashtra,Ludhiana,Sugarcane,Rabi,14.78,616.4,25.5,67.1,7.8,7.34,22.7,151.8,59.4,88.2,Flood,263.6,5.39,0.84,52.62,777.72,3396,1099537,2641137.0,1541600.0,40902,19.014,49.0,104303.11,74393.57,178696.68
SF12922,Telangana,Indore,Cotton,Kharif,11.39,661.0,29.2,66.7,5.9,6.68,36.7,190.0,42.7,114.3,Drip,202.6,3.11,0.69,2.9,33.03,62372,855348,2060147.0,1204799.0,7559,4.37,49.9,105776.91,75096.4,180873.31
SF12923,Gujarat,Warangal,Chilli,Kharif,9.89,768.6,26.6,82.5,8.1,6.31,19.3,95.0,46.2,146.8,Flood,83.8,8.9,0.8,2.52,24.92,101585,564556,2531498.0,1966942.0,8676,2.872,35.9,198881.9,57083.52,255965.42
SF12924,Madhya Pradesh,Guntur,Chilli,Kharif,4.11,982.4,29.9,89.3,8.0,6.47,32.8,130.4,49.7,94.2,Drip,226.4,3.1,0.94,2.28,9.37,107426,301466,1006582.0,705116.0,2262,4.142,71.2,171561.07,73349.39,244910.46
SF12925,Gujarat,Erode,Cotton,Kharif,2.32,709.0,28.3,77.0,8.0,7.2,30.5,91.0,81.4,107.9,Drip,305.9,1.33,0.68,1.98,4.59,69663,173991,319753.0,145762.0,1761,2.606,67.3,62828.45,74996.12,137824.57
SF12926,Punjab,Nalgonda,Sugarcane,Zaid,13.64,350.7,33.0,62.6,8.6,6.77,22.4,113.8,53.9,105.1,Drip,189.1,4.83,0.69,46.57,635.21,4043,842694,2568154.0,1725460.0,21209,29.95,41.3,126500.0,61781.09,188281.09
SF12927,Punjab,Rajkot,Rice,Kharif,8.56,901.3,28.3,65.9,6.2,6.95,32.3,109.8,60.0,120.9,Rainfed,202.7,6.03,0.78,3.53,30.22,23048,474318,696511.0,222193.0,7524,4.016,46.3,25957.13,55410.98,81368.11
SF12928,Maharashtra,Krishna,Chilli,Rabi,4.4,696.5,23.4,45.5,8.4,6.03,20.8,91.8,63.6,144.1,Flood,202.2,10.31,0.94,1.62,7.13,98007,305437,698790.0,393353.0,3773,1.89,30.7,89398.41,69417.5,158815.91
SF12929,Madhya Pradesh,Rajkot,Maize,Kharif,10.93,1121.4,28.8,65.9,6.3,7.16,35.6,84.3,74.4,57.3,Rainfed,290.6,7.68,0.94,2.05,22.41,22419,787030,502410.0,-284620.0,4064,5.514,50.7,-26040.26,72006.4,45966.15
SF12930,Punjab,Guntur,Pulses,Kharif,13.96,761.7,28.1,63.9,5.5,6.37,36.7,146.3,37.3,107.1,Rainfed,180.0,5.16,0.87,1.53,21.36,68874,834403,1471149.0,636746.0,2329,9.171,38.2,45612.18,59770.99,105383.17
SF12931,Telangana,Indore,Rice,Rabi,10.4,207.4,21.8,60.5,7.7,6.95,18.5,141.3,32.8,112.3,Flood,66.8,7.07,0.73,2.57,26.73,22668,620640,605916.0,-14724.0,21894,1.221,38.2,-1415.77,59676.92,58261.15
SF12932,Telangana,Erode,Chilli,Kharif,2.81,997.7,27.7,58.8,7.1,6.93,35.5,157.1,39.6,88.5,Flood,113.5,5.05,0.7,2.41,6.77,100592,191081,681008.0,489927.0,2100,3.224,55.8,174351.25,68000.36,242351.6
SF12933,Telangana,Erode,Wheat,Rabi,7.63,205.2,24.9,50.3,7.0,6.42,25.6,127.4,49.6,67.1,Drip,94.3,4.06,0.66,2.76,21.06,21722,465021,457465.0,-7556.0,3220,6.54,39.6,-990.3,60946.4,59956.09
SF12934,Maharashtra,Indore,Groundnut,Kharif,3.83,909.1,27.7,59.4,5.9,6.32,34.8,176.5,65.4,99.9,Rainfed,106.2,5.27,0.95,1.73,6.63,57729,201839,382743.0,180904.0,935,7.091,58.9,47233.42,52699.48,99932.9
SF12935,Madhya Pradesh,Nashik,Maize,Rabi,2.11,356.0,23.1,64.1,8.3,6.13,27.5,112.5,67.9,94.9,Sprinkler,217.7,7.16,0.66,2.21,4.66,23623,135781,110083.0,-25698.0,1338,3.483,33.5,-12179.15,64351.18,52172.04
SF12936,Telangana,Guntur,Rice,Rabi,11.7,258.7,26.8,60.0,6.8,6.04,21.1,152.3,63.8,60.5,Drip,76.1,4.94,0.69,2.31,27.03,19326,591240,522382.0,-68858.0,14797,1.827,42.7,-5885.3,50533.33,44648.03
SF12937,Tamil Nadu,Nashik,Cotton,Zaid,13.56,441.7,27.3,62.0,7.4,6.99,17.2,82.5,57.1,105.5,Rainfed,107.6,8.23,0.67,1.33,18.03,83450,541165,1504604.0,963439.0,5300,3.402,26.2,71050.07,39908.92,110959.0
SF12938,Karnataka,Raichur,Groundnut,Kharif,0.52,938.4,28.1,71.4,5.4,6.34,23.9,93.9,62.9,120.5,Flood,124.2,4.5,0.75,1.74,0.9,58315,34504,52484.0,17980.0,373,2.413,59.4,34576.92,66353.85,100930.77
SF12939,Karnataka,Raichur,Maize,Kharif,9.83,935.3,28.1,75.5,5.2,5.95,39.4,85.2,73.0,72.9,Flood,197.8,6.82,0.92,1.8,17.69,20774,620495,367492.0,-253003.0,6909,2.56,55.2,-25737.84,63122.58,37384.74
SF12940,Maharashtra,Warangal,Cotton,Kharif,1.64,867.3,26.6,67.5,8.0,6.24,29.6,112.8,28.8,74.4,Flood,187.9,0.75,0.94,1.08,1.77,65638,109926,116179.0,6253.0,1788,0.99,64.9,3812.8,67028.05,70840.85
SF12941,Punjab,Krishna,Groundnut,Kharif,4.52,538.5,28.2,74.7,6.9,7.2,29.0,190.5,25.9,94.9,Drip,268.5,3.72,0.98,1.91,8.63,57316,301626,494637.0,193011.0,1889,4.569,48.3,42701.55,66731.42,109432.96
SF12942,Maharashtra,Guntur,Pulses,Zaid,7.9,263.2,32.0,37.8,7.5,6.3,25.9,100.1,76.2,99.3,Flood,145.5,6.4,0.75,0.83,6.56,67117,575109,440288.0,-134821.0,3730,1.759,22.2,-17065.95,72798.61,55732.66
SF12943,Tamil Nadu,Ludhiana,Rice,Rabi,8.25,304.4,19.9,43.8,6.9,6.15,20.8,137.9,53.0,119.4,Rainfed,142.9,8.01,0.83,1.73,14.27,19680,645291,280834.0,-364457.0,7575,1.884,25.8,-44176.61,78217.09,34040.48
SF12944,Punjab,Nashik,Cotton,Zaid,5.06,80.0,30.7,59.1,9.1,7.16,20.2,182.1,64.8,137.7,Flood,205.5,5.19,0.66,0.94,4.76,70577,360535,335947.0,-24588.0,4001,1.19,34.6,-4859.29,71251.98,66392.69
SF12945,Tamil Nadu,Krishna,Maize,Kharif,11.43,743.6,25.7,75.5,7.8,8.05,22.7,159.5,58.7,88.7,Rainfed,124.0,2.91,0.9,0.47,5.37,21460,598995,115240.0,-483755.0,3331,1.612,51.9,-42323.27,52405.51,10082.24
SF12946,Gujarat,Erode,Rice,Zaid,7.83,376.1,30.0,47.9,8.2,6.97,22.5,104.8,44.5,142.2,Rainfed,202.8,5.42,0.7,2.43,19.03,17956,581374,341703.0,-239671.0,6239,3.05,37.8,-30609.32,74249.55,43640.23
SF12947,Maharashtra,Krishna,Maize,Rabi,8.09,343.1,22.9,69.1,7.2,6.49,27.8,115.4,45.1,89.1,Flood,168.9,5.68,0.65,2.9,23.46,20199,522685,473869.0,-48816.0,6443,3.641,29.0,-6034.12,64608.78,58574.66
SF12948,Karnataka,Raichur,Maize,Kharif,13.05,721.9,28.1,81.1,6.8,7.51,38.6,108.8,85.9,82.6,Sprinkler,212.3,3.8,0.72,2.12,27.67,23695,924837,655641.0,-269196.0,7456,3.711,62.1,-20628.05,70868.74,50240.69
SF12949,Madhya Pradesh,Nashik,Groundnut,Kharif,10.91,992.7,26.4,76.3,7.1,6.21,31.2,138.9,74.8,117.4,Rainfed,116.4,6.71,0.84,1.47,16.04,61143,558472,980734.0,422262.0,3277,4.895,53.8,38704.12,51189.0,89893.13
SF12950,Tamil Nadu,Erode,Wheat,Zaid,6.71,80.0,30.3,57.6,8.8,6.59,26.3,106.4,29.3,89.7,Sprinkler,179.5,6.66,0.81,2.05,13.76,20368,421655,280264.0,-141391.0,4155,3.312,38.4,-21071.68,62839.79,41768.11
SF12951,Punjab,Erode,Groundnut,Zaid,4.24,428.6,29.7,57.8,6.7,6.84,15.3,165.2,60.3,74.3,Flood,215.1,5.89,0.65,1.63,6.91,62094,343070,429070.0,86000.0,2599,2.659,40.3,20283.02,80912.74,101195.75
SF12952,Gujarat,Ludhiana,Wheat,Zaid,0.81,165.7,32.1,56.5,8.6,5.2,18.7,173.1,66.0,118.2,Flood,238.6,7.03,0.83,0.3,0.24,27954,50004,6709.0,-43295.0,627,0.383,32.8,-53450.62,61733.33,8282.72
SF12953,Andhra Pradesh,Erode,Wheat,Zaid,0.55,423.2,30.0,68.7,7.5,6.12,19.9,100.3,54.9,85.6,Flood,215.0,4.85,0.83,1.57,0.86,21118,35244,18161.0,-17083.0,324,2.654,54.2,-31060.0,64080.0,33020.0
SF12954,Karnataka,Nalgonda,Sugarcane,Kharif,11.1,1103.1,27.2,64.2,7.0,6.71,27.5,204.2,52.3,152.4,Flood,296.0,7.3,0.71,72.32,802.75,3284,904252,2636231.0,1731979.0,21809,36.808,51.6,156034.14,81464.14,237498.29
SF12955,Maharashtra,Ludhiana,Cotton,Rabi,12.99,673.2,26.9,53.7,9.4,7.15,24.2,133.2,65.8,108.0,Rainfed,83.7,0.68,0.95,1.45,18.84,73739,567048,1389243.0,822195.0,4793,3.931,65.0,63294.46,43652.66,106947.11
SF12956,Telangana,Rajkot,Rice,Rabi,11.55,669.4,22.6,64.6,5.8,6.12,26.0,116.1,78.1,143.2,Drip,210.2,3.48,1.0,2.88,33.26,26518,760129,881989.0,121860.0,14645,2.271,55.2,10550.65,65812.03,76362.68
SF12957,Tamil Nadu,Ludhiana,Cotton,Kharif,11.35,883.4,26.1,63.3,6.9,7.09,41.0,96.6,47.5,146.3,Rainfed,105.2,4.85,0.84,1.34,15.21,66793,585513,1015922.0,430409.0,4503,3.378,50.8,37921.5,51587.05,89508.55
SF12958,Punjab,Ludhiana,Pulses,Kharif,3.27,881.6,27.3,79.2,4.8,7.22,28.1,117.6,15.0,112.6,Rainfed,108.2,3.75,0.8,1.02,3.34,73012,186704,243860.0,57156.0,658,5.076,52.9,17478.9,57096.02,74574.92
SF12959,Andhra Pradesh,Erode,Pulses,Kharif,7.02,933.3,27.1,65.5,5.3,6.74,35.8,98.4,52.4,52.7,Sprinkler,191.1,2.41,0.87,1.36,9.55,68573,509561,654872.0,145311.0,2520,3.79,48.0,20699.57,72587.04,93286.61
SF12960,Tamil Nadu,Guntur,Rice,Kharif,12.47,770.9,29.1,60.6,6.6,6.65,22.5,127.1,72.5,147.3,Rainfed,234.9,5.96,0.75,4.46,55.62,24278,756647,1350342.0,593695.0,9958,5.585,51.0,47609.86,60677.39,108287.25
SF12961,Tamil Nadu,Raichur,Rice,Kharif,3.52,1103.0,29.7,68.9,8.1,8.22,22.2,179.8,70.0,119.6,Sprinkler,322.3,2.84,0.8,0.3,1.06,21625,265735,22922.0,-242813.0,4687,0.226,68.5,-68980.97,75492.9,6511.93
SF12962,Madhya Pradesh,Nashik,Rice,Rabi,7.88,403.3,21.9,77.2,7.8,7.49,20.4,194.7,40.9,165.2,Flood,77.1,4.49,0.72,1.44,11.35,22826,438126,259075.0,-179051.0,13030,0.871,55.1,-22722.21,55599.75,32877.54
SF12963,Tamil Nadu,Krishna,Cotton,Kharif,0.99,674.6,30.4,63.1,4.8,6.78,29.5,102.1,61.1,134.1,Sprinkler,184.2,4.48,0.94,2.07,2.05,64900,64662,133045.0,68383.0,863,2.375,53.7,69073.74,65315.15,134388.89
SF12964,Maharashtra,Ludhiana,Cotton,Kharif,4.01,1124.5,28.5,74.4,6.8,6.43,23.6,129.4,22.9,93.6,Flood,178.7,7.69,0.83,1.43,5.73,77596,228464,444625.0,216161.0,3310,1.731,59.2,53905.49,56973.57,110879.05
SF12965,Punjab,Indore,Wheat,Rabi,1.08,847.8,27.6,62.6,7.8,5.84,29.2,100.3,68.9,87.4,Drip,62.6,3.41,0.8,1.45,1.57,22945,61262,36024.0,-25238.0,480,3.271,56.7,-23368.52,56724.07,33355.56
SF12966,Maharashtra,Raichur,Pulses,Kharif,14.24,1146.5,25.9,77.9,5.2,6.51,35.9,143.7,48.4,126.7,Drip,327.0,8.0,0.97,1.4,19.94,66983,1043149,1335641.0,292492.0,4145,4.811,48.4,20540.17,73254.85,93795.01
SF12967,Karnataka,Indore,Groundnut,Rabi,6.36,456.0,23.9,61.2,9.1,6.62,31.5,110.9,72.9,128.0,Flood,131.7,4.15,0.82,1.77,11.26,54440,346168,612994.0,266826.0,3837,2.935,42.7,41953.77,54428.93,96382.7
SF12968,Karnataka,Guntur,Chilli,Kharif,9.05,847.1,28.7,83.2,9.5,7.24,32.8,111.9,40.1,106.3,Drip,144.1,5.34,0.66,2.01,18.19,94760,427583,1723684.0,1296101.0,5004,3.635,47.9,143215.58,47246.74,190462.32
SF12969,Gujarat,Raichur,Pulses,Zaid,12.11,335.7,25.2,52.2,8.1,6.97,17.5,112.8,45.7,106.3,Sprinkler,215.9,4.52,0.94,1.12,13.56,70628,842221,957716.0,115495.0,4561,2.973,40.3,9537.16,69547.56,79084.72
SF12970,Punjab,Nalgonda,Rice,Kharif,1.46,444.2,32.2,81.6,7.5,6.08,27.0,142.5,65.1,69.4,Rainfed,217.4,7.06,0.96,1.86,2.72,19471,114859,52961.0,-61898.0,1132,2.403,47.1,-42395.89,78670.55,36274.66
SF12971,Madhya Pradesh,Erode,Wheat,Zaid,4.79,205.9,30.7,55.2,7.5,6.95,20.5,71.6,104.3,84.5,Rainfed,182.7,5.47,0.69,1.77,8.48,21680,271131,183846.0,-87285.0,1321,6.419,45.1,-18222.34,56603.55,38381.21
SF12972,Andhra Pradesh,Ludhiana,Groundnut,Rabi,14.57,366.1,30.4,51.3,6.5,7.3,23.9,97.5,33.6,150.2,Drip,400.0,4.98,0.7,1.06,15.44,61863,1179084,955165.0,-223919.0,6874,2.246,52.4,-15368.5,80925.46,65556.97
SF12973,Karnataka,Rajkot,Pulses,Zaid,7.13,365.9,31.4,45.1,8.9,5.88,29.5,156.0,50.4,93.8,Rainfed,125.1,5.59,0.91,0.44,3.14,83781,426022,263072.0,-162950.0,1224,2.565,34.8,-22854.14,59750.63,36896.49
SF12974,Karnataka,Indore,Maize,Rabi,14.64,771.2,25.8,32.9,7.2,7.02,31.9,107.6,78.1,86.2,Rainfed,199.6,2.37,0.73,3.66,53.58,20599,779078,1103694.0,324616.0,4630,11.572,48.6,22173.22,53215.71,75388.93
SF12975,Maharashtra,Indore,Sugarcane,Kharif,5.96,843.2,26.1,67.2,7.6,7.06,35.2,78.9,39.1,89.4,Flood,188.7,3.45,0.69,62.12,370.24,2772,411909,1026305.0,614396.0,14491,25.55,65.5,103086.58,69112.25,172198.83
SF12976,Andhra Pradesh,Warangal,Wheat,Rabi,14.86,562.3,20.7,43.7,7.7,5.6,29.8,64.3,73.0,100.7,Rainfed,119.7,1.05,0.93,0.6,8.92,26100,850352,232812.0,-617540.0,3895,2.29,49.7,-41557.2,57224.23,15667.03
SF12977,Karnataka,Rajkot,Pulses,Kharif,11.8,842.5,25.9,78.0,7.9,7.11,34.9,146.7,41.3,153.4,Flood,109.9,4.97,0.66,0.91,10.74,62194,746686,667964.0,-78722.0,6344,1.693,53.8,-6671.36,63278.47,56607.12
SF12978,Andhra Pradesh,Rajkot,Rice,Zaid,7.56,80.0,30.1,71.3,8.3,6.23,23.0,120.3,42.3,73.5,Sprinkler,142.9,4.32,1.0,2.03,15.35,21994,424088,337608.0,-86480.0,9524,1.612,30.4,-11439.15,56096.3,44657.14
SF12979,Punjab,Erode,Rice,Rabi,8.31,329.9,22.0,50.9,8.0,5.87,22.6,102.7,22.1,115.4,Sprinkler,198.1,6.33,0.95,1.49,12.38,21625,620235,267718.0,-352517.0,12595,0.983,41.9,-42420.82,74637.18,32216.37
SF12980,Gujarat,Guntur,Sugarcane,Kharif,13.77,857.3,26.8,61.8,7.1,8.04,22.7,83.5,54.6,108.9,Sprinkler,194.1,8.3,0.97,7.7,106.03,3215,950124,340886.0,-609238.0,21539,4.923,43.8,-44243.86,68999.56,24755.7
SF12981,Punjab,Indore,Chilli,Zaid,9.95,80.0,30.6,48.8,10.3,7.53,19.9,118.2,92.0,79.7,Flood,212.7,3.2,0.76,0.67,6.67,108607,665895,724409.0,58514.0,8502,0.785,30.3,5880.8,66924.12,72804.92
SF12982,Maharashtra,Nashik,Chilli,Zaid,8.2,478.2,27.1,52.9,10.5,5.92,16.6,83.3,80.8,136.5,Flood,210.4,3.97,0.67,0.95,7.79,111864,655153,871421.0,216268.0,6164,1.264,47.4,26374.15,79896.71,106270.85
SF12983,Madhya Pradesh,Nalgonda,Wheat,Rabi,14.06,724.8,23.0,58.1,6.5,7.44,31.5,134.6,59.1,109.9,Rainfed,192.0,5.5,0.93,1.97,27.7,23025,920358,637792.0,-282566.0,4669,5.933,46.4,-20097.16,65459.32,45362.16
SF12984,Andhra Pradesh,Nashik,Maize,Zaid,8.34,651.8,34.7,62.4,8.9,6.37,11.8,183.8,56.8,133.1,Rainfed,208.0,9.05,0.94,2.88,24.02,21532,664010,517199.0,-146811.0,2891,8.309,41.3,-17603.24,79617.51,62014.27
SF12985,Gujarat,Nashik,Wheat,Zaid,10.86,230.5,33.1,56.1,6.8,6.99,15.3,128.4,45.7,127.0,Flood,182.6,4.58,0.77,2.02,21.94,25952,688737,569387.0,-119350.0,7090,3.094,45.2,-10989.87,63419.61,52429.74
SF12986,Maharashtra,Nashik,Wheat,Rabi,6.29,309.4,24.2,59.2,6.6,6.35,27.5,96.5,85.6,136.6,Rainfed,167.2,4.9,0.93,2.36,14.84,20414,393367,302944.0,-90423.0,1601,9.269,47.0,-14375.68,62538.47,48162.8
SF12987,Tamil Nadu,Rajkot,Pulses,Zaid,3.54,284.5,31.6,39.3,8.3,5.83,27.0,77.3,46.8,118.2,Sprinkler,114.2,6.09,0.78,0.35,1.24,64575,209373,80073.0,-129300.0,1341,0.925,22.5,-36525.42,59144.92,22619.49
SF12988,Telangana,Rajkot,Pulses,Zaid,11.93,141.0,32.6,39.4,8.9,8.4,21.9,70.6,84.6,119.0,Sprinkler,115.9,4.19,0.97,0.3,3.58,65948,666652,236094.0,-430558.0,4300,0.833,25.2,-36090.36,55880.3,19789.94
SF12989,Karnataka,Ludhiana,Wheat,Zaid,1.13,454.4,32.2,64.4,8.5,6.81,15.8,157.7,69.1,130.5,Drip,177.7,4.21,0.68,2.9,3.28,22058,81330,72350.0,-8980.0,487,6.735,45.5,-7946.9,71973.45,64026.55
SF12990,Gujarat,Rajkot,Chilli,Rabi,13.98,197.8,19.0,55.8,9.2,7.31,18.9,45.8,79.9,126.7,Flood,242.8,4.87,0.95,1.07,14.96,108549,994707,1623893.0,629186.0,10975,1.363,39.6,45006.15,71152.15,116158.3
SF12991,Gujarat,Guntur,Maize,Kharif,1.11,808.4,27.1,59.9,8.6,7.93,36.0,136.8,41.7,125.3,Rainfed,71.7,0.5,0.82,0.74,0.82,20999,54826,17219.0,-37607.0,331,2.477,74.9,-33880.18,49392.79,15512.61
SF12992,Tamil Nadu,Rajkot,Maize,Kharif,11.7,779.8,27.5,85.3,6.7,6.53,26.5,131.9,37.0,146.0,Flood,207.0,5.19,0.78,5.04,58.97,21952,753186,1294509.0,541323.0,7191,8.201,63.5,46266.92,64374.87,110641.79
SF12993,Tamil Nadu,Indore,Cotton,Rabi,10.18,562.8,22.1,60.5,7.4,7.22,24.5,137.7,76.0,155.9,Rainfed,235.8,0.5,0.74,1.14,11.61,66101,586263,767433.0,181170.0,3818,3.041,48.4,17796.66,57589.69,75386.35
SF12994,Karnataka,Warangal,Wheat,Rabi,2.9,291.9,25.2,63.5,6.1,6.68,17.0,154.7,54.7,119.4,Flood,232.6,4.62,0.77,3.22,9.34,21437,227252,200222.0,-27030.0,1489,6.273,29.7,-9320.69,78362.76,69042.07
SF12995,Tamil Nadu,Erode,Rice,Zaid,9.66,546.8,31.5,54.9,10.7,8.36,24.0,185.2,51.8,142.4,Flood,151.3,6.2,0.74,0.3,2.9,20587,680796,59702.0,-621094.0,20707,0.14,49.7,-64295.45,70475.78,6180.33
SF12996,Tamil Nadu,Raichur,Pulses,Rabi,7.56,302.5,24.8,54.2,6.4,7.56,32.3,147.8,59.6,107.1,Sprinkler,206.9,3.73,0.81,0.47,3.55,77795,538944,276172.0,-262772.0,3051,1.164,40.1,-34758.2,71288.89,36530.69
SF12997,Tamil Nadu,Nashik,Cotton,Rabi,4.8,438.2,19.2,47.8,5.8,7.11,18.4,166.4,56.9,120.0,Flood,178.3,7.0,0.97,1.05,5.04,71882,359826,362285.0,2459.0,5195,0.97,17.0,512.29,74963.75,75476.04
SF12998,Andhra Pradesh,Indore,Wheat,Kharif,2.17,670.0,28.6,63.9,6.0,7.38,35.2,125.4,43.9,141.6,Flood,214.5,6.04,0.75,2.26,4.9,25282,157488,123882.0,-33606.0,1427,3.434,49.3,-15486.64,72575.12,57088.48
SF12999,Maharashtra,Erode,Groundnut,Rabi,5.31,80.0,22.0,82.1,8.1,6.92,13.3,97.8,57.0,94.0,Sprinkler,281.5,4.89,0.72,1.26,6.69,54255,362566,362966.0,400.0,2814,2.377,37.2,75.33,68279.85,68355.18
SF13000,Tamil Nadu,Raichur,Cotton,Kharif,5.6,871.2,25.7,69.7,7.7,6.13,25.9,114.7,49.3,104.4,Flood,40.0,4.4,0.86,1.4,7.84,70279,246922,550987.0,304065.0,5445,1.44,47.0,54297.32,44093.21,98390.54
SF13001,Telangana,Krishna,Sugarcane,Rabi,8.22,375.0,23.6,48.4,8.4,7.05,26.6,156.7,97.1,103.5,Rainfed,270.5,5.69,0.99,57.03,468.79,3174,639266,1487939.0,848673.0,8289,56.556,21.3,103244.89,77769.59,181014.48
SF13002,Maharashtra,Raichur,Maize,Kharif,4.88,858.9,28.2,64.4,7.3,6.56,24.6,97.5,63.0,114.5,Drip,214.9,4.47,0.74,4.18,20.4,19408,308418,395923.0,87505.0,2416,8.444,53.1,17931.35,63200.41,81131.76
SF13003,Telangana,Indore,Cotton,Kharif,12.55,616.4,30.9,78.4,6.5,6.42,31.7,107.2,56.5,73.6,Drip,139.4,7.49,0.96,1.7,21.34,76719,828177,1637183.0,809006.0,8557,2.494,50.7,64462.63,65990.2,130452.83
SF13004,Karnataka,Ludhiana,Chilli,Kharif,4.16,703.7,27.0,79.1,5.4,6.96,19.8,120.4,77.2,95.0,Sprinkler,163.3,6.94,0.87,3.47,14.44,121802,275425,1758821.0,1483396.0,2649,5.451,44.1,356585.58,66207.93,422793.51
SF13005,Telangana,Warangal,Wheat,Kharif,6.48,914.7,24.7,82.7,7.1,7.23,31.6,65.1,62.5,157.4,Drip,197.6,5.53,0.86,2.53,16.39,25759,380934,422190.0,41256.0,3295,4.974,67.6,6366.67,58786.11,65152.78
SF13006,Punjab,Raichur,Wheat,Kharif,9.79,1118.4,27.4,79.0,6.8,6.66,27.5,128.7,15.0,123.5,Rainfed,213.0,4.98,0.85,2.57,25.16,23017,663114,579108.0,-84006.0,3134,8.028,60.0,-8580.8,67733.81,59153.01
SF13007,Maharashtra,Erode,Wheat,Kharif,13.96,1239.6,30.2,80.2,5.2,5.35,32.0,118.8,29.8,114.9,Drip,85.6,8.8,0.68,0.3,4.19,24890,866352,104289.0,-762063.0,6631,0.632,55.4,-54589.04,62059.6,7470.56
SF13008,Gujarat,Indore,Wheat,Kharif,11.85,1066.0,28.4,75.0,5.5,6.78,29.9,154.2,47.0,81.7,Rainfed,166.0,6.59,0.84,2.77,32.82,24455,709521,802613.0,93092.0,3968,8.271,52.5,7855.86,59875.19,67731.05
SF13009,Karnataka,Nashik,Chilli,Kharif,8.85,1190.8,32.7,81.8,6.9,7.26,18.6,136.9,48.1,133.4,Flood,196.0,4.67,0.71,1.09,9.65,108657,606611,1048540.0,441929.0,6629,1.456,65.2,49935.48,68543.62,118479.1
SF13010,Gujarat,Nashik,Cotton,Rabi,5.18,324.4,22.3,66.0,7.2,7.27,26.8,125.8,51.4,83.5,Rainfed,184.5,6.96,0.88,0.81,4.2,68549,321279,287906.0,-33373.0,2461,1.707,47.0,-6442.66,62022.97,55580.31
SF13011,Maharashtra,Indore,Cotton,Kharif,2.45,616.3,28.1,60.1,8.0,7.35,27.4,56.4,39.3,66.8,Flood,221.2,5.63,0.66,1.07,2.62,72837,175336,190833.0,15497.0,2055,1.275,58.4,6325.31,71565.71,77891.02
SF13012,Karnataka,Rajkot,Wheat,Zaid,10.37,294.0,31.6,45.4,9.8,6.56,20.4,94.8,42.3,75.6,Rainfed,111.0,1.21,0.83,1.72,17.84,21278,713430,379600.0,-333830.0,2810,6.349,46.4,-32191.9,68797.49,36605.59
SF13013,Andhra Pradesh,Guntur,Wheat,Kharif,1.46,888.3,28.6,81.6,5.4,6.29,23.4,68.0,52.2,137.7,Sprinkler,245.0,0.5,0.73,3.29,4.8,25405,103398,121944.0,18546.0,871,5.511,75.2,12702.74,70820.55,83523.29
SF13014,Gujarat,Rajkot,Sugarcane,Rabi,9.03,418.4,25.9,59.0,8.3,6.85,25.8,87.1,78.1,144.1,Flood,160.8,2.84,0.94,55.37,499.99,3401,633916,1700466.0,1066550.0,21623,23.123,38.4,118111.85,70201.11,188312.96
SF13015,Maharashtra,Krishna,Wheat,Kharif,8.2,950.7,26.4,66.5,6.3,6.38,29.5,90.4,43.2,144.6,Flood,148.3,3.59,0.77,2.48,20.34,24449,583010,497293.0,-85717.0,5995,3.393,55.2,-10453.29,71098.78,60645.49
SF13016,Maharashtra,Raichur,Maize,Rabi,0.67,663.7,23.6,65.4,7.2,7.43,30.7,160.2,81.9,99.4,Rainfed,214.4,2.74,0.98,2.29,1.53,17800,40533,27234.0,-13299.0,203,7.537,41.4,-19849.25,60497.01,40647.76
SF13017,Tamil Nadu,Erode,Rice,Rabi,6.79,413.8,22.8,77.1,9.5,7.43,25.1,146.6,62.4,80.4,Flood,148.9,3.27,0.92,1.5,10.18,22988,461914,234018.0,-227896.0,14416,0.706,47.3,-33563.48,68028.57,34465.1
SF13018,Karnataka,Nashik,Maize,Zaid,10.07,129.0,29.2,66.2,8.1,7.12,25.1,176.0,60.1,126.9,Flood,220.4,8.14,0.84,2.4,24.17,20798,659710,502688.0,-157022.0,8135,2.971,27.3,-15593.05,65512.41,49919.36
SF13019,Telangana,Rajkot,Maize,Rabi,2.91,362.8,22.0,45.3,8.0,5.84,21.0,172.4,52.8,71.7,Flood,232.5,1.68,0.69,1.35,3.93,22536,227404,88566.0,-138838.0,2187,1.797,47.2,-47710.65,78145.7,30435.05
SF13020,Madhya Pradesh,Raichur,Pulses,Rabi,3.18,599.4,24.6,49.6,8.5,6.65,21.4,194.8,57.2,93.6,Rainfed,196.2,3.51,0.69,1.25,3.98,61058,204883,243011.0,38128.0,742,5.364,52.8,11989.94,64428.62,76418.55
SF13021,Gujarat,Nashik,Rice,Kharif,3.98,800.2,25.0,82.3,7.4,7.06,32.2,103.3,70.8,80.4,Sprinkler,178.5,7.38,0.87,3.79,15.08,18166,260493,273943.0,13450.0,5377,2.805,48.9,3379.4,65450.5,68829.9
SF13022,Maharashtra,Warangal,Maize,Rabi,4.98,417.2,24.4,57.9,7.0,6.06,16.8,176.8,67.1,71.8,Rainfed,197.4,5.79,0.81,1.98,9.86,21030,267953,207356.0,-60597.0,1260,7.825,44.9,-12168.07,53805.82,41637.75
SF13023,Telangana,Ludhiana,Rice,Kharif,1.59,703.1,31.8,79.5,6.4,7.05,33.6,123.0,61.7,119.7,Rainfed,97.8,3.41,0.68,2.72,4.32,25483,67945,110087.0,42142.0,1270,3.402,67.4,26504.4,42732.7,69237.11
SF13024,Karnataka,Raichur,Maize,Rabi,8.43,545.8,24.8,51.5,9.9,6.25,21.9,123.9,77.1,66.6,Flood,110.7,4.88,0.99,3.44,29.0,21466,602110,622514.0,20404.0,5911,4.906,42.3,2420.4,71424.67,73845.08
SF13025,Tamil Nadu,Indore,Rice,Rabi,12.03,432.7,22.7,41.3,7.7,6.23,26.0,133.5,55.2,101.7,Flood,201.9,4.72,0.87,2.02,24.3,18293,892875,444520.0,-448355.0,24535,0.99,45.1,-37269.74,74220.7,36950.96
SF13026,Telangana,Krishna,Pulses,Rabi,1.38,371.5,21.9,54.6,9.1,6.62,16.6,116.4,45.9,98.5,Sprinkler,117.5,5.78,0.83,1.16,1.6,59846,85949,95754.0,9805.0,558,2.867,30.9,7105.07,62281.88,69386.96
SF13027,Madhya Pradesh,Rajkot,Wheat,Zaid,6.77,525.9,38.4,56.5,7.4,6.57,11.8,100.4,74.6,75.7,Drip,167.6,3.06,0.84,2.61,17.67,23629,388396,417524.0,29128.0,3520,5.02,59.4,4302.51,57370.16,61672.67
SF13028,Punjab,Warangal,Sugarcane,Rabi,14.97,299.2,24.0,46.5,7.8,6.98,21.1,166.7,66.6,132.3,Drip,194.1,5.62,0.76,73.44,1099.4,3288,967925,3614827.0,2646902.0,21717,50.624,36.7,176813.76,64657.65,241471.41
SF13029,Madhya Pradesh,Ludhiana,Sugarcane,Kharif,4.65,839.9,26.8,55.7,7.2,6.53,20.8,121.2,59.2,139.4,Drip,140.6,5.74,0.83,72.92,339.08,2893,267666,980958.0,713292.0,8348,40.618,39.2,153396.13,57562.58,210958.71
SF13030,Andhra Pradesh,Raichur,Sugarcane,Rabi,0.55,437.9,21.2,86.3,7.2,6.09,26.0,111.0,68.0,100.4,Flood,142.1,3.61,0.91,35.09,19.3,3865,35048,74594.0,39546.0,1312,14.71,49.0,71901.82,63723.64,135625.45
SF13031,Gujarat,Erode,Wheat,Kharif,11.43,783.5,26.5,70.0,6.0,6.85,27.7,71.3,85.6,111.6,Rainfed,158.3,2.79,0.78,3.3,37.72,22717,562870,856885.0,294015.0,3764,10.021,59.7,25723.1,49244.97,74968.07
SF13032,Gujarat,Guntur,Rice,Rabi,7.76,512.7,27.5,80.6,7.2,6.83,24.0,91.2,58.7,30.0,Flood,226.1,4.72,0.92,3.52,27.32,23299,621413,636529.0,15116.0,15544,1.758,50.4,1947.94,80078.99,82026.93
SF13033,Maharashtra,Guntur,Sugarcane,Rabi,5.68,816.5,24.7,65.5,6.7,6.84,25.1,144.9,41.2,107.2,Rainfed,180.1,4.62,0.91,61.26,347.96,3922,336455,1364699.0,1028244.0,6128,56.782,54.3,181028.87,59235.04,240263.91
SF13034,Madhya Pradesh,Nalgonda,Rice,Kharif,2.42,1087.2,31.9,76.8,7.9,6.01,27.4,117.6,71.3,97.8,Rainfed,198.9,1.89,0.76,1.76,4.26,25373,147595,108089.0,-39506.0,2130,2.0,73.4,-16324.79,60989.67,44664.88
SF13035,Punjab,Nashik,Chilli,Zaid,10.36,459.0,31.7,27.6,7.2,7.46,24.1,148.0,56.3,144.6,Flood,200.7,6.43,0.84,1.12,11.6,108041,626278,1253276.0,626998.0,8070,1.437,35.3,60521.04,60451.54,120972.59
SF13036,Andhra Pradesh,Indore,Wheat,Rabi,12.03,709.8,22.5,60.4,7.8,6.7,29.6,103.7,51.2,108.1,Rainfed,203.2,1.6,0.98,2.93,35.25,27086,588990,954782.0,365792.0,4186,8.421,48.8,30406.65,48960.1,79366.75
SF13037,Gujarat,Nashik,Maize,Kharif,10.89,931.5,30.8,52.1,7.5,6.81,24.3,132.4,51.3,86.5,Sprinkler,248.4,7.2,0.76,3.7,40.29,21911,838222,882794.0,44572.0,7043,5.721,46.7,4092.93,76971.72,81064.65
SF13038,Gujarat,Nalgonda,Cotton,Rabi,3.9,465.2,24.3,53.0,8.0,7.73,26.3,108.7,55.8,78.6,Flood,120.4,6.22,0.69,0.41,1.6,78256,262457,125210.0,-137247.0,3292,0.486,36.6,-35191.54,67296.67,32105.13
SF13039,Karnataka,Nalgonda,Pulses,Kharif,13.1,855.7,33.2,64.0,7.6,5.66,33.1,139.6,69.0,113.5,Flood,62.5,3.02,0.65,0.33,4.32,73959,753969,319503.0,-434466.0,6181,0.699,53.1,-33165.34,57554.89,24389.54
SF13040,Telangana,Guntur,Cotton,Kharif,12.49,801.7,25.6,53.6,6.7,6.79,29.2,143.9,71.1,94.6,Rainfed,322.0,8.08,0.8,1.85,23.11,68539,947518,1583936.0,636418.0,6144,3.761,43.0,50954.2,75862.13,126816.33
SF13041,Maharashtra,Erode,Sugarcane,Kharif,5.84,969.6,33.1,73.1,7.7,6.16,30.8,131.0,64.5,117.1,Flood,79.9,6.0,0.71,43.46,253.81,3527,355549,895188.0,539639.0,12944,19.608,48.1,92403.94,60881.68,153285.62
SF13042,Telangana,Raichur,Sugarcane,Zaid,12.04,80.0,36.0,36.2,7.8,6.74,21.1,136.6,77.9,98.8,Flood,224.0,6.83,0.82,40.79,491.11,3170,892032,1556819.0,664787.0,23888,20.559,19.1,55214.87,74089.04,129303.9
SF13043,Maharashtra,Krishna,Cotton,Rabi,7.71,636.5,20.3,54.1,7.8,6.93,19.4,94.9,74.9,155.8,Rainfed,126.8,7.39,0.71,1.64,12.64,60665,455883,766806.0,310923.0,2630,4.806,32.8,40327.24,59128.79,99456.03
SF13044,Telangana,Indore,Groundnut,Kharif,14.12,443.6,25.0,80.8,6.1,6.51,36.3,107.6,65.5,111.0,Flood,132.6,4.08,0.66,1.75,24.71,57560,954403,1422308.0,467905.0,6632,3.726,52.5,33137.75,67592.28,100730.03
SF13045,Madhya Pradesh,Ludhiana,Maize,Rabi,5.08,420.8,25.4,54.0,7.2,6.38,21.8,157.5,50.6,67.1,Sprinkler,205.6,3.23,0.9,3.94,20.02,18709,282617,374554.0,91937.0,2731,7.331,36.8,18097.83,55633.27,73731.1
SF13046,Andhra Pradesh,Ludhiana,Maize,Kharif,14.96,893.9,29.4,73.6,5.6,6.41,24.1,169.2,38.5,74.1,Flood,260.9,5.88,0.99,3.34,49.97,19855,1135493,992154.0,-143339.0,11150,4.482,61.5,-9581.48,75901.94,66320.45
SF13047,Punjab,Ludhiana,Cotton,Kharif,4.49,860.8,31.5,86.8,7.7,7.09,31.2,93.4,42.8,115.2,Flood,161.2,7.81,0.91,1.55,6.96,73897,301006,514323.0,213317.0,3946,1.764,42.1,47509.35,67039.2,114548.55
SF13048,Gujarat,Warangal,Maize,Rabi,11.36,263.6,22.1,53.2,7.1,7.04,26.9,88.0,84.8,131.5,Sprinkler,118.1,4.73,0.77,3.04,34.53,20402,724429,704481.0,-19948.0,7190,4.803,41.9,-1755.99,63770.16,62014.17
SF13049,Maharashtra,Nalgonda,Maize,Kharif,6.06,979.0,30.7,72.9,4.9,7.33,28.6,119.9,60.1,120.6,Drip,149.8,2.53,0.85,2.75,16.66,21304,308572,354925.0,46353.0,3092,5.388,69.2,7649.01,50919.47,58568.48
SF13050,Telangana,Indore,Groundnut,Rabi,6.06,374.0,21.9,75.1,7.9,6.72,31.8,172.6,51.8,86.4,Drip,136.4,7.47,0.76,1.89,11.45,58276,395354,667260.0,271906.0,2578,4.441,38.9,44868.98,65239.93,110108.91
SF13051,Punjab,Raichur,Cotton,Zaid,2.55,192.3,31.7,60.0,9.4,6.69,22.1,149.4,68.8,139.8,Flood,114.3,9.7,0.85,1.04,2.65,70168,163058,185945.0,22887.0,2441,1.086,18.2,8975.29,63944.31,72919.61
SF13052,Karnataka,Raichur,Rice,Rabi,12.49,583.0,23.8,63.6,7.1,6.17,20.3,158.9,36.8,67.7,Drip,272.9,4.9,0.91,3.09,38.59,23109,860710,891776.0,31066.0,15228,2.534,47.3,2487.27,68911.93,71399.2
SF13053,Telangana,Indore,Cotton,Zaid,13.94,442.7,27.6,42.8,7.7,7.37,10.6,105.7,91.3,96.5,Drip,243.8,6.94,0.93,1.0,13.94,62634,1044648,873118.0,-171530.0,9239,1.509,37.7,-12304.88,74938.88,62634.0
SF13054,Karnataka,Krishna,Cotton,Rabi,3.48,640.9,19.6,63.4,6.6,6.74,22.2,113.3,82.2,118.0,Drip,188.9,5.01,0.87,2.09,7.27,69721,285579,506872.0,221293.0,2230,3.26,42.7,63589.94,82062.93,145652.87
SF13055,Madhya Pradesh,Krishna,Groundnut,Kharif,8.37,925.9,30.7,77.1,6.6,5.73,36.1,194.0,83.8,135.5,Flood,248.0,4.86,0.92,0.64,5.36,58314,628566,312563.0,-316003.0,5780,0.927,71.4,-37754.24,75097.49,37343.25
SF13056,Maharashtra,Krishna,Chilli,Zaid,14.29,213.9,31.2,52.4,11.0,5.2,22.5,74.8,56.1,73.2,Drip,241.1,5.81,0.82,0.3,4.29,95583,1056159,410051.0,-646108.0,8337,0.515,36.0,-45214.0,73908.96,28694.96
SF13057,Tamil Nadu,Krishna,Rice,Rabi,13.42,568.8,21.1,44.2,5.6,5.93,30.2,127.0,68.8,47.5,Flood,147.7,2.97,1.0,1.47,19.73,22803,869823,449903.0,-419920.0,26316,0.75,50.0,-31290.61,64815.42,33524.81
SF13058,Maharashtra,Nalgonda,Pulses,Rabi,12.21,482.1,17.9,68.0,8.0,6.33,28.7,92.3,37.6,111.5,Rainfed,104.1,6.71,0.94,0.83,10.13,79020,796019,800473.0,4454.0,2445,4.143,38.4,364.78,65194.02,65558.8
SF13059,Telangana,Warangal,Rice,Rabi,14.67,223.9,20.8,61.9,6.4,6.77,18.6,106.4,67.5,105.2,Drip,162.9,9.56,0.84,3.75,55.01,20346,878820,1119233.0,240413.0,17903,3.073,20.0,16388.07,59905.93,76294.0
SF13060,Andhra Pradesh,Ludhiana,Wheat,Rabi,3.52,160.1,26.9,44.4,6.3,7.99,34.1,127.3,67.9,67.1,Sprinkler,257.9,2.25,0.91,0.3,1.06,23496,243658,24906.0,-218752.0,1696,0.625,35.4,-62145.45,69221.02,7075.57
SF13061,Telangana,Krishna,Wheat,Rabi,7.41,774.1,22.9,53.7,8.1,7.18,28.4,155.4,61.5,130.8,Drip,209.0,7.94,0.91,2.75,20.38,21644,496823,441105.0,-55718.0,3555,5.733,44.7,-7519.3,67047.64,59528.34
SF13062,Gujarat,Erode,Rice,Rabi,3.43,333.2,22.9,63.7,7.0,6.79,19.2,129.8,70.0,92.7,Drip,176.8,5.65,0.78,3.47,11.9,17930,221597,213367.0,-8230.0,5254,2.265,30.4,-2399.42,64605.54,62206.12
SF13063,Tamil Nadu,Raichur,Maize,Rabi,3.01,435.3,24.3,55.6,7.4,8.01,18.8,123.6,58.8,98.3,Flood,184.5,6.48,0.85,0.49,1.47,22014,219963,32361.0,-187602.0,2228,0.66,32.5,-62326.25,73077.41,10751.16
SF13064,Maharashtra,Rajkot,Wheat,Rabi,7.31,739.3,23.4,53.6,9.1,6.9,26.7,59.1,59.1,83.1,Rainfed,196.8,8.55,0.74,2.33,17.03,20258,460352,344994.0,-115358.0,2455,6.937,33.7,-15780.85,62975.65,47194.8
SF13065,Punjab,Ludhiana,Maize,Kharif,13.86,861.4000000000001,26.4,71.8,5.9,6.34,30.5,99.9,67.8,73.8,Flood,270.4,4.5,0.92,3.1,42.97,17947,983669,771183.0,-212486.0,10333,4.159,63.4,-15330.88,70971.79,55640.91
SF13066,Maharashtra,Nalgonda,Wheat,Rabi,4.37,283.8,25.9,60.9,7.2,6.91,29.9,60.7,25.4,81.4,Flood,175.2,2.01,0.77,2.79,12.19,23120,277436,281833.0,4397.0,2869,4.249,53.0,1006.18,63486.5,64492.68
SF13067,Andhra Pradesh,Rajkot,Rice,Zaid,1.12,470.2,32.1,62.4,6.4,7.15,19.5,52.1,24.4,77.6,Flood,176.3,7.24,0.68,2.03,2.27,21361,74690,48489.0,-26201.0,2137,1.062,45.6,-23393.75,66687.5,43293.75
SF13068,Telangana,Nalgonda,Pulses,Rabi,8.02,331.7,23.1,56.0,8.7,6.54,29.8,123.8,55.5,121.4,Flood,110.4,3.89,0.73,1.24,9.94,60034,507602,596738.0,89136.0,4213,2.359,37.7,11114.21,63292.02,74406.23
SF13069,Madhya Pradesh,Rajkot,Cotton,Zaid,9.21,467.2,27.7,50.1,10.1,6.01,15.9,165.9,41.4,128.9,Drip,327.0,5.67,0.9,1.07,9.85,69157,688410,681196.0,-7214.0,5787,1.702,40.1,-783.28,74745.93,73962.65
SF13070,Madhya Pradesh,Guntur,Rice,Kharif,8.86,1130.8,31.3,62.2,8.5,6.8,27.9,146.2,86.9,132.0,Rainfed,273.9,4.67,0.72,2.73,24.19,24948,675611,603492.0,-72119.0,6920,3.496,71.6,-8139.84,76254.06,68114.22
SF13071,Telangana,Ludhiana,Groundnut,Rabi,2.95,731.2,21.5,61.0,7.4,6.68,24.1,105.1,35.4,129.3,Flood,222.2,5.43,0.82,2.16,6.37,52865,232268,336750.0,104482.0,1671,3.812,40.9,35417.63,78734.92,114152.54
SF13072,Punjab,Nalgonda,Maize,Rabi,8.6,502.1,23.7,65.0,7.5,6.64,35.4,168.7,49.4,102.3,Rainfed,190.1,6.89,0.8,4.01,34.49,21517,525014,742121.0,217107.0,2588,13.327,35.7,25245.0,61048.14,86293.14
SF13073,Andhra Pradesh,Raichur,Rice,Kharif,11.98,783.1,28.9,57.6,7.0,5.74,29.7,96.9,26.2,86.0,Sprinkler,157.2,1.81,0.93,1.14,13.66,22635,776649,309194.0,-467455.0,18037,0.757,52.8,-39019.62,64828.8,25809.18
SF13074,Tamil Nadu,Krishna,Chilli,Rabi,5.45,658.4,23.8,61.4,7.2,5.77,24.8,100.6,35.7,74.0,Rainfed,182.3,4.07,0.86,0.69,3.76,106312,343283,399733.0,56450.0,1822,2.064,50.0,10357.8,62987.71,73345.5
SF13075,Gujarat,Indore,Wheat,Rabi,1.78,127.8,21.4,56.5,8.2,7.71,30.7,117.8,44.5,142.8,Flood,205.4,2.57,0.95,0.66,1.17,22983,107869,26890.0,-80979.0,1234,0.948,38.7,-45493.82,60600.56,15106.74
SF13076,Karnataka,Warangal,Wheat,Kharif,14.24,731.0,24.5,62.4,6.7,7.34,24.7,120.2,92.9,101.8,Rainfed,163.1,8.97,0.76,1.78,25.35,22910,890762,580768.0,-309994.0,4569,5.548,27.9,-21769.24,62553.51,40784.27
SF13077,Maharashtra,Warangal,Groundnut,Zaid,12.93,80.0,29.7,43.0,10.2,6.99,16.5,151.1,60.1,131.1,Drip,219.3,3.07,0.92,1.46,18.88,64379,889073,1215476.0,326403.0,5656,3.338,34.0,25243.85,68760.48,94004.33
SF13078,Telangana,Krishna,Cotton,Rabi,1.86,592.2,28.2,40.7,4.7,6.73,26.5,137.1,56.3,106.3,Rainfed,213.2,7.88,0.89,2.02,3.76,58161,150060,218685.0,68625.0,837,4.492,19.1,36895.16,80677.42,117572.58
SF13079,Telangana,Raichur,Sugarcane,Kharif,2.9,721.9,31.3,74.1,6.5,7.36,32.1,197.1,95.8,143.2,Flood,124.1,3.73,0.66,54.66,158.51,3182,179287,504379.0,325092.0,5921,26.771,57.6,112100.69,61823.1,173923.79
SF13080,Punjab,Krishna,Pulses,Rabi,0.65,470.9,20.4,60.7,6.7,6.15,23.0,104.7,31.4,92.8,Drip,124.3,5.99,0.91,0.86,0.56,70677,42865,39579.0,-3286.0,223,2.511,35.0,-5055.38,65946.15,60890.77
SF13081,Karnataka,Rajkot,Rice,Kharif,1.29,1019.5,29.2,83.8,6.4,5.28,21.7,104.5,45.1,55.9,Drip,182.8,3.12,0.67,0.3,0.39,24310,73831,9481.0,-64350.0,1631,0.239,75.9,-49883.72,57233.33,7349.61
SF13082,Madhya Pradesh,Raichur,Wheat,Rabi,12.33,106.8,21.1,59.3,7.4,7.34,18.4,89.9,47.3,105.1,Rainfed,303.1,6.39,0.99,1.11,13.69,23891,996573,327068.0,-669505.0,3667,3.733,25.8,-54298.86,80825.06,26526.2
SF13083,Karnataka,Ludhiana,Cotton,Rabi,5.93,548.6,25.3,45.3,8.9,5.94,28.6,107.6,24.5,51.0,Flood,159.5,4.07,0.97,0.85,5.04,75403,397433,380031.0,-17402.0,6169,0.817,45.2,-2934.57,67020.74,64086.17
SF13084,Maharashtra,Guntur,Pulses,Rabi,9.98,518.7,21.6,44.4,6.2,7.19,16.4,167.4,15.0,103.3,Flood,152.0,1.93,0.91,0.96,9.58,60695,553853,581458.0,27605.0,4873,1.966,34.7,2766.03,55496.29,58262.32
SF13085,Telangana,Nashik,Chilli,Rabi,0.81,698.4,19.9,68.3,7.5,5.85,21.3,140.8,52.0,131.2,Drip,145.9,4.41,0.86,1.12,0.91,131157,46557,119353.0,72796.0,462,1.97,40.2,89871.6,57477.78,147349.38
SF13086,Maharashtra,Indore,Wheat,Kharif,11.38,1081.7,27.6,53.6,8.7,7.54,24.2,109.0,37.3,81.1,Rainfed,205.0,8.81,0.78,1.18,13.43,23230,768769,311979.0,-456790.0,3187,4.214,38.0,-40139.72,67554.39,27414.67
SF13087,Telangana,Nashik,Maize,Kharif,8.04,970.9,27.8,67.8,7.7,6.27,27.1,161.3,44.4,108.7,Drip,178.9,3.88,0.93,3.6,28.94,19610,470726,567513.0,96787.0,3919,7.385,59.8,12038.18,58548.01,70586.19
SF13088,Madhya Pradesh,Raichur,Rice,Kharif,14.74,657.1,29.1,79.6,7.1,6.93,26.8,136.7,30.4,138.9,Flood,185.9,4.16,0.93,2.88,42.45,23612,1050769,1002329.0,-48440.0,28990,1.464,63.7,-3286.3,71286.91,68000.61
SF13089,Gujarat,Krishna,Maize,Rabi,14.42,390.4,23.0,52.4,7.3,6.17,28.9,124.0,28.0,88.2,Sprinkler,174.3,5.63,0.76,2.87,41.39,20685,962601,856152.0,-106449.0,8247,5.019,43.4,-7382.04,66754.58,59372.54
SF13090,Telangana,Rajkot,Maize,Zaid,10.38,310.3,33.2,51.6,9.7,5.97,22.0,126.0,59.2,157.9,Drip,207.7,6.98,0.84,1.71,17.75,18586,598683,329902.0,-268781.0,5185,3.423,35.8,-25894.12,57676.59,31782.47
SF13091,Karnataka,Ludhiana,Maize,Kharif,14.39,1028.8,28.8,59.4,6.2,5.33,23.6,94.6,56.3,114.4,Drip,206.5,5.86,0.98,0.41,5.9,18479,999667,109026.0,-890641.0,8044,0.733,51.3,-61893.05,69469.56,7576.51
SF13092,Madhya Pradesh,Rajkot,Pulses,Kharif,11.31,904.6,26.7,53.8,6.6,6.43,34.7,83.4,29.1,110.6,Sprinkler,158.9,4.55,0.87,1.05,11.88,72887,674945,865898.0,190953.0,4603,2.581,55.9,16883.55,59676.83,76560.39
SF13093,Punjab,Krishna,Pulses,Kharif,12.95,414.9,26.8,71.0,6.4,6.43,30.9,105.3,53.0,107.6,Drip,225.6,5.76,0.7,1.43,18.52,75673,966588,1401464.0,434876.0,4371,4.237,47.8,33581.16,74640.0,108221.16
SF13094,Maharashtra,Erode,Wheat,Kharif,5.57,903.7,33.6,78.5,7.7,7.34,32.8,69.1,59.7,77.1,Flood,237.5,6.11,0.86,1.56,8.69,24514,459010,213027.0,-245983.0,4535,1.916,64.4,-44162.12,82407.54,38245.42
SF13095,Punjab,Guntur,Rice,Zaid,5.75,515.1,29.2,60.0,9.9,7.78,11.0,100.4,52.4,131.5,Drip,196.8,6.56,0.83,0.92,5.29,25555,465649,135186.0,-330463.0,5678,0.932,32.4,-57471.83,80982.43,23510.61
SF13096,Gujarat,Ludhiana,Wheat,Rabi,7.27,515.8,23.6,51.4,7.9,6.31,18.2,124.1,33.9,59.2,Sprinkler,135.5,5.18,0.89,2.7,19.63,19274,486696,378349.0,-108347.0,4362,4.5,43.9,-14903.3,66945.8,52042.5
SF13097,Maharashtra,Nalgonda,Cotton,Rabi,12.63,523.7,25.8,49.0,8.4,7.0,28.4,93.6,29.9,104.2,Drip,119.6,4.11,0.83,1.93,24.38,69663,858100,1698384.0,840284.0,7785,3.132,46.0,66530.8,67941.41,134472.21
SF13098,Gujarat,Raichur,Pulses,Kharif,2.47,559.8,30.9,70.1,5.7,6.72,31.9,131.5,61.9,111.7,Flood,261.6,6.14,0.72,1.49,3.68,78807,168653,290010.0,121357.0,1154,3.189,36.8,49132.39,68280.57,117412.96
SF13099,Tamil Nadu,Raichur,Cotton,Kharif,13.61,854.3,32.0,79.3,7.9,6.46,35.9,161.4,29.7,104.3,Flood,244.0,8.01,0.8,1.46,19.87,68362,1017543,1358353.0,340810.0,13051,1.522,57.7,25041.15,74764.36,99805.51
SF13100,Gujarat,Indore,Maize,Rabi,14.69,467.5,28.8,53.3,7.1,6.35,26.1,189.0,74.2,141.7,Flood,111.6,3.7,0.96,3.66,53.77,21432,949149,1152399.0,203250.0,10420,5.16,50.7,13835.94,64611.91,78447.86
SF13101,Maharashtra,Guntur,Cotton,Rabi,5.52,354.2,22.9,67.0,7.8,7.78,27.7,85.8,43.6,155.5,Flood,136.8,3.84,0.68,0.37,2.04,65045,359155,132692.0,-226463.0,5659,0.36,44.1,-41025.91,65064.31,24038.41
SF13102,Tamil Nadu,Guntur,Groundnut,Rabi,6.58,336.4,25.6,63.4,8.7,5.66,28.2,117.3,44.1,49.0,Rainfed,235.1,2.59,0.75,0.44,2.9,59883,441272,173661.0,-267611.0,1682,1.724,54.9,-40670.36,67062.61,26392.25
SF13103,Madhya Pradesh,Ludhiana,Rice,Rabi,1.58,440.3,23.5,44.3,6.4,6.73,24.3,92.1,47.2,130.7,Drip,210.9,4.88,0.89,4.0,6.32,20594,95971,130154.0,34183.0,2255,2.803,30.7,21634.81,60741.14,82375.95
SF13104,Tamil Nadu,Nalgonda,Chilli,Zaid,5.96,80.0,28.4,44.1,10.8,6.04,29.1,106.1,39.9,138.0,Flood,210.6,5.44,0.98,0.87,5.19,87935,394657,456383.0,61726.0,4860,1.068,17.6,10356.71,66217.62,76574.33
SF13105,Karnataka,Warangal,Wheat,Kharif,6.4,1115.9,27.5,68.8,7.4,6.96,30.2,125.9,56.0,126.6,Sprinkler,153.1,5.12,0.89,2.82,18.05,21179,384193,382281.0,-1912.0,3166,5.701,59.5,-298.75,60030.16,59731.41
SF13106,Gujarat,Krishna,Wheat,Kharif,13.99,774.7,30.8,84.8,5.6,6.76,29.9,134.2,47.6,75.0,Flood,278.6,6.82,0.95,3.12,43.65,23713,1105441,1035072.0,-70369.0,11090,3.936,48.2,-5029.95,79016.51,73986.56
SF13107,Andhra Pradesh,Krishna,Groundnut,Rabi,2.47,641.7,22.1,56.6,6.9,6.7,33.3,134.9,44.1,72.7,Flood,167.4,5.45,0.66,1.8,4.45,57251,158033,254767.0,96734.0,1457,3.054,48.0,39163.56,63980.97,103144.53
SF13108,Tamil Nadu,Warangal,Rice,Rabi,2.91,294.6,26.1,68.1,9.2,5.62,19.5,132.2,79.1,116.6,Flood,143.1,5.28,0.91,0.78,2.27,19925,193905,45230.0,-148675.0,4829,0.47,46.6,-51091.07,66634.02,15542.96
SF13109,Punjab,Nashik,Pulses,Kharif,0.87,1007.7,27.4,63.5,6.6,6.6,40.2,92.2,51.4,153.8,Rainfed,217.0,6.1,0.86,1.25,1.09,71571,63861,78012.0,14151.0,173,6.301,45.7,16265.52,73403.45,89668.97
SF13110,Tamil Nadu,Nashik,Rice,Rabi,5.03,478.7,27.1,66.1,6.9,6.55,20.4,154.7,91.0,132.8,Drip,145.9,6.78,0.73,4.94,24.85,22070,334086,548440.0,214354.0,7054,3.523,30.9,42615.11,66418.69,109033.8
SF13111,Karnataka,Erode,Pulses,Kharif,2.23,792.0,27.7,68.1,6.3,5.95,32.1,91.9,58.0,72.3,Flood,182.0,4.72,0.68,0.7,1.56,66505,147238,103748.0,-43490.0,857,1.82,63.3,-19502.24,66026.01,46523.77
SF13112,Tamil Nadu,Ludhiana,Maize,Rabi,11.18,421.0,25.8,59.1,5.6,6.46,21.5,151.2,67.1,77.2,Flood,219.4,3.69,0.94,3.94,44.05,19065,889112,839813.0,-49299.0,8925,4.936,45.7,-4409.57,79527.01,75117.44
SF13113,Maharashtra,Raichur,Wheat,Kharif,7.16,999.7,29.4,71.8,7.9,6.96,32.8,84.4,37.9,125.0,Drip,163.2,7.04,1.0,2.98,21.34,25608,429742,546475.0,116733.0,3481,6.13,48.4,16303.49,60019.83,76323.32
SF13114,Madhya Pradesh,Krishna,Groundnut,Rabi,6.64,728.8,25.5,76.3,7.1,5.72,24.8,168.3,73.3,88.3,Drip,262.4,2.49,0.9,0.8,5.31,59230,434464,314511.0,-119953.0,2566,2.069,55.5,-18065.21,65431.33,47366.11
SF13115,Maharashtra,Krishna,Cotton,Kharif,9.54,779.9,28.9,62.6,5.6,7.85,30.3,109.3,15.0,102.7,Flood,40.0,8.37,0.82,0.4,3.82,68812,472009,262862.0,-209147.0,8787,0.435,52.2,-21923.17,49476.83,27553.67
SF13116,Madhya Pradesh,Rajkot,Cotton,Kharif,7.12,613.6,26.5,85.7,5.6,7.21,27.2,122.1,82.1,107.1,Rainfed,180.4,2.78,0.97,1.57,11.18,78524,493069,877898.0,384829.0,3014,3.709,63.1,54049.02,69251.26,123300.28
SF13117,Gujarat,Raichur,Pulses,Rabi,4.4,551.0,23.1,56.0,7.1,6.8,24.5,124.3,44.1,104.6,Flood,149.7,1.86,0.67,1.22,5.37,66969,291361,359624.0,68263.0,2167,2.478,47.9,15514.32,66218.41,81732.73
SF13118,Madhya Pradesh,Warangal,Rice,Kharif,3.6,1008.1,31.7,73.5,7.4,6.23,42.6,120.6,36.7,98.0,Drip,79.3,8.14,0.74,2.61,9.4,23106,220942,217196.0,-3746.0,4731,1.987,56.3,-1040.56,61372.78,60332.22
SF13119,Madhya Pradesh,Raichur,Sugarcane,Zaid,14.86,305.9,31.4,43.1,7.2,6.2,17.1,125.4,27.3,130.4,Sprinkler,137.1,2.97,0.77,41.63,618.62,3609,928202,2232600.0,1304398.0,30397,20.351,47.6,87779.14,62463.12,150242.26
SF13120,Madhya Pradesh,Indore,Wheat,Zaid,2.94,254.7,32.4,68.2,5.9,5.56,19.1,124.1,47.4,121.9,Rainfed,279.1,3.54,0.84,0.41,1.21,24007,210537,29048.0,-181489.0,957,1.264,57.1,-61730.95,71611.22,9880.27
SF13121,Karnataka,Ludhiana,Groundnut,Kharif,11.93,1040.1,27.3,73.1,6.2,5.46,29.5,65.2,64.3,144.0,Flood,189.1,2.58,0.67,0.3,3.58,47382,790189,169628.0,-620561.0,9280,0.386,65.4,-52016.85,66235.46,14218.61
SF13122,Karnataka,Guntur,Wheat,Rabi,13.62,498.9,23.6,58.2,7.9,6.69,25.9,123.0,65.8,118.1,Rainfed,178.4,5.16,0.95,2.58,35.14,19965,827462,701570.0,-125892.0,3936,8.928,46.2,-9243.17,60753.45,51510.28
SF13123,Telangana,Raichur,Pulses,Rabi,11.23,209.0,23.0,63.5,7.2,7.23,28.2,130.5,52.0,83.1,Flood,204.1,0.5,0.73,0.71,7.97,72257,692515,575888.0,-116627.0,5561,1.433,49.5,-10385.31,61666.52,51281.21
SF13124,Karnataka,Erode,Chilli,Kharif,14.02,802.2,31.5,64.8,9.5,6.12,21.1,70.0,56.2,107.2,Flood,249.3,4.45,0.73,1.52,21.31,94499,1077598,2013774.0,936176.0,11911,1.789,58.6,66774.32,76861.48,143635.81
SF13125,Madhya Pradesh,Nashik,Groundnut,Rabi,4.01,552.6,23.0,69.1,7.8,7.63,35.3,220.0,71.4,30.0,Drip,203.2,6.78,0.92,0.86,3.45,58397,245286,201470.0,-43816.0,1549,2.227,49.1,-10926.68,61168.58,50241.9
SF13126,Andhra Pradesh,Rajkot,Sugarcane,Kharif,6.57,562.1,28.7,70.6,6.2,6.74,19.9,158.7,65.6,91.2,Rainfed,208.8,4.69,0.77,65.99,433.55,3655,394370,1584625.0,1190255.0,7417,58.454,58.5,181165.14,60025.88,241191.02
SF13127,Gujarat,Ludhiana,Maize,Rabi,12.19,413.7,20.7,67.7,8.2,5.2,10.9,137.5,69.8,110.7,Sprinkler,235.7,7.17,0.99,0.3,3.66,22111,849275,80926.0,-768349.0,7171,0.51,26.6,-63031.09,69669.81,6638.72
SF13128,Gujarat,Krishna,Groundnut,Kharif,12.95,832.6,33.1,87.8,7.8,6.87,37.0,82.5,69.3,104.2,Rainfed,143.4,7.35,0.73,1.75,22.66,58765,874839,1331615.0,456776.0,3591,6.31,44.2,35272.28,67555.14,102827.41
SF13129,Tamil Nadu,Raichur,Rice,Kharif,1.71,839.1,29.0,57.6,6.5,7.75,35.5,100.2,81.1,86.2,Drip,179.4,6.57,0.84,1.32,2.26,22624,123745,51130.0,-72615.0,2344,0.964,42.9,-42464.91,72365.5,29900.58
SF13130,Telangana,Erode,Chilli,Kharif,1.26,810.3,26.2,61.9,7.5,6.54,30.4,113.3,70.8,126.5,Sprinkler,249.3,9.07,0.84,2.73,3.44,111482,98404,383498.0,285094.0,796,4.322,44.6,226265.08,78098.41,304363.49
SF13131,Punjab,Ludhiana,Groundnut,Rabi,13.05,214.9,26.1,58.9,8.3,7.6,16.7,113.1,58.5,86.1,Flood,169.6,7.78,0.76,0.68,8.87,56528,888155,501403.0,-386752.0,7859,1.129,36.9,-29636.17,68057.85,38421.69
SF13132,Madhya Pradesh,Krishna,Groundnut,Rabi,11.99,364.7,20.7,58.5,8.0,6.61,22.2,133.7,38.8,91.1,Rainfed,145.6,6.64,0.77,1.54,18.46,53746,767083,992151.0,225068.0,2944,6.27,45.9,18771.31,63976.9,82748.21
SF13133,Telangana,Erode,Groundnut,Kharif,9.86,763.2,24.3,88.2,6.4,6.63,37.0,80.0,43.0,101.7,Rainfed,104.6,8.49,1.0,1.91,18.83,56662,556152,1066945.0,510793.0,3128,6.02,50.3,51804.56,56404.87,108209.43
SF13134,Gujarat,Krishna,Maize,Zaid,14.25,177.9,28.3,63.4,8.6,6.86,21.1,148.5,41.8,138.4,Sprinkler,188.1,6.54,0.68,2.55,36.34,21049,1034491,764921.0,-269570.0,7680,4.732,37.1,-18917.19,72595.86,53678.67
SF13135,Tamil Nadu,Nalgonda,Rice,Rabi,7.64,674.7,27.6,56.1,6.1,6.41,22.5,150.7,68.9,138.6,Flood,188.8,3.97,0.95,4.11,31.4,23660,522070,742924.0,220854.0,15499,2.026,47.1,28907.59,68333.77,97241.36
SF13136,Andhra Pradesh,Indore,Sugarcane,Zaid,3.53,118.2,30.6,57.8,8.1,7.26,29.0,111.8,62.5,161.5,Sprinkler,167.2,5.45,0.91,32.05,113.14,3429,231631,387957.0,156326.0,5103,22.171,29.0,44284.99,65617.85,109902.83
SF13137,Telangana,Raichur,Rice,Rabi,3.26,287.7,21.6,58.2,7.8,6.07,15.9,134.1,44.8,75.9,Drip,174.7,4.95,0.72,1.52,4.96,18687,208877,92688.0,-116189.0,4319,1.148,40.5,-35640.8,64072.7,28431.9
SF13138,Maharashtra,Indore,Maize,Kharif,11.08,1049.8,30.4,80.4,6.6,6.21,34.1,112.0,65.6,166.9,Sprinkler,148.0,5.33,0.71,3.16,35.01,25444,800489,890794.0,90305.0,5262,6.653,55.7,8150.27,72246.3,80396.57
SF13139,Tamil Nadu,Krishna,Wheat,Kharif,2.99,1034.7,27.9,64.8,6.0,6.28,33.8,97.6,41.6,160.6,Sprinkler,184.8,2.04,0.81,2.79,8.34,17538,240012,146267.0,-93745.0,1771,4.709,66.7,-31352.84,80271.57,48918.73
SF13140,Punjab,Guntur,Rice,Rabi,2.65,672.1,20.2,46.0,6.2,5.77,16.2,123.9,70.5,157.5,Drip,107.3,5.88,0.7,1.44,3.82,25414,187726,97081.0,-90645.0,3188,1.198,47.5,-34205.66,70840.0,36634.34
SF13141,Tamil Nadu,Erode,Pulses,Zaid,1.69,301.4,29.4,57.6,9.1,6.78,21.5,140.2,47.0,40.5,Flood,176.2,3.34,0.74,1.02,1.72,77375,112402,133085.0,20683.0,814,2.113,44.6,12238.46,66510.06,78748.52
SF13142,Madhya Pradesh,Ludhiana,Cotton,Rabi,9.13,346.5,23.1,59.3,7.7,5.99,22.4,123.7,43.9,136.4,Rainfed,161.9,7.91,0.76,0.72,6.57,70773,590362,464979.0,-125383.0,2883,2.279,14.4,-13733.08,64661.77,50928.7
SF13143,Maharashtra,Nashik,Sugarcane,Rabi,6.74,544.8,25.8,63.6,7.9,5.78,25.3,109.7,50.3,146.5,Flood,264.3,6.63,0.8,20.73,139.72,3275,629598,457583.0,-172015.0,14562,9.595,46.9,-25521.51,93412.17,67890.65
SF13144,Maharashtra,Warangal,Groundnut,Kharif,5.64,809.6,27.1,85.4,7.0,6.58,39.9,119.6,25.3,93.5,Flood,217.9,2.75,0.84,1.88,10.6,59753,441546,633382.0,191836.0,3507,3.023,63.3,34013.48,78288.3,112301.77
SF13145,Karnataka,Nalgonda,Rice,Kharif,2.57,670.9,25.0,90.0,5.6,6.77,34.3,114.0,76.1,77.1,Flood,186.4,7.75,0.96,4.43,11.39,20511,175784,233620.0,57836.0,5473,2.081,45.8,22504.28,68398.44,90902.72
SF13146,Andhra Pradesh,Guntur,Chilli,Kharif,13.56,832.2,29.9,62.5,7.3,7.31,35.4,119.1,41.5,119.4,Rainfed,152.4,7.61,0.83,1.55,21.02,103525,894834,2176096.0,1281262.0,4775,4.402,53.9,94488.35,65990.71,160479.06
SF13147,Telangana,Indore,Wheat,Rabi,7.43,528.6,25.9,60.2,9.7,6.55,21.7,105.9,48.2,114.3,Sprinkler,199.6,6.72,0.69,3.05,22.66,22740,455010,515288.0,60278.0,3427,6.612,35.3,8112.79,61239.57,69352.36
SF13148,Punjab,Krishna,Maize,Rabi,4.75,444.1,23.4,49.2,6.9,5.88,8.0,59.7,63.8,117.3,Flood,223.2,2.9,0.67,1.42,6.74,19699,331530,132771.0,-198759.0,3428,1.966,50.9,-41844.0,69795.79,27951.79
SF13149,Telangana,Rajkot,Sugarcane,Zaid,4.02,373.9,29.6,33.8,7.7,8.12,19.5,139.3,59.6,100.2,Rainfed,186.0,2.53,0.66,3.85,15.48,3773,261600,58406.0,-203194.0,4575,3.384,49.9,-50545.77,65074.63,14528.86
SF13150,Andhra Pradesh,Nashik,Sugarcane,Zaid,10.95,166.8,32.4,53.5,9.6,5.64,14.8,87.9,82.7,90.5,Sprinkler,192.0,3.79,0.88,11.14,121.98,3494,779312,426198.0,-353114.0,21248,5.741,54.5,-32247.85,71170.05,38922.19
SF13151,Karnataka,Erode,Rice,Rabi,11.99,677.1,19.4,52.2,6.0,7.69,26.7,100.9,33.5,97.3,Flood,146.5,3.71,0.78,0.83,9.95,19985,812219,198851.0,-613368.0,25265,0.394,54.8,-51156.63,67741.37,16584.74
SF13152,Madhya Pradesh,Erode,Groundnut,Kharif,4.73,1046.6,27.8,69.8,6.8,6.56,31.0,172.4,63.3,139.4,Flood,132.2,6.65,0.71,2.03,9.6,50720,327304,486912.0,159608.0,3087,3.11,48.1,33743.76,69197.46,102941.23
SF13153,Madhya Pradesh,Nashik,Maize,Zaid,3.31,687.3,27.9,55.1,7.1,5.91,21.4,61.3,64.0,102.2,Drip,317.7,3.09,0.67,2.13,7.05,21060,258249,148473.0,-109776.0,1515,4.653,47.9,-33164.95,78020.85,44855.89
SF13154,Punjab,Nashik,Sugarcane,Rabi,11.21,854.4,28.6,53.2,8.3,6.45,25.9,204.2,29.9,115.7,Flood,192.8,7.38,0.83,72.35,811.04,3886,908490,3151701.0,2243211.0,27596,29.39,40.9,200108.03,81042.82,281150.85
SF13155,Andhra Pradesh,Nalgonda,Rice,Rabi,12.94,561.8,26.9,56.1,8.3,6.83,19.0,123.3,66.8,148.7,Rainfed,156.7,3.29,0.87,3.86,49.95,24245,839332,1211038.0,371706.0,11189,4.464,48.8,28725.35,64863.37,93588.72
SF13156,Gujarat,Erode,Pulses,Kharif,2.48,886.8,28.0,58.6,7.2,7.97,29.4,139.0,67.8,152.8,Rainfed,270.7,0.88,0.73,0.3,0.74,65976,181498,48822.0,-132676.0,495,1.495,72.6,-53498.39,73184.68,19686.29
SF13157,Telangana,Krishna,Groundnut,Kharif,9.92,898.7,26.8,76.3,6.5,7.24,36.4,88.8,73.0,98.1,Sprinkler,328.1,4.71,0.98,1.18,11.71,61268,824997,717448.0,-107549.0,4833,2.423,53.0,-10841.63,83165.02,72323.39
SF13158,Punjab,Nalgonda,Rice,Rabi,10.71,710.5,23.9,60.2,7.7,7.39,18.1,48.7,45.5,80.8,Rainfed,93.7,6.38,0.89,1.74,18.64,20804,522242,387787.0,-134455.0,10033,1.858,35.4,-12554.15,48762.09,36207.94
SF13159,Punjab,Krishna,Rice,Kharif,1.07,702.9,25.9,73.0,5.4,6.4,28.4,123.2,50.0,110.9,Sprinkler,157.1,3.45,0.73,3.51,3.76,26337,62539,99027.0,36488.0,1586,2.371,54.4,34100.93,58447.66,92548.6
SF13160,Tamil Nadu,Ludhiana,Pulses,Zaid,0.88,80.0,28.5,68.2,8.2,7.15,15.7,101.7,51.0,128.4,Rainfed,220.7,5.81,0.95,0.64,0.56,77189,58668,43226.0,-15442.0,182,3.077,47.7,-17547.73,66668.18,49120.45
SF13161,Punjab,Guntur,Maize,Kharif,8.91,671.2,30.6,60.6,6.4,7.68,33.4,79.9,44.1,99.7,Drip,268.3,4.11,0.69,1.3,11.58,15804,594642,183010.0,-411632.0,4451,2.602,54.2,-46198.88,66738.72,20539.84
SF13162,Gujarat,Warangal,Cotton,Kharif,8.56,884.0,27.1,66.5,7.7,6.4,28.3,202.4,58.5,109.8,Rainfed,162.4,1.06,0.85,1.99,17.03,71099,578166,1210816.0,632650.0,3308,5.148,55.3,73907.71,67542.76,141450.47
SF13163,Punjab,Nashik,Wheat,Zaid,14.82,203.2,32.5,45.6,7.8,7.09,17.7,189.2,50.4,112.0,Flood,259.4,6.97,0.73,2.09,30.97,26164,1034502,810299.0,-224203.0,9167,3.378,40.1,-15128.41,69804.45,54676.05
SF13164,Tamil Nadu,Erode,Chilli,Rabi,3.08,360.1,22.3,80.7,5.2,6.95,23.4,150.0,63.0,108.8,Flood,156.3,2.83,0.71,1.63,5.02,94380,208785,473788.0,265003.0,2002,2.507,52.2,86039.94,67787.34,153827.27
SF13165,Karnataka,Krishna,Sugarcane,Rabi,7.81,347.2,21.9,59.1,8.2,6.0,16.7,118.7,67.1,134.3,Flood,183.5,4.72,0.96,32.71,255.47,4082,582160,1042829.0,460669.0,18724,13.644,48.1,58984.51,74540.33,133524.84
SF13166,Andhra Pradesh,Ludhiana,Sugarcane,Kharif,0.94,758.4,30.8,88.3,5.8,6.81,30.6,63.4,57.1,138.0,Rainfed,220.2,4.49,0.69,52.92,49.74,3544,63369,176279.0,112910.0,923,53.889,56.1,120117.02,67413.83,187530.85
SF13167,Gujarat,Erode,Chilli,Zaid,6.14,362.0,35.1,65.3,7.0,8.1,21.2,93.2,71.2,86.7,Flood,56.3,2.82,0.98,0.3,1.84,93358,296881,171779.0,-125102.0,5063,0.363,46.8,-20374.92,48351.95,27977.04
SF13168,Karnataka,Indore,Groundnut,Zaid,12.63,221.1,32.5,60.8,7.0,6.33,17.8,80.2,60.1,124.7,Rainfed,185.1,5.46,0.97,0.9,11.37,67517,858197,767668.0,-90529.0,2980,3.815,33.7,-7167.78,67949.09,60781.31
SF13169,Karnataka,Erode,Maize,Kharif,2.52,1045.7,29.1,73.5,8.9,6.31,39.1,141.4,42.4,118.4,Drip,242.4,4.49,0.73,3.91,9.85,18697,193149,184165.0,-8984.0,1035,9.517,47.7,-3565.08,76646.43,73081.35
SF13170,Gujarat,Krishna,Chilli,Kharif,13.96,705.4,24.6,69.4,6.4,7.93,33.4,126.4,65.2,99.1,Rainfed,228.9,8.93,0.85,0.39,5.44,92103,1102942,501040.0,-601902.0,5011,1.086,36.0,-43116.19,79007.31,35891.12
SF13171,Punjab,Guntur,Rice,Rabi,4.44,397.0,28.7,59.9,4.9,7.33,16.6,150.9,80.4,119.2,Drip,158.3,7.96,0.73,2.74,12.17,22015,259230,267923.0,8693.0,5698,2.136,37.1,1957.88,58385.14,60343.02
SF13172,Andhra Pradesh,Krishna,Cotton,Kharif,2.97,692.9,28.9,79.7,8.7,5.95,34.0,163.0,77.9,101.8,Drip,111.4,2.91,0.66,1.33,3.95,59057,186826,233275.0,46449.0,1929,2.048,61.1,15639.39,62904.38,78543.77
SF13173,Telangana,Nalgonda,Rice,Rabi,12.86,418.9,24.3,63.4,6.7,6.44,19.6,135.6,53.8,120.9,Drip,186.3,5.92,0.99,2.38,30.61,17687,987008,541399.0,-445609.0,19525,1.568,41.3,-34650.78,76750.23,42099.46
SF13174,Maharashtra,Krishna,Wheat,Rabi,12.49,314.7,21.3,49.7,8.6,5.81,26.7,160.5,60.4,105.1,Sprinkler,154.7,6.49,0.92,1.04,12.99,24526,1058138,318593.0,-739545.0,7177,1.81,31.7,-59210.97,84718.82,25507.85
SF13175,Punjab,Ludhiana,Chilli,Rabi,7.27,80.0,27.1,54.0,7.0,7.86,25.7,130.6,64.3,107.7,Sprinkler,180.5,4.37,0.98,0.41,2.98,96515,575317,287615.0,-287702.0,5165,0.577,36.2,-39573.87,79135.76,39561.9
SF13176,Telangana,Rajkot,Wheat,Zaid,10.07,228.3,29.3,33.7,6.3,6.8,16.3,98.4,72.4,101.0,Rainfed,141.3,4.09,0.8,2.12,21.35,25912,629675,553221.0,-76454.0,2592,8.237,27.5,-7592.25,62529.79,54937.54
SF13177,Maharashtra,Warangal,Maize,Zaid,12.14,404.5,31.9,62.6,8.2,6.1,21.5,132.2,73.0,115.3,Flood,185.9,4.13,0.73,2.11,25.62,24943,934995,639040.0,-295955.0,8323,3.078,38.9,-24378.5,77017.71,52639.21
SF13178,Andhra Pradesh,Raichur,Groundnut,Kharif,11.36,699.8,30.3,81.5,8.0,8.4,31.7,110.2,70.6,109.3,Flood,168.6,5.38,0.87,0.3,3.41,61336,765179,209156.0,-556023.0,7284,0.468,49.8,-48945.69,67357.31,18411.62
SF13179,Andhra Pradesh,Guntur,Rice,Kharif,5.18,1079.2,29.3,64.9,6.1,7.69,35.7,103.8,71.0,125.5,Rainfed,238.4,1.26,0.85,0.91,4.71,22790,288793,107341.0,-181452.0,4186,1.125,72.3,-35029.34,55751.54,20722.2
SF13180,Maharashtra,Guntur,Groundnut,Kharif,5.84,633.0,29.8,71.1,7.9,5.78,32.7,69.4,36.1,126.2,Flood,166.7,4.94,0.83,0.66,3.85,60707,344197,233722.0,-110475.0,3480,1.106,56.4,-18916.95,58937.84,40020.89
SF13181,Andhra Pradesh,Raichur,Rice,Rabi,7.67,149.1,22.6,66.8,6.9,7.03,20.8,183.4,80.5,118.0,Sprinkler,254.7,4.61,0.88,2.28,17.49,21019,563513,367622.0,-195891.0,12125,1.442,36.9,-25539.9,73469.75,47929.86
SF13182,Tamil Nadu,Erode,Wheat,Kharif,3.6,856.3,29.6,65.5,7.6,6.93,34.4,156.4,31.3,86.5,Flood,108.9,3.58,1.0,2.72,9.79,24836,241406,243144.0,1738.0,2895,3.382,73.6,482.78,67057.22,67540.0
SF13183,Tamil Nadu,Krishna,Chilli,Kharif,6.27,727.9,35.9,57.4,6.7,5.87,29.6,160.8,60.3,127.6,Sprinkler,166.7,6.9,0.92,0.99,6.21,113048,418573,702028.0,283455.0,4130,1.504,41.3,45208.13,66758.05,111966.19
SF13184,Telangana,Nashik,Sugarcane,Rabi,5.69,169.7,23.9,60.2,6.6,6.97,21.7,71.5,41.2,114.4,Flood,116.9,5.52,0.95,46.54,264.81,2857,336364,756562.0,420198.0,13378,19.794,28.3,73848.51,59114.94,132963.44
SF13185,Telangana,Indore,Rice,Rabi,12.67,198.5,25.8,53.2,7.3,6.96,19.9,111.9,50.8,140.3,Drip,59.8,7.54,0.74,3.19,40.42,21258,535290,859248.0,323958.0,16988,2.379,22.8,25568.9,42248.62,67817.52
SF13186,Tamil Nadu,Guntur,Chilli,Rabi,8.31,704.4,24.0,56.5,7.2,6.16,30.0,113.2,55.0,118.5,Flood,151.2,7.38,0.93,1.87,15.54,106560,575196,1655942.0,1080746.0,7430,2.092,40.8,130053.67,69217.33,199271.0
SF13187,Andhra Pradesh,Indore,Maize,Rabi,10.97,404.1,23.9,61.4,7.5,6.97,33.6,95.8,39.6,143.1,Flood,257.4,7.59,0.94,3.14,34.45,22671,783053,781016.0,-2037.0,7913,4.354,36.3,-185.69,71381.31,71195.62
SF13188,Maharashtra,Krishna,Maize,Rabi,8.38,398.7,26.9,52.7,7.2,6.98,36.1,147.5,55.7,88.4,Drip,196.0,3.04,0.74,4.16,34.86,20855,515013,727005.0,211992.0,4375,7.968,51.6,25297.37,61457.4,86754.77
SF13189,Punjab,Nalgonda,Wheat,Rabi,8.68,114.8,24.2,60.4,6.8,5.61,22.3,64.5,19.6,78.5,Sprinkler,210.1,4.46,0.89,0.54,4.69,22431,692974,105201.0,-587773.0,4387,1.069,37.6,-67715.78,79835.71,12119.93
SF13190,Maharashtra,Raichur,Maize,Rabi,1.12,315.0,24.7,65.9,5.9,7.14,28.4,96.3,23.7,175.4,Sprinkler,251.5,4.13,0.76,2.65,2.97,20673,77447,61399.0,-16048.0,655,4.534,40.3,-14328.57,69149.11,54820.54
SF13191,Madhya Pradesh,Krishna,Wheat,Kharif,6.27,1104.3,29.5,77.4,8.4,6.09,28.7,78.1,89.3,49.0,Flood,176.5,3.71,0.72,1.91,11.98,26312,408894,315218.0,-93676.0,4689,2.555,74.7,-14940.35,65214.35,50274.0
SF13192,Maharashtra,Indore,Rice,Kharif,3.34,896.6,26.6,78.1,6.6,6.25,36.4,130.8,67.1,126.1,Flood,264.8,6.47,0.91,2.81,9.39,22260,264130,209021.0,-55109.0,6659,1.41,54.7,-16499.7,79080.84,62581.14
SF13193,Andhra Pradesh,Erode,Chilli,Kharif,4.74,788.5,26.4,64.4,7.9,7.98,31.8,86.0,23.9,88.8,Rainfed,85.9,4.02,1.0,0.3,1.42,94336,249426,133957.0,-115469.0,1655,0.858,54.2,-24360.55,52621.52,28260.97
SF13194,Maharashtra,Indore,Groundnut,Rabi,4.03,328.8,20.6,74.6,8.0,5.6,25.2,144.8,25.0,132.2,Drip,111.3,5.31,0.7,0.37,1.49,59437,286011,88561.0,-197450.0,1968,0.757,37.3,-48995.04,70970.47,21975.43
SF13195,Punjab,Indore,Rice,Zaid,3.3,289.04999999999995,31.7,32.8,9.4,6.84,18.2,157.8,49.7,93.2,Sprinkler,190.6,8.27,0.97,2.38,7.85,21692,219123,170282.0,-48841.0,4561,1.721,30.4,-14800.3,66400.91,51600.61
SF13196,Tamil Nadu,Rajkot,Wheat,Rabi,5.22,519.2,27.7,62.0,6.5,6.79,19.6,57.8,32.2,106.9,Rainfed,163.2,6.36,0.78,2.42,12.63,24174,306251,305318.0,-933.0,1637,7.715,50.5,-178.74,58668.77,58490.04
SF13197,Punjab,Warangal,Pulses,Kharif,12.17,1020.1,27.5,64.6,5.6,6.03,38.4,115.9,61.7,90.7,Sprinkler,187.2,3.31,0.75,0.82,9.98,76113,929721,759608.0,-170113.0,4454,2.241,65.3,-13978.06,76394.49,62416.43
SF13198,Karnataka,Nashik,Chilli,Rabi,7.3,386.3,19.9,61.2,7.9,6.08,27.0,104.4,51.2,123.4,Rainfed,195.7,6.1,0.69,0.98,7.15,77376,438503,553238.0,114735.0,2198,3.253,32.9,15717.12,60068.9,75786.03
SF13199,Andhra Pradesh,Nalgonda,Groundnut,Rabi,6.99,511.8,25.2,50.8,6.6,7.14,29.0,159.4,52.1,114.7,Flood,238.9,4.81,0.66,1.65,11.53,58301,451491,672211.0,220720.0,4337,2.659,41.9,31576.54,64590.99,96167.53
SF13200,Madhya Pradesh,Ludhiana,Wheat,Kharif,5.43,875.6,26.0,95.0,6.0,7.1,30.0,163.3,51.1,78.2,Rainfed,244.3,4.65,0.82,2.62,14.23,23832,385842,339129.0,-46713.0,1659,8.577,67.5,-8602.76,71057.46,62454.7
SF13201,Gujarat,Ludhiana,Sugarcane,Kharif,6.71,729.2,30.2,84.8,5.2,5.99,38.9,153.7,67.7,102.4,Sprinkler,178.7,6.51,0.91,39.57,265.51,3265,423174,866890.0,443716.0,11552,22.984,53.0,66127.57,63066.17,129193.74
SF13202,Andhra Pradesh,Erode,Chilli,Rabi,8.82,708.0,20.5,57.1,8.4,5.68,16.5,110.4,38.3,82.1,Sprinkler,115.9,5.57,0.97,0.61,5.38,106255,585977,571652.0,-14325.0,5106,1.054,33.0,-1624.15,66437.3,64813.15
SF13203,Gujarat,Nashik,Maize,Kharif,1.4,987.3,29.8,62.5,7.0,5.2,35.0,149.7,82.7,90.4,Flood,179.5,3.72,0.87,0.3,0.42,20857,92973,8760.0,-84213.0,1037,0.405,63.1,-60152.14,66409.29,6257.14
SF13204,Punjab,Erode,Wheat,Zaid,9.96,345.4,31.7,60.8,8.8,7.31,24.3,120.1,83.7,49.1,Flood,240.8,5.43,0.9,1.46,14.54,22051,784673,320622.0,-464051.0,6946,2.093,37.3,-46591.47,78782.43,32190.96
SF13205,Punjab,Ludhiana,Cotton,Kharif,13.26,772.4,28.2,63.0,6.6,6.9,36.5,105.2,47.5,60.1,Drip,129.5,5.29,0.75,2.07,27.45,74145,725526,2035280.0,1309754.0,7894,3.477,50.7,98774.81,54715.38,153490.2
SF13206,Telangana,Nalgonda,Pulses,Rabi,13.11,545.7,23.8,59.4,8.6,6.92,27.3,96.0,83.0,49.4,Flood,158.2,4.78,0.65,1.16,15.21,57877,835141,880309.0,45168.0,7080,2.148,42.9,3445.31,63702.59,67147.9
SF13207,Gujarat,Rajkot,Cotton,Kharif,0.54,736.5,31.3,77.6,4.7,7.5,36.1,102.8,63.3,105.1,Flood,70.4,6.57,0.84,1.01,0.55,71736,33582,39455.0,5873.0,451,1.22,48.4,10875.93,62188.89,73064.81
SF13208,Madhya Pradesh,Krishna,Wheat,Kharif,4.82,1237.3,26.6,61.0,7.9,6.99,30.8,155.3,49.7,58.1,Flood,289.6,6.13,0.73,2.28,10.99,24722,381176,271695.0,-109481.0,3200,3.434,63.5,-22713.9,79082.16,56368.26
SF13209,Karnataka,Nalgonda,Groundnut,Kharif,2.66,592.7,26.0,68.5,6.1,6.67,34.0,130.8,52.2,76.0,Rainfed,247.4,5.44,0.97,2.19,5.83,51417,167026,299761.0,132735.0,786,7.417,37.4,49900.38,62791.73,112692.11
SF13210,Andhra Pradesh,Rajkot,Chilli,Rabi,5.82,401.8,24.1,57.7,7.0,5.73,23.9,102.2,50.2,123.0,Drip,287.3,5.64,0.79,0.59,3.43,122180,442440,419077.0,-23363.0,3318,1.034,41.6,-4014.26,76020.62,72006.36
SF13211,Tamil Nadu,Rajkot,Rice,Rabi,1.71,507.9,25.3,46.8,6.4,7.34,23.8,51.5,37.3,126.8,Drip,252.4,6.47,0.92,2.16,3.69,21746,128869,80243.0,-48626.0,2201,1.677,34.7,-28436.26,75361.99,46925.73
SF13212,Telangana,Raichur,Chilli,Zaid,3.08,96.5,34.0,43.4,8.9,6.47,8.7,112.9,74.8,70.5,Sprinkler,253.6,4.66,0.94,1.34,4.13,125503,206373,518327.0,311954.0,1581,2.612,37.9,101283.77,67004.22,168287.99
SF13213,Tamil Nadu,Raichur,Wheat,Rabi,0.52,515.3,24.3,57.6,7.1,6.81,30.1,88.4,58.1,137.5,Drip,144.2,7.68,0.96,3.67,1.91,26943,40511,51461.0,10950.0,275,6.945,37.5,21057.69,77905.77,98963.46
SF13214,Madhya Pradesh,Ludhiana,Pulses,Zaid,10.27,149.7,36.2,47.9,7.4,6.64,17.0,138.6,82.9,97.0,Rainfed,152.5,4.33,0.78,0.78,8.01,84469,426581,676597.0,250016.0,2100,3.814,40.8,24344.3,41536.61,65880.92
SF13215,Madhya Pradesh,Rajkot,Maize,Rabi,11.86,501.4,21.3,52.3,7.2,7.43,23.2,114.6,61.7,149.9,Rainfed,162.9,5.19,0.71,1.73,20.52,18197,697875,373402.0,-324473.0,3444,5.958,25.7,-27358.6,58842.75,31484.15
SF13216,Maharashtra,Rajkot,Chilli,Rabi,6.1,287.5,23.8,75.8,7.8,6.3,14.9,102.7,19.6,88.1,Drip,230.8,1.72,0.97,1.68,10.25,99743,409318,1022366.0,613048.0,3495,2.933,55.2,100499.67,67101.31,167600.98
SF13217,Punjab,Ludhiana,Sugarcane,Rabi,7.56,451.4,26.7,61.7,8.1,6.26,26.5,176.2,39.4,30.0,Drip,174.7,5.34,0.71,63.84,482.63,2852,482785,1376461.0,893676.0,10890,44.319,51.4,118211.11,63860.45,182071.56
SF13218,Tamil Nadu,Indore,Maize,Rabi,11.84,265.7,23.5,52.8,9.0,6.57,20.6,102.6,42.7,65.5,Drip,121.8,10.31,0.79,2.93,34.69,20452,750587,709480.0,-41107.0,6745,5.143,20.8,-3471.88,63394.17,59922.3
SF13219,Tamil Nadu,Ludhiana,Cotton,Zaid,7.59,264.9,30.3,52.0,7.6,7.43,8.0,112.2,50.4,116.9,Flood,187.0,5.19,0.68,0.59,4.48,58491,614444,262040.0,-352404.0,6616,0.677,45.9,-46430.04,80954.41,34524.37
SF13220,Tamil Nadu,Guntur,Groundnut,Kharif,10.06,1093.7,29.5,67.5,6.9,6.94,29.0,57.5,64.9,108.8,Flood,115.5,5.94,0.91,1.54,15.49,57757,536390,894656.0,358266.0,5595,2.769,61.6,35612.92,53319.09,88932.01
SF13221,Madhya Pradesh,Indore,Rice,Rabi,3.15,765.6,26.1,49.6,8.2,6.48,17.7,122.5,70.2,147.9,Sprinkler,173.2,2.49,0.97,4.37,13.77,19898,176193,273995.0,97802.0,4574,3.01,46.4,31048.25,55934.29,86982.54
SF13222,Karnataka,Warangal,Maize,Rabi,0.95,370.5,18.0,53.2,7.4,7.32,23.2,98.5,75.4,114.8,Drip,205.4,8.46,0.91,1.68,1.6,18421,63483,29474.0,-34009.0,436,3.67,28.9,-35798.95,66824.21,31025.26
SF13223,Gujarat,Erode,Chilli,Kharif,12.72,870.3,25.7,70.7,7.6,5.94,25.0,138.0,31.7,100.6,Flood,174.1,4.67,0.98,1.18,15.01,107976,820814,1620720.0,799906.0,10977,1.367,52.1,62885.69,64529.4,127415.09
SF13224,Karnataka,Guntur,Maize,Kharif,11.03,609.7,24.0,84.3,5.3,6.63,39.5,105.4,82.7,99.5,Rainfed,244.4,7.44,0.72,3.95,43.57,20090,728195,875321.0,147126.0,3663,11.895,39.5,13338.71,66019.49,79358.2
SF13225,Madhya Pradesh,Warangal,Rice,Rabi,3.55,457.1,20.2,58.4,6.5,7.17,25.9,117.3,65.9,96.9,Flood,233.4,7.55,0.96,2.37,8.41,23274,241872,195734.0,-46138.0,7003,1.201,25.8,-12996.62,68132.96,55136.34
SF13226,Punjab,Indore,Rice,Zaid,12.02,207.6,34.7,34.8,7.0,6.87,15.0,129.9,49.2,125.8,Rainfed,120.8,1.19,0.67,1.79,21.52,23872,745133,513725.0,-231408.0,10342,2.081,39.7,-19251.91,61991.1,42739.18
SF13227,Telangana,Indore,Rice,Rabi,1.32,80.0,26.3,73.7,6.4,6.95,24.3,97.6,43.4,135.2,Flood,161.9,6.3,0.79,2.32,3.06,25018,76200,76555.0,355.0,2593,1.18,28.4,268.94,57727.27,57996.21
SF13228,Maharashtra,Nalgonda,Cotton,Rabi,14.58,639.9,31.1,60.5,9.2,6.09,22.7,148.3,63.9,65.3,Sprinkler,167.9,3.7,0.98,1.28,18.66,64081,1000120,1195751.0,195631.0,10784,1.73,52.5,13417.76,68595.34,82013.1
SF13229,Karnataka,Nashik,Cotton,Kharif,2.51,1026.5,27.2,59.5,6.8,6.6,46.1,113.4,93.0,136.9,Flood,140.1,7.19,0.85,1.98,4.97,70045,190083,348124.0,158041.0,2129,2.334,36.8,62964.54,75730.28,138694.82
SF13230,Telangana,Erode,Maize,Kharif,7.34,665.7,30.6,52.1,5.8,6.55,43.0,134.7,34.3,120.7,Flood,182.0,4.47,0.68,4.27,31.34,24809,546967,777514.0,230547.0,5249,5.971,35.1,31409.67,74518.66,105928.34
SF13231,Telangana,Rajkot,Rice,Kharif,13.87,595.0,28.5,63.1,7.4,6.81,38.2,126.0,70.5,106.7,Sprinkler,174.9,3.64,0.89,4.27,59.22,22145,962506,1311427.0,348921.0,21469,2.758,43.6,25156.52,69394.81,94551.33
SF13232,Maharashtra,Nashik,Rice,Kharif,5.35,712.1,31.3,86.6,7.4,6.44,35.0,152.4,63.0,165.5,Flood,274.3,4.52,0.8,3.85,20.6,22471,412502,462903.0,50401.0,10568,1.949,64.5,9420.75,77103.18,86523.93
SF13233,Gujarat,Ludhiana,Rice,Kharif,4.51,505.3,30.0,65.1,7.4,5.95,26.2,175.2,41.2,116.3,Rainfed,179.0,3.81,0.67,1.8,8.12,20144,248234,163569.0,-84665.0,3665,2.216,59.1,-18772.73,55040.8,36268.07
SF13234,Gujarat,Erode,Wheat,Rabi,4.97,376.6,26.5,57.8,7.2,7.08,25.8,91.9,81.7,141.8,Drip,207.7,6.24,0.69,2.95,14.66,21856,318975,320409.0,1434.0,2691,5.448,47.1,288.53,64180.08,64468.61
SF13235,Telangana,Guntur,Wheat,Rabi,6.6,397.8,22.9,51.0,8.1,6.03,27.2,165.3,72.9,129.3,Drip,200.8,3.59,0.97,2.07,13.66,24683,465413,337170.0,-128243.0,3115,4.385,40.9,-19430.76,70517.12,51086.36
SF13236,Punjab,Ludhiana,Maize,Zaid,13.1,283.3,34.2,63.2,8.5,7.36,19.9,133.4,81.9,91.5,Rainfed,295.5,4.93,0.91,1.32,17.29,20422,990637,353096.0,-637541.0,3532,4.895,37.0,-48667.25,75621.15,26953.89
SF13237,Punjab,Indore,Maize,Rabi,14.6,197.3,22.8,46.4,7.2,6.66,20.0,49.7,43.0,64.1,Sprinkler,122.2,4.45,0.83,2.89,42.19,23805,764228,1004333.0,240105.0,7973,5.292,32.3,16445.55,52344.38,68789.93
SF13238,Telangana,Nashik,Pulses,Rabi,5.07,152.5,25.4,65.3,6.5,6.07,27.5,81.4,25.6,85.9,Drip,219.3,3.61,0.8,0.74,3.75,73797,369720,276739.0,-92981.0,1682,2.229,50.0,-18339.45,72923.08,54583.63
SF13239,Punjab,Ludhiana,Chilli,Kharif,5.33,822.4,29.8,72.3,5.4,7.06,32.5,146.4,55.9,87.8,Rainfed,368.0,8.39,0.95,2.03,10.82,92732,432412,1003360.0,570948.0,1831,5.909,56.8,107119.7,81127.95,188247.65
SF13240,Gujarat,Rajkot,Rice,Rabi,7.15,427.0,27.4,62.8,8.4,6.37,23.1,122.0,56.7,90.8,Drip,270.0,3.24,0.66,3.14,22.45,23211,452492,521087.0,68595.0,7172,3.13,69.3,9593.71,63285.59,72879.3
SF13241,Karnataka,Krishna,Sugarcane,Kharif,12.39,468.6,31.1,64.8,7.5,7.71,33.4,80.0,72.6,141.2,Drip,111.1,3.41,0.86,18.83,233.3,3422,630211,798353.0,168142.0,19326,12.072,56.4,13570.78,50864.49,64435.27
SF13242,Punjab,Krishna,Pulses,Zaid,12.33,690.6,27.7,57.9,6.7,6.98,19.1,139.0,43.7,131.2,Drip,139.6,7.03,0.66,1.31,16.15,70464,666951,1137994.0,471043.0,3592,4.496,26.9,38203.0,54091.73,92294.73
SF13243,Punjab,Nashik,Wheat,Kharif,14.01,888.5,28.5,66.5,7.3,6.66,37.9,151.2,45.4,109.1,Sprinkler,196.4,5.02,0.9,4.27,59.82,24903,923283,1489697.0,566414.0,7829,7.641,51.6,40429.26,65901.71,106330.98
SF13244,Gujarat,Rajkot,Wheat,Kharif,1.6,945.1,26.1,72.7,6.3,7.5,26.3,80.4,49.0,146.6,Drip,262.1,5.63,0.67,1.5,2.4,25370,110892,60888.0,-50004.0,699,3.433,54.8,-31252.5,69307.5,38055.0
SF13245,Karnataka,Guntur,Wheat,Kharif,5.77,865.7,26.7,66.7,6.2,7.27,27.1,77.8,41.5,131.4,Rainfed,181.4,3.85,0.67,2.14,12.35,21422,329228,264562.0,-64666.0,1600,7.719,50.6,-11207.28,57058.58,45851.3
SF13246,Telangana,Erode,Cotton,Rabi,3.54,170.4,26.6,54.2,9.1,7.03,29.2,63.1,47.7,121.4,Drip,131.8,0.5,0.92,1.11,3.93,63704,206908,250357.0,43449.0,2544,1.545,37.7,12273.73,58448.59,70722.32
SF13247,Maharashtra,Nashik,Pulses,Kharif,12.78,942.2,25.6,69.3,8.2,5.2,28.3,140.1,61.8,73.2,Rainfed,219.4,3.03,0.79,0.3,3.83,72651,699816,278253.0,-421563.0,2601,1.473,60.1,-32986.15,54758.69,21772.54
SF13248,Gujarat,Nalgonda,Cotton,Kharif,13.31,738.9,31.6,80.3,6.1,5.78,39.7,105.4,78.1,111.8,Flood,174.9,8.58,0.8,0.59,7.85,70973,1010594,557138.0,-453456.0,14612,0.537,46.0,-34068.82,75927.42,41858.6
SF13249,Tamil Nadu,Nashik,Maize,Rabi,2.88,492.6,26.6,45.1,7.3,6.43,25.3,146.2,62.8,82.5,Drip,135.8,7.0,0.91,4.72,13.59,18588,154504,252611.0,98107.0,1479,9.189,39.0,34064.93,53647.22,87712.15
SF13250,Punjab,Indore,Pulses,Kharif,13.3,940.1,30.2,65.1,5.7,7.03,28.0,107.9,39.8,128.6,Drip,218.7,6.73,0.94,1.21,16.09,75757,816402,1218930.0,402528.0,4193,3.837,48.9,30265.26,61383.61,91648.87
SF13251,Madhya Pradesh,Nashik,Wheat,Kharif,4.03,816.7,26.5,80.9,7.9,6.86,30.6,112.0,55.2,99.5,Flood,248.1,6.44,0.86,3.53,14.23,28570,294799,406551.0,111752.0,2328,6.113,48.7,27730.02,73151.12,100881.14
SF13252,Karnataka,Nalgonda,Pulses,Rabi,6.33,221.0,25.0,55.8,8.1,6.65,20.0,78.1,62.8,115.8,Sprinkler,187.1,7.04,0.97,1.04,6.58,81589,472450,536856.0,64406.0,2388,2.755,17.1,10174.72,74636.65,84811.37
SF13253,Madhya Pradesh,Raichur,Maize,Rabi,1.0,381.4,24.1,44.2,7.6,6.17,19.3,108.4,44.3,108.1,Drip,188.0,2.65,0.89,3.16,3.16,22186,72032,70108.0,-1924.0,512,6.172,54.3,-1924.0,72032.0,70108.0
SF13254,Madhya Pradesh,Nalgonda,Wheat,Rabi,3.8,404.2,22.5,54.2,7.3,5.48,24.1,153.8,55.0,105.6,Flood,47.1,5.54,0.89,0.43,1.63,24183,275102,39418.0,-235684.0,2811,0.58,36.5,-62022.11,72395.26,10373.16
SF13255,Punjab,Guntur,Chilli,Kharif,5.31,833.2,29.7,70.3,8.5,7.5,28.8,85.1,67.1,59.5,Drip,186.5,7.48,0.81,1.29,6.85,115800,439426,793230.0,353804.0,2489,2.752,43.3,66629.76,82754.43,149384.18
SF13256,Tamil Nadu,Ludhiana,Groundnut,Rabi,0.5,307.7,25.9,54.5,6.3,6.55,17.5,172.0,61.7,149.7,Flood,243.8,5.82,0.94,1.29,0.64,66904,30044,42819.0,12775.0,315,2.032,27.3,25550.0,60088.0,85638.0
SF13257,Punjab,Guntur,Cotton,Kharif,7.34,813.3,28.7,76.5,8.1,6.73,30.6,83.5,65.1,86.1,Rainfed,247.9,5.68,0.73,1.7,12.48,64774,461887,808380.0,346493.0,2692,4.636,64.4,47206.13,62927.38,110133.51
SF13258,Karnataka,Raichur,Wheat,Rabi,4.57,417.9,22.4,61.7,8.0,7.18,23.5,150.3,90.4,85.0,Flood,268.9,6.27,0.9,2.22,10.15,22602,288776,229410.0,-59366.0,3248,3.125,41.9,-12990.37,63189.5,50199.12
SF13259,Andhra Pradesh,Nalgonda,Sugarcane,Kharif,9.53,701.8,33.5,69.7,5.6,6.31,33.1,139.7,61.4,115.3,Flood,202.6,6.81,0.68,58.73,559.7,3629,718819,2031151.0,1312332.0,25269,22.15,48.2,137705.35,75426.97,213132.32
SF13260,Punjab,Ludhiana,Groundnut,Kharif,9.01,887.4,27.9,75.9,8.3,7.78,27.2,85.6,60.0,115.5,Rainfed,190.9,5.93,0.98,0.41,3.69,59281,540986,218747.0,-322239.0,2229,1.655,50.0,-35764.59,60042.84,24278.25
SF13261,Maharashtra,Guntur,Rice,Kharif,0.89,918.3,31.8,80.9,6.9,6.96,36.6,140.1,58.5,102.4,Drip,190.7,6.23,0.87,3.86,3.44,22663,70538,77961.0,7423.0,1129,3.047,62.1,8340.45,79256.18,87596.63
SF13262,Madhya Pradesh,Krishna,Groundnut,Rabi,5.25,479.1,29.3,40.7,8.3,6.23,23.4,165.9,58.0,43.7,Flood,98.1,5.47,0.98,1.61,8.45,66744,316659,563987.0,247328.0,3379,2.501,39.8,47110.1,60316.0,107426.1
SF13263,Karnataka,Rajkot,Pulses,Rabi,12.08,442.9,28.7,57.2,7.0,6.98,22.0,99.7,33.1,130.8,Flood,152.4,5.73,0.7,1.29,15.58,62437,634334,972768.0,338434.0,4856,3.208,60.0,28016.06,52511.09,80527.15
SF13264,Andhra Pradesh,Raichur,Pulses,Rabi,7.24,291.8,21.8,47.4,8.9,7.25,29.9,93.9,66.2,130.5,Rainfed,188.5,2.4,0.71,0.63,4.56,73905,524858,337007.0,-187851.0,1674,2.724,48.2,-25946.27,72494.2,46547.93
SF13265,Madhya Pradesh,Guntur,Chilli,Rabi,0.88,458.2,23.7,59.7,8.5,7.78,15.9,105.1,37.9,77.5,Rainfed,211.0,6.3,0.91,0.45,0.4,115240,46705,46096.0,-609.0,345,1.159,31.7,-692.05,53073.86,52381.82
SF13266,Andhra Pradesh,Warangal,Groundnut,Kharif,2.84,632.3,26.8,66.6,7.3,6.54,32.4,134.4,78.6,119.6,Sprinkler,191.6,5.72,0.79,3.02,8.58,53413,208089,458284.0,250195.0,1307,6.565,44.3,88096.83,73270.77,161367.61
SF13267,Punjab,Erode,Maize,Rabi,12.24,506.9,25.7,48.5,8.1,7.4,30.0,135.3,60.5,86.7,Rainfed,187.7,4.62,0.79,1.96,23.99,22664,793612,543709.0,-249903.0,3887,6.172,35.7,-20416.91,64837.58,44420.67
SF13268,Karnataka,Nashik,Maize,Kharif,6.89,545.0,24.2,75.3,8.0,7.26,31.5,119.3,40.0,86.9,Sprinkler,117.0,4.79,0.85,2.72,18.74,20560,346486,385294.0,38808.0,3155,5.94,48.8,5632.51,50288.24,55920.75
SF13269,Maharashtra,Erode,Maize,Rabi,2.61,371.6,25.1,65.7,6.1,6.16,23.1,143.7,37.2,78.3,Flood,223.6,6.51,0.75,2.82,7.36,18747,236278,137978.0,-98300.0,1789,4.114,27.7,-37662.84,90527.97,52865.13
SF13270,Gujarat,Ludhiana,Pulses,Kharif,2.01,799.9,28.1,70.0,6.0,7.17,40.8,109.3,56.4,184.0,Sprinkler,265.5,6.44,0.67,1.44,2.89,67718,157024,195705.0,38681.0,798,3.622,60.9,19244.28,78121.39,97365.67
SF13271,Madhya Pradesh,Warangal,Chilli,Kharif,4.99,645.1,26.5,73.0,9.2,7.25,36.1,156.5,58.9,102.8,Sprinkler,246.9,4.17,0.89,2.06,10.28,92335,405162,949204.0,544042.0,3039,3.383,55.4,109026.45,81194.79,190221.24
SF13272,Karnataka,Warangal,Chilli,Rabi,9.6,826.2,26.1,57.1,8.8,6.1,30.8,98.9,46.2,107.2,Flood,252.2,2.62,0.66,1.53,14.69,102025,795267,1498747.0,703480.0,6824,2.153,58.1,73279.17,82840.31,156119.48
SF13273,Gujarat,Erode,Sugarcane,Kharif,11.86,1056.3,28.3,76.1,6.9,7.41,26.2,90.3,46.8,90.3,Rainfed,40.0,5.38,0.71,32.66,387.35,3435,564752,1330547.0,765795.0,11644,33.266,70.9,64569.56,47618.21,112187.77
SF13274,Madhya Pradesh,Rajkot,Cotton,Rabi,11.06,538.4,19.8,53.8,6.4,6.46,22.1,169.2,62.7,130.9,Flood,259.9,1.33,0.94,1.74,19.24,68706,817439,1321903.0,504464.0,10683,1.801,48.9,45611.57,73909.49,119521.07
SF13275,Punjab,Krishna,Rice,Rabi,6.2,270.5,22.4,45.0,7.3,6.16,20.8,116.4,32.1,168.5,Flood,134.6,6.76,0.84,1.86,11.53,23982,487019,276512.0,-210507.0,13199,0.874,50.3,-33952.74,78551.45,44598.71
SF13276,Gujarat,Warangal,Sugarcane,Kharif,0.91,823.6,24.0,70.7,6.2,6.21,32.4,125.9,62.8,133.3,Rainfed,128.1,7.04,0.91,57.32,52.16,3287,50392,171450.0,121058.0,926,56.328,44.4,133030.77,55375.82,188406.59
SF13277,Gujarat,Ludhiana,Maize,Kharif,12.09,1015.0,30.5,80.1,6.4,6.86,22.5,135.3,82.2,152.8,Drip,327.4,2.58,0.76,4.16,50.29,21237,1006054,1068009.0,61955.0,5650,8.901,79.8,5124.48,83213.73,88338.21
SF13278,Tamil Nadu,Warangal,Cotton,Kharif,12.33,894.7,29.4,64.9,5.7,6.26,32.5,89.9,71.4,138.2,Rainfed,183.2,5.95,0.76,1.2,14.8,67531,773741,999459.0,225718.0,5509,2.687,44.5,18306.41,62752.72,81059.12
SF13279,Madhya Pradesh,Warangal,Rice,Rabi,7.1,532.0,20.2,65.9,8.2,7.07,17.2,132.5,52.1,113.7,Rainfed,206.9,6.49,0.77,2.81,19.95,23592,446566,470660.0,24094.0,5011,3.981,30.4,3393.52,62896.62,66290.14
SF13280,Tamil Nadu,Krishna,Sugarcane,Kharif,11.47,723.1,29.7,74.3,7.7,6.99,32.3,138.2,56.1,102.1,Flood,158.8,4.56,0.72,69.8,800.61,2832,927158,2267328.0,1340170.0,31776,25.195,51.0,116841.33,80833.3,197674.63
SF13281,Andhra Pradesh,Guntur,Sugarcane,Kharif,8.63,1107.2,29.1,57.3,6.5,7.35,34.2,156.6,59.3,129.7,Rainfed,204.7,3.55,0.87,32.36,279.27,4224,533843,1179636.0,645793.0,9608,29.066,62.1,74831.17,61858.98,136690.15
SF13282,Telangana,Indore,Pulses,Zaid,12.26,499.4,31.1,61.6,7.3,6.33,27.5,109.0,31.9,135.1,Flood,176.2,3.16,0.75,0.83,10.18,68073,718291,692983.0,-25308.0,6381,1.595,52.2,-2064.27,58588.17,56523.9
SF13283,Madhya Pradesh,Rajkot,Groundnut,Rabi,14.6,365.1,21.2,71.7,6.1,6.8,15.8,121.7,42.0,129.0,Sprinkler,201.4,6.03,0.7,1.72,25.11,45179,1013368,1134445.0,121077.0,7561,3.321,33.6,8292.95,69408.77,77701.71
SF13284,Madhya Pradesh,Krishna,Wheat,Zaid,4.28,105.4,33.9,48.9,6.1,6.27,18.9,90.1,46.9,136.4,Flood,129.2,7.22,0.73,1.42,6.08,19211,242581,116803.0,-125778.0,2553,2.382,32.5,-29387.38,56677.8,27290.42
SF13285,Karnataka,Guntur,Cotton,Rabi,4.32,301.3,26.9,54.7,8.4,6.01,29.0,171.3,33.7,100.7,Drip,212.0,5.92,0.77,1.18,5.1,75776,332868,386458.0,53590.0,2870,1.777,42.6,12405.09,77052.78,89457.87
SF13286,Tamil Nadu,Raichur,Cotton,Rabi,9.04,649.1,22.2,57.4,6.1,6.71,24.3,140.7,55.3,112.6,Drip,191.1,2.74,0.88,2.0,18.08,60461,643147,1093135.0,449988.0,6782,2.666,41.4,49777.43,71144.58,120922.01
SF13287,Madhya Pradesh,Nalgonda,Rice,Rabi,2.44,437.7,21.4,65.1,8.8,5.59,23.0,67.8,54.6,99.1,Flood,234.6,5.1,0.79,0.65,1.59,20774,178162,33031.0,-145131.0,4605,0.345,35.0,-59479.92,73017.21,13537.3
SF13288,Karnataka,Erode,Maize,Kharif,13.6,991.8,35.4,76.6,6.0,7.74,22.2,94.5,91.2,118.7,Flood,188.4,2.86,0.92,1.01,13.74,19876,836959,273096.0,-563863.0,10336,1.329,70.1,-41460.51,61541.1,20080.59
SF13289,Karnataka,Krishna,Maize,Zaid,7.03,200.4,28.1,50.8,7.6,5.26,25.2,220.0,63.0,145.7,Flood,118.0,1.3,0.72,0.3,2.11,18354,402096,38727.0,-363369.0,5307,0.398,40.7,-51688.34,57197.16,5508.82
SF13290,Karnataka,Guntur,Sugarcane,Zaid,11.78,282.1,27.9,45.9,6.6,6.16,28.6,47.6,66.1,124.2,Drip,175.1,5.17,0.73,40.61,478.39,3340,733550,1597823.0,864273.0,17877,26.76,35.0,73367.83,62270.8,135638.62
SF13291,Telangana,Guntur,Wheat,Rabi,0.82,467.6,23.3,65.7,11.0,6.9,30.5,176.5,30.4,152.2,Sprinkler,208.5,3.27,1.0,3.34,2.74,21939,47791,60113.0,12322.0,402,6.816,45.7,15026.83,58281.71,73308.54
SF13292,Punjab,Krishna,Groundnut,Kharif,7.43,844.2,27.5,83.0,6.7,7.49,24.7,116.1,58.6,112.1,Sprinkler,208.3,6.64,0.67,1.1,8.17,55905,494365,456744.0,-37621.0,3662,2.231,47.5,-5063.39,66536.34,61472.95
SF13293,Tamil Nadu,Nalgonda,Pulses,Rabi,1.25,407.0,22.7,59.7,8.4,7.15,25.3,120.5,72.3,105.0,Drip,235.8,9.28,0.73,1.04,1.3,63273,102441,82255.0,-20186.0,406,3.202,31.0,-16148.8,81952.8,65804.0
SF13294,Telangana,Indore,Rice,Rabi,14.74,473.1,20.4,52.8,7.2,5.91,16.4,95.8,71.8,93.7,Flood,176.5,4.68,0.99,1.49,21.96,20995,979151,461050.0,-518101.0,31373,0.7,36.5,-35149.32,66428.15,31278.83
SF13295,Madhya Pradesh,Rajkot,Groundnut,Kharif,5.82,720.0,29.1,66.1,6.8,6.05,24.4,124.7,57.5,86.1,Flood,268.7,3.97,0.77,1.4,8.15,52551,439735,428291.0,-11444.0,3647,2.235,37.3,-1966.32,75555.84,73589.52
SF13296,Maharashtra,Indore,Groundnut,Kharif,2.41,967.8,21.4,63.1,6.2,6.4,26.7,125.7,54.5,106.9,Rainfed,109.9,5.27,0.98,1.52,3.66,42179,136152,154375.0,18223.0,718,5.097,55.1,7561.41,56494.61,64056.02
SF13297,Karnataka,Raichur,Chilli,Kharif,12.78,647.6,27.4,66.2,6.9,6.52,29.1,135.3,31.0,110.6,Sprinkler,126.8,5.26,0.91,2.73,34.89,84544,868531,2949740.0,2081209.0,7165,4.87,36.4,162848.9,67960.17,230809.08
SF13298,Madhya Pradesh,Nashik,Rice,Kharif,4.3,954.2,26.1,86.5,5.5,6.5,23.6,156.2,36.4,133.4,Flood,179.2,5.13,0.87,3.73,16.04,23596,267266,378480.0,111214.0,8536,1.879,53.5,25863.72,62154.88,88018.6
SF13299,Punjab,Nashik,Wheat,Kharif,4.79,841.3,29.2,75.8,7.8,5.69,26.0,162.5,41.4,124.8,Flood,192.5,4.11,0.68,1.09,5.22,24459,328863,127676.0,-201187.0,2875,1.816,58.2,-42001.46,68656.16,26654.7
SF13300,Karnataka,Indore,Chilli,Rabi,8.97,500.7,24.0,70.3,7.7,6.14,21.5,118.2,94.2,141.7,Drip,211.5,8.03,0.72,2.07,18.57,125699,617179,2334230.0,1717051.0,4558,4.074,32.0,191421.52,68804.79,260226.31
SF13301,Telangana,Nalgonda,Wheat,Kharif,11.66,867.9,29.8,84.9,7.3,6.75,36.4,131.2,80.4,128.7,Sprinkler,229.4,8.03,0.95,4.0,46.64,20234,871570,943714.0,72144.0,6509,7.165,48.8,6187.31,74748.71,80936.02
SF13302,Tamil Nadu,Ludhiana,Cotton,Rabi,5.89,297.7,27.8,63.2,7.9,7.24,21.3,163.7,43.6,143.2,Rainfed,265.0,5.82,0.71,1.04,6.13,58859,423672,360806.0,-62866.0,2345,2.614,39.8,-10673.34,71930.73,61257.39
SF13303,Tamil Nadu,Erode,Chilli,Rabi,5.69,94.7,24.2,65.2,8.3,6.23,23.2,138.0,56.6,90.5,Flood,131.0,6.04,0.8,1.48,8.42,99819,409798,840476.0,430678.0,4479,1.88,37.1,75690.33,72020.74,147711.07
SF13304,Andhra Pradesh,Rajkot,Chilli,Rabi,3.25,351.5,20.6,50.1,5.9,6.54,25.7,125.9,70.7,118.1,Flood,168.6,3.08,0.67,1.96,6.37,102483,237056,652817.0,415761.0,2232,2.854,48.7,127926.46,72940.31,200866.77
SF13305,Punjab,Erode,Rice,Kharif,10.83,714.5,27.4,92.9,6.5,7.36,40.0,150.2,79.5,106.2,Sprinkler,144.2,4.72,0.86,2.78,30.11,19038,731670,573234.0,-158436.0,16298,1.847,49.3,-14629.36,67559.56,52930.19
SF13306,Karnataka,Guntur,Pulses,Kharif,5.03,1314.5,30.6,72.0,9.4,6.87,27.8,134.0,51.4,128.6,Sprinkler,238.2,3.12,0.95,1.09,5.48,73580,325508,403218.0,77710.0,2107,2.601,69.7,15449.3,64713.32,80162.62
SF13307,Telangana,Krishna,Cotton,Rabi,0.7,731.7,22.3,69.7,7.1,6.8,19.7,141.0,83.9,84.6,Sprinkler,152.7,4.7,0.95,1.81,1.27,66564,45526,84536.0,39010.0,535,2.374,49.7,55728.57,65037.14,120765.71
SF13308,Tamil Nadu,Nashik,Wheat,Rabi,4.02,176.4,24.1,64.7,8.6,6.5,25.9,138.9,72.6,85.8,Sprinkler,272.6,0.5,0.84,2.69,10.81,21124,248288,228350.0,-19938.0,2399,4.506,38.1,-4959.7,61763.18,56803.48
SF13309,Punjab,Raichur,Maize,Rabi,5.25,499.3,24.6,63.3,9.3,6.12,33.1,108.8,85.6,114.9,Drip,120.2,4.59,0.82,2.94,15.44,22575,338346,348558.0,10212.0,2152,7.175,54.1,1945.14,64446.86,66392.0
SF13310,Maharashtra,Krishna,Chilli,Kharif,8.2,555.5,29.2,76.9,6.8,6.8,35.4,91.6,58.2,110.7,Flood,229.2,6.47,0.81,2.53,20.75,109803,581551,2278412.0,1696861.0,6936,2.992,37.6,206934.27,70920.85,277855.12
SF13311,Gujarat,Erode,Cotton,Rabi,9.5,166.7,23.0,69.1,8.9,6.94,21.5,97.6,68.5,85.2,Rainfed,252.4,6.67,0.96,1.07,10.17,79313,723371,806613.0,83242.0,3952,2.573,33.1,8762.32,76144.32,84906.63
SF13312,Madhya Pradesh,Raichur,Rice,Rabi,0.88,494.0,22.1,50.0,6.8,8.4,23.7,139.4,51.2,112.3,Rainfed,152.5,1.65,0.8,0.3,0.26,23489,57344,6107.0,-51237.0,817,0.318,54.8,-58223.86,65163.64,6939.77
SF13313,Gujarat,Ludhiana,Groundnut,Kharif,13.18,780.9,29.2,70.2,6.5,7.01,38.2,85.3,63.4,112.7,Drip,235.2,2.52,0.97,2.27,29.92,55836,895427,1670613.0,775186.0,5277,5.67,67.1,58815.33,67938.32,126753.64
SF13314,Gujarat,Erode,Maize,Kharif,2.51,837.9,31.5,80.1,6.1,6.05,28.0,149.5,93.6,85.0,Rainfed,314.3,4.74,0.82,2.31,5.8,19645,180132,113941.0,-66191.0,837,6.93,49.5,-26370.92,71765.74,45394.82
SF13315,Tamil Nadu,Raichur,Rice,Rabi,7.71,609.7,24.7,50.4,7.6,5.21,19.3,73.0,53.1,125.3,Sprinkler,179.2,7.99,0.82,0.3,2.31,21481,547568,49621.0,-497947.0,10628,0.217,45.5,-64584.57,71020.49,6435.93
SF13316,Tamil Nadu,Guntur,Wheat,Kharif,10.21,873.5,26.6,81.0,8.1,7.64,29.6,76.7,50.1,103.9,Drip,75.1,5.47,0.74,1.25,12.76,24471,615113,312250.0,-302863.0,4848,2.632,43.9,-29663.37,60246.13,30582.76
SF13317,Telangana,Erode,Chilli,Rabi,11.18,265.7,27.7,57.8,9.2,5.48,34.9,108.7,53.0,172.7,Drip,177.2,3.6,0.87,0.36,4.02,110562,712212,444459.0,-267753.0,7287,0.552,47.5,-23949.28,63704.11,39754.83
SF13318,Karnataka,Nalgonda,Rice,Kharif,7.22,714.7,27.2,82.3,8.4,6.62,31.2,122.3,34.0,72.7,Drip,172.3,10.21,0.8,4.28,30.9,25254,521495,780349.0,258854.0,9853,3.136,31.6,35852.35,72229.22,108081.58
SF13319,Gujarat,Nashik,Maize,Zaid,14.36,314.6,34.4,61.5,8.4,5.98,19.9,111.3,77.7,124.2,Drip,370.4,4.1,0.82,1.33,19.1,24911,1227591,475800.0,-751791.0,7422,2.573,59.1,-52353.13,85486.84,33133.7
SF13320,Punjab,Erode,Pulses,Kharif,13.96,867.1,23.4,71.9,7.2,7.65,32.1,168.4,41.5,125.5,Sprinkler,200.5,1.14,0.93,0.51,7.12,77778,907101,553779.0,-353322.0,5618,1.267,57.6,-25309.6,64978.58,39668.98
SF13321,Maharashtra,Warangal,Wheat,Rabi,14.86,597.2,26.4,68.2,6.3,7.04,28.0,79.1,56.3,94.5,Sprinkler,258.1,3.92,0.9,2.66,39.53,25484,912475,1007383.0,94908.0,7268,5.439,51.4,6386.81,61404.78,67791.59
SF13322,Maharashtra,Warangal,Wheat,Kharif,7.29,563.9,33.0,74.7,8.0,6.05,39.3,138.5,52.0,124.7,Flood,103.6,3.65,0.86,1.91,13.92,24818,412481,345467.0,-67014.0,5912,2.355,63.5,-9192.59,56581.76,47389.16
SF13323,Maharashtra,Erode,Chilli,Kharif,4.53,534.5,27.9,71.8,6.2,7.12,29.8,92.9,83.5,89.9,Rainfed,213.7,4.66,0.81,1.97,8.92,92081,248799,821363.0,572564.0,1456,6.126,41.0,126393.82,54922.52,181316.34
SF13324,Andhra Pradesh,Nalgonda,Groundnut,Rabi,8.19,717.9,20.9,55.4,7.2,7.14,25.4,111.3,37.8,113.5,Rainfed,271.1,1.0,0.97,1.53,12.53,62063,555302,777649.0,222347.0,2059,6.085,56.7,27148.6,67802.44,94951.04
SF13325,Punjab,Guntur,Groundnut,Zaid,12.63,332.4,30.1,53.1,8.4,6.9,19.5,100.4,54.0,105.8,Drip,199.3,6.35,0.7,1.33,16.8,55965,894917,940212.0,45295.0,5484,3.063,40.4,3586.3,70856.45,74442.76
SF13326,Gujarat,Ludhiana,Pulses,Zaid,13.23,547.4,30.1,48.5,7.8,6.17,20.8,67.5,61.2,112.6,Sprinkler,263.4,4.4,0.78,0.83,10.98,74887,1063587,822259.0,-241328.0,5011,2.191,47.8,-18240.97,80392.06,62151.1
SF13327,Andhra Pradesh,Warangal,Pulses,Kharif,12.83,949.5,29.9,75.6,7.0,7.46,25.4,177.2,68.8,125.3,Drip,178.3,5.53,0.73,0.76,9.75,67555,975305,658661.0,-316644.0,4455,2.189,55.4,-24679.97,76017.54,51337.57
SF13328,Andhra Pradesh,Indore,Rice,Kharif,11.66,885.7,22.7,72.0,5.7,6.88,30.0,140.5,39.6,110.7,Drip,272.1,3.85,0.88,3.52,41.04,18418,775163,755875.0,-19288.0,15287,2.685,59.7,-1654.2,66480.53,64826.33
SF13329,Madhya Pradesh,Ludhiana,Rice,Kharif,13.45,473.6,27.5,69.1,6.2,6.78,21.7,85.6,40.7,72.6,Rainfed,206.5,5.99,0.77,2.85,38.33,21231,911022,813784.0,-97238.0,8658,4.427,44.3,-7229.59,67733.98,60504.39
SF13330,Karnataka,Nalgonda,Rice,Kharif,8.26,878.8,27.9,69.9,7.2,6.7,25.1,148.4,89.4,83.2,Drip,264.0,3.27,0.79,4.59,37.91,21746,580352,824391.0,244039.0,10700,3.543,54.3,29544.67,70260.53,99805.21
SF13331,Andhra Pradesh,Rajkot,Sugarcane,Zaid,8.9,80.0,32.2,33.8,8.0,7.57,11.9,149.8,29.4,63.6,Flood,126.1,3.37,0.92,17.62,156.82,3178,491663,498374.0,6711.0,16672,9.406,38.8,754.04,55243.03,55997.08
SF13332,Telangana,Rajkot,Pulses,Rabi,10.33,861.8,24.1,56.6,6.9,7.32,22.6,128.0,53.0,104.8,Flood,154.9,4.9,0.75,0.87,8.99,68278,582358,613819.0,31461.0,4551,1.975,42.4,3045.6,56375.41,59421.01
SF13333,Telangana,Warangal,Wheat,Zaid,7.1,238.7,29.4,34.5,8.4,5.99,13.3,101.6,71.9,115.5,Rainfed,194.3,5.02,0.91,0.91,6.46,21104,370475,136332.0,-234143.0,1515,4.264,28.4,-32977.89,52179.58,19201.69
SF13334,Madhya Pradesh,Indore,Cotton,Zaid,4.77,448.4,30.3,50.4,8.1,7.23,10.0,114.1,58.0,99.9,Rainfed,240.7,6.18,0.94,0.88,4.2,68120,392280,286104.0,-106176.0,1900,2.211,40.3,-22259.12,82238.99,59979.87
SF13335,Andhra Pradesh,Ludhiana,Maize,Rabi,11.12,173.0,28.4,40.3,7.4,6.9,24.6,89.6,65.7,79.0,Rainfed,283.6,4.21,0.73,2.71,30.14,19669,729766,592824.0,-136942.0,2884,10.451,32.5,-12314.93,65626.44,53311.51
SF13336,Gujarat,Nalgonda,Cotton,Zaid,7.97,318.9,31.0,52.6,9.6,6.69,24.5,178.6,77.0,130.4,Drip,139.8,5.36,0.7,1.4,11.16,66280,462755,739685.0,276930.0,4434,2.517,34.4,34746.55,58062.11,92808.66
SF13337,Punjab,Warangal,Groundnut,Rabi,11.39,571.9,20.9,70.3,8.4,7.31,16.7,87.0,57.9,75.9,Flood,162.7,3.07,0.92,1.07,12.19,54980,694087,670206.0,-23881.0,8191,1.488,52.9,-2096.66,60938.28,58841.62
SF13338,Telangana,Raichur,Cotton,Kharif,4.81,745.5,29.0,82.5,7.0,6.5,34.5,111.2,70.9,109.8,Flood,147.2,7.89,0.86,2.07,9.96,59978,281573,597381.0,315808.0,4330,2.3,49.7,65656.55,58539.09,124195.63
SF13339,Andhra Pradesh,Ludhiana,Wheat,Kharif,7.19,966.1,31.4,66.7,6.5,5.64,35.5,118.0,58.6,125.6,Flood,134.0,6.59,0.66,0.81,5.82,29080,434982,169246.0,-265736.0,5309,1.096,48.6,-36959.11,60498.19,23539.08
SF13340,Madhya Pradesh,Erode,Wheat,Kharif,12.2,948.5,31.0,51.6,8.2,5.86,32.4,96.7,41.7,106.7,Sprinkler,103.2,4.85,0.82,1.04,12.69,25272,686720,320702.0,-366018.0,6491,1.955,44.9,-30001.48,56288.52,26287.05
SF13341,Maharashtra,Nalgonda,Chilli,Kharif,4.36,892.6,25.6,73.5,3.5,7.34,28.2,102.2,70.2,80.9,Drip,138.1,5.6,1.0,2.05,8.94,114302,320682,1021860.0,701178.0,2294,3.897,62.4,160820.64,73550.92,234371.56
SF13342,Andhra Pradesh,Ludhiana,Pulses,Kharif,5.48,790.6,26.9,80.6,6.9,7.16,25.6,66.6,28.7,91.2,Rainfed,143.6,5.78,0.98,1.04,5.7,78589,340759,447957.0,107198.0,1211,4.707,50.3,19561.68,62182.3,81743.98
SF13343,Maharashtra,Krishna,Maize,Kharif,1.69,726.2,33.7,69.1,6.5,7.51,25.2,108.3,61.3,131.2,Rainfed,261.0,7.43,0.88,1.77,2.99,21456,96256,64153.0,-32103.0,483,6.19,52.2,-18995.86,56956.21,37960.36
SF13344,Punjab,Krishna,Wheat,Kharif,5.89,847.3,30.1,66.1,8.4,6.43,29.0,101.0,57.7,102.8,Drip,213.1,6.66,0.89,3.19,18.79,25283,399836,475068.0,75232.0,3023,6.216,46.1,12772.84,67883.87,80656.71
SF13345,Maharashtra,Krishna,Sugarcane,Kharif,10.19,976.9,26.6,59.4,8.0,6.12,33.6,67.3,49.5,146.9,Drip,249.4,6.24,0.66,45.27,461.3,3688,643945,1701274.0,1057329.0,18809,24.525,37.3,103761.43,63193.82,166955.25
SF13346,Tamil Nadu,Ludhiana,Cotton,Rabi,2.45,271.7,22.5,62.3,6.8,5.71,22.2,98.6,61.4,103.8,Flood,283.3,6.29,0.9,0.4,0.98,67626,180006,66273.0,-113733.0,1923,0.51,30.2,-46421.63,73471.84,27050.2
SF13347,Punjab,Guntur,Maize,Kharif,5.83,748.3,29.5,69.9,5.9,6.83,31.3,101.3,38.1,106.1,Rainfed,169.8,0.67,0.92,3.83,22.33,18391,388213,410671.0,22458.0,1838,12.149,70.8,3852.14,66588.85,70440.99
SF13348,Gujarat,Guntur,Groundnut,Zaid,9.73,123.8,26.6,35.0,7.9,5.59,17.9,171.6,75.6,50.6,Rainfed,209.3,6.9,0.65,0.32,3.11,43633,593473,135699.0,-457774.0,3021,1.029,25.8,-47047.69,60994.14,13946.45
SF13349,Karnataka,Erode,Chilli,Zaid,3.88,294.5,35.1,36.6,8.3,7.51,17.4,147.8,72.8,117.7,Flood,211.9,3.42,0.72,0.74,2.87,128238,236417,368043.0,131626.0,3516,0.816,38.0,33924.23,60932.22,94856.44
SF13350,Tamil Nadu,Ludhiana,Groundnut,Rabi,4.02,559.3,26.3,75.3,8.2,6.55,20.8,133.5,37.0,92.8,Rainfed,274.3,3.52,0.87,1.81,7.28,49784,275883,362428.0,86545.0,874,8.33,54.6,21528.61,68627.61,90156.22
SF13351,Gujarat,Nalgonda,Cotton,Rabi,3.26,928.1,26.0,60.1,6.7,6.4,20.4,109.7,74.1,60.8,Rainfed,248.1,6.93,0.67,1.45,4.73,71010,226019,335877.0,109858.0,1274,3.713,57.3,33698.77,69330.98,103029.75
SF13352,Madhya Pradesh,Erode,Groundnut,Kharif,5.37,1209.3,29.5,78.7,6.6,6.65,29.1,64.1,65.3,156.0,Flood,132.3,4.5,0.88,1.46,7.84,60054,387984,470823.0,82839.0,3217,2.437,82.8,15426.26,72250.28,87676.54
SF13353,Madhya Pradesh,Nalgonda,Sugarcane,Kharif,5.03,991.1,29.0,72.4,6.0,7.31,24.6,94.9,54.3,108.8,Flood,220.4,3.3,0.68,36.25,182.34,2909,414961,530427.0,115466.0,12586,14.488,62.8,22955.47,82497.22,105452.68
SF13354,Tamil Nadu,Erode,Rice,Kharif,13.16,947.0,28.0,68.8,7.4,7.24,30.8,100.6,56.4,101.9,Flood,298.9,1.84,0.71,2.18,28.69,24424,1034385,700725.0,-333660.0,29678,0.967,67.1,-25354.1,78600.68,53246.58
SF13355,Telangana,Indore,Wheat,Rabi,12.54,599.7,25.2,61.6,7.0,6.4,28.1,122.1,64.8,104.1,Sprinkler,202.7,5.41,0.89,3.11,39.0,21387,811870,834093.0,22223.0,6582,5.925,42.2,1772.17,64742.42,66514.59
SF13356,Telangana,Warangal,Chilli,Rabi,13.58,293.8,24.7,63.8,7.2,5.56,20.1,127.5,62.8,90.2,Sprinkler,98.0,4.41,0.67,0.47,6.38,115567,702185,737317.0,35132.0,7969,0.801,45.2,2587.04,51707.29,54294.33
SF13357,Gujarat,Rajkot,Pulses,Kharif,15.0,1045.2,29.5,83.5,6.8,6.18,27.2,161.4,84.2,119.0,Flood,254.7,6.01,0.67,0.97,14.55,70265,1139207,1022356.0,-116851.0,6512,2.234,67.3,-7790.07,75947.13,68157.07
SF13358,Gujarat,Warangal,Chilli,Kharif,5.98,982.9,26.3,78.7,7.0,6.37,25.1,152.5,62.2,124.8,Flood,141.8,7.12,0.68,2.09,12.5,96820,336459,1210250.0,873791.0,4541,2.753,47.2,146118.9,56264.05,202382.94
SF13359,Madhya Pradesh,Indore,Groundnut,Kharif,9.13,809.2,27.4,83.8,7.6,8.2,25.0,148.8,67.7,84.9,Flood,105.5,5.14,0.7,0.3,2.74,53638,580703,146968.0,-433735.0,5074,0.54,55.3,-47506.57,63603.83,16097.26
SF13360,Punjab,Rajkot,Wheat,Rabi,9.42,514.2,23.8,58.1,5.8,5.67,26.1,132.2,45.3,76.5,Drip,139.4,4.53,0.89,1.02,9.61,27040,540792,259854.0,-280938.0,4761,2.018,45.7,-29823.57,57408.92,27585.35
SF13361,Andhra Pradesh,Indore,Pulses,Kharif,2.27,707.5,27.5,74.7,6.0,6.02,33.5,145.5,44.8,102.5,Rainfed,151.9,3.5,0.93,0.84,1.91,69955,148219,133614.0,-14605.0,466,4.099,54.5,-6433.92,65294.71,58860.79
SF13362,Maharashtra,Indore,Groundnut,Rabi,0.95,369.7,25.4,43.0,7.9,6.89,28.0,104.5,62.0,85.1,Rainfed,199.1,3.72,0.84,1.63,1.55,53752,70060,83316.0,13256.0,289,5.363,36.4,13953.68,73747.37,87701.05
SF13363,Gujarat,Erode,Rice,Kharif,7.52,921.1,29.9,67.4,6.3,6.72,36.9,83.9,35.5,76.4,Flood,129.0,7.05,0.93,2.93,22.03,21774,446643,479681.0,33038.0,14221,1.549,55.1,4393.35,59394.02,63787.37
SF13364,Gujarat,Rajkot,Cotton,Kharif,14.98,973.5,34.6,66.6,6.7,5.81,29.5,115.9,61.5,103.5,Flood,143.7,4.93,0.93,0.6,8.99,53367,930014,479769.0,-450245.0,14285,0.629,43.6,-30056.41,62083.71,32027.3
SF13365,Gujarat,Rajkot,Sugarcane,Rabi,4.39,403.55,22.8,58.1,8.5,5.2,32.9,88.6,44.6,126.4,Sprinkler,202.3,4.32,0.85,3.39,14.88,3376,333351,50235.0,-283116.0,8738,1.703,41.9,-64491.12,75934.17,11443.05
SF13366,Andhra Pradesh,Nalgonda,Maize,Rabi,8.86,655.5,22.6,53.1,9.4,6.63,28.3,134.8,70.3,70.7,Drip,130.3,4.96,0.66,4.28,37.92,22502,559103,853276.0,294173.0,5134,7.386,35.4,33202.37,63104.18,96306.55
SF13367,Punjab,Nalgonda,Cotton,Rabi,0.8,154.4,22.7,57.8,8.2,5.22,23.9,77.3,15.0,87.0,Rainfed,149.1,3.76,0.84,0.3,0.24,67169,53653,16121.0,-37532.0,289,0.83,30.9,-46915.0,67066.25,20151.25
SF13368,Telangana,Raichur,Maize,Rabi,9.38,274.2,26.1,40.4,5.7,7.42,18.6,78.8,76.6,121.0,Rainfed,148.4,3.74,0.84,1.5,14.07,20183,506997,283975.0,-223022.0,3434,4.097,42.0,-23776.33,54050.85,30274.52
SF13369,Gujarat,Krishna,Sugarcane,Kharif,7.37,766.4,27.4,82.1,6.6,6.33,27.6,115.9,50.3,119.4,Rainfed,185.7,8.39,1.0,61.09,450.23,3022,440595,1360595.0,920000.0,5642,79.8,42.8,124830.39,59782.23,184612.62
SF13370,Punjab,Indore,Wheat,Kharif,8.78,723.2,30.2,73.9,8.3,5.61,33.5,96.2,66.6,90.7,Drip,140.7,6.51,0.66,0.87,7.64,20953,569197,160081.0,-409116.0,4402,1.736,52.4,-46596.36,64828.82,18232.46
SF13371,Punjab,Erode,Pulses,Kharif,6.77,1022.1,29.3,71.0,6.7,6.0,33.4,125.9,64.8,86.2,Rainfed,323.5,6.72,0.91,0.65,4.4,69585,599773,306174.0,-293599.0,1275,3.451,43.8,-43367.65,88592.76,45225.11
SF13372,Gujarat,Rajkot,Pulses,Rabi,11.62,476.0,24.3,74.1,7.6,7.46,17.7,183.0,62.1,126.3,Rainfed,70.5,3.03,0.68,0.67,7.79,67580,701835,526448.0,-175387.0,2092,3.724,54.5,-15093.55,60398.88,45305.34
SF13373,Madhya Pradesh,Warangal,Rice,Kharif,1.13,661.2,28.4,64.1,5.6,6.83,25.4,120.6,36.3,102.0,Sprinkler,207.9,5.58,0.86,4.07,4.6,25346,69363,116592.0,47229.0,1567,2.936,54.2,41795.58,61383.19,103178.76
SF13374,Maharashtra,Warangal,Rice,Zaid,7.45,118.9,26.8,55.0,8.4,6.2,17.7,135.5,84.5,140.0,Sprinkler,204.6,9.62,0.85,2.27,16.91,23063,450439,389995.0,-60444.0,10032,1.686,22.8,-8113.29,60461.61,52348.32
SF13375,Maharashtra,Nashik,Rice,Kharif,5.31,1024.7,27.9,90.3,6.9,7.17,32.4,150.2,32.3,78.4,Drip,251.9,5.9,0.92,2.8,14.87,19242,401388,286129.0,-115259.0,5511,2.698,53.8,-21706.03,75590.96,53884.93
SF13376,Andhra Pradesh,Nalgonda,Chilli,Rabi,4.64,779.6,25.8,56.8,8.4,7.56,20.8,127.3,55.9,54.0,Flood,215.3,8.42,0.79,1.2,5.57,92308,352306,514156.0,161850.0,3617,1.54,30.3,34881.47,75928.02,110809.48
SF13377,Madhya Pradesh,Erode,Chilli,Kharif,8.91,552.6,29.8,74.8,5.7,6.31,38.1,163.1,51.7,116.9,Drip,198.3,5.21,1.0,2.29,20.4,96213,575253,1962745.0,1387492.0,4839,4.216,52.3,155723.01,64562.63,220285.63
SF13378,Tamil Nadu,Guntur,Wheat,Rabi,1.98,80.0,19.0,44.7,8.4,6.68,18.7,136.7,47.4,139.4,Rainfed,167.0,7.02,0.72,1.7,3.37,26539,129187,89436.0,-39751.0,654,5.153,21.1,-20076.26,65245.96,45169.7
SF13379,Andhra Pradesh,Raichur,Groundnut,Kharif,13.52,1061.0,24.5,72.5,4.5,6.27,31.3,59.3,44.9,106.9,Drip,235.8,8.19,0.91,1.4,18.93,62364,1168509,1180551.0,12042.0,5931,3.192,53.4,890.68,86428.18,87318.86
SF13380,Karnataka,Krishna,Rice,Kharif,7.07,685.1,27.5,81.1,7.1,8.29,36.2,131.2,41.3,72.4,Sprinkler,72.8,5.31,0.89,0.3,2.12,22454,443186,47602.0,-395584.0,10828,0.196,43.6,-55952.48,62685.43,6732.96
SF13381,Andhra Pradesh,Raichur,Wheat,Rabi,13.49,523.9,19.9,58.8,8.0,6.17,23.3,101.2,62.5,143.7,Drip,215.5,5.83,0.67,1.71,23.07,26660,928966,615046.0,-313920.0,5548,4.158,35.2,-23270.57,68863.31,45592.74
SF13382,Madhya Pradesh,Nashik,Pulses,Rabi,5.18,411.7,24.0,54.6,7.2,7.66,26.6,149.4,19.5,87.1,Drip,175.4,4.31,0.67,0.44,2.28,57615,301061,131362.0,-169699.0,1353,1.685,32.9,-32760.42,58119.88,25359.46
SF13383,Madhya Pradesh,Indore,Wheat,Kharif,1.27,710.4,32.1,72.1,7.1,6.9,35.7,140.1,71.2,101.7,Rainfed,245.0,4.84,0.71,2.82,3.58,25454,83343,91125.0,7782.0,400,8.95,49.3,6127.56,65624.41,71751.97
SF13384,Andhra Pradesh,Indore,Wheat,Zaid,10.09,596.0,29.7,69.7,7.5,6.26,17.9,112.8,57.2,112.7,Sprinkler,40.0,1.72,0.7,2.81,28.35,20275,581789,574796.0,-6993.0,5833,4.86,59.3,-693.06,57659.96,56966.9
SF13385,Maharashtra,Warangal,Chilli,Rabi,8.46,575.4,25.8,45.8,8.1,5.7,21.6,93.2,85.2,130.8,Rainfed,156.7,4.44,0.9,0.67,5.67,105175,430330,596342.0,166012.0,2696,2.103,34.3,19623.17,50866.43,70489.6
SF13386,Karnataka,Guntur,Maize,Kharif,8.05,637.2,30.8,77.3,6.2,7.04,32.3,70.8,77.9,124.5,Flood,220.0,6.12,0.99,3.44,27.69,21026,497954,582210.0,84256.0,6240,4.438,28.3,10466.58,61857.64,72324.22
SF13387,Gujarat,Raichur,Wheat,Zaid,8.52,251.1,28.4,49.8,9.4,6.98,12.9,103.3,51.8,103.5,Flood,126.1,5.28,1.0,2.19,18.66,25913,602658,483537.0,-119121.0,5143,3.628,42.6,-13981.34,70734.51,56753.17
SF13388,Maharashtra,Erode,Maize,Rabi,10.1,148.4,24.8,66.2,6.3,6.71,28.4,104.4,77.4,84.8,Drip,155.7,3.24,0.79,3.69,37.27,22853,758154,851731.0,93577.0,4798,7.768,38.0,9265.05,75064.75,84329.8
SF13389,Tamil Nadu,Warangal,Pulses,Rabi,2.91,529.8,23.3,46.6,8.6,5.67,24.9,138.4,77.8,87.0,Rainfed,204.4,4.17,0.88,0.36,1.05,76284,201162,80098.0,-121064.0,552,1.902,47.0,-41602.75,69127.84,27525.09
SF13390,Maharashtra,Raichur,Wheat,Kharif,7.37,712.4,25.7,63.2,7.4,6.46,33.3,75.0,59.2,59.6,Sprinkler,58.9,3.78,0.87,3.26,24.03,22049,430252,529837.0,99585.0,3967,6.057,52.3,13512.21,58378.83,71891.04
SF13391,Madhya Pradesh,Rajkot,Sugarcane,Rabi,10.21,340.3,25.3,43.1,8.8,7.36,28.8,160.3,43.8,96.7,Sprinkler,177.3,5.73,0.82,41.4,422.69,3295,666363,1392764.0,726401.0,15686,26.947,31.6,71146.03,65265.72,136411.75
SF13392,Telangana,Guntur,Groundnut,Kharif,1.17,1020.8,30.7,67.6,5.2,6.66,40.3,86.1,52.8,59.0,Sprinkler,267.3,5.75,0.96,1.5,1.76,61781,82096,108735.0,26639.0,704,2.5,56.8,22768.38,70167.52,92935.9
SF13393,Karnataka,Indore,Groundnut,Kharif,12.19,655.6,28.5,74.5,7.8,6.76,27.8,104.7,65.2,107.3,Flood,234.3,0.5,0.88,2.28,27.79,57376,674340,1594479.0,920139.0,8551,3.25,61.6,75483.1,55319.11,130802.21
SF13394,Telangana,Nashik,Rice,Rabi,4.85,423.5,22.9,68.7,7.4,6.41,26.3,156.3,60.9,105.9,Rainfed,236.5,4.52,0.84,2.86,13.87,21995,362537,305071.0,-57466.0,3364,4.123,32.5,-11848.66,74749.9,62901.24
SF13395,Gujarat,Erode,Wheat,Kharif,13.41,634.3,25.2,77.8,7.5,5.2,27.5,117.5,62.3,112.6,Flood,272.4,5.33,0.85,0.3,4.02,24787,1063040,99644.0,-963396.0,9139,0.44,44.8,-71841.61,79272.18,7430.57
SF13396,Karnataka,Indore,Cotton,Kharif,12.45,627.7,33.2,74.7,8.1,6.7,33.2,170.2,25.1,103.3,Flood,119.9,3.39,0.83,1.96,24.4,73221,788879,1786592.0,997713.0,9800,2.49,60.9,80137.59,63363.78,143501.37
SF13397,Telangana,Nalgonda,Maize,Rabi,10.62,483.1,24.7,65.1,7.3,7.04,26.7,162.6,56.1,148.8,Flood,159.3,7.95,0.9,3.96,42.06,19297,721664,811632.0,89968.0,8142,5.166,31.5,8471.56,67953.3,76424.86
SF13398,Tamil Nadu,Nalgonda,Rice,Kharif,5.31,744.4,30.6,56.6,7.8,6.9,34.6,119.9,77.4,123.7,Drip,139.9,3.7,0.8,4.42,23.47,19820,420531,465175.0,44644.0,7568,3.101,48.5,8407.53,79196.05,87603.58
SF13399,Maharashtra,Erode,Pulses,Zaid,10.01,80.0,30.8,57.8,8.7,6.77,23.3,119.5,25.5,123.5,Drip,199.1,6.93,0.77,0.88,8.81,76630,732559,675110.0,-57449.0,2998,2.939,28.2,-5739.16,73182.72,67443.56
SF13400,Tamil Nadu,Raichur,Groundnut,Zaid,7.72,524.4,27.8,46.5,8.5,7.16,22.8,113.7,73.9,76.0,Flood,215.2,6.28,0.88,1.47,11.35,46542,512011,528252.0,16241.0,4371,2.597,40.2,2103.76,66322.67,68426.42
SF13401,Gujarat,Warangal,Chilli,Zaid,11.76,291.15,27.2,53.2,8.6,7.32,18.5,127.9,49.1,176.7,Rainfed,198.0,6.38,0.67,1.62,19.05,98294,670282,1872501.0,1202219.0,3551,5.365,44.2,102229.51,56996.77,159226.28
SF13402,Maharashtra,Rajkot,Rice,Kharif,4.57,920.7,30.0,62.4,5.8,6.31,28.8,76.9,40.2,121.1,Rainfed,254.8,3.77,0.9,2.41,11.01,22810,294838,251138.0,-43700.0,3931,2.801,55.1,-9562.36,64515.97,54953.61
SF13403,Madhya Pradesh,Warangal,Pulses,Kharif,13.67,581.8,31.0,62.0,6.6,6.17,30.9,109.6,95.4,134.4,Flood,229.3,1.22,0.91,1.13,15.45,76700,865586,1185015.0,319429.0,5717,2.702,60.0,23367.15,63320.12,86687.27
SF13404,Telangana,Rajkot,Rice,Kharif,4.52,858.5,23.7,72.6,5.6,6.22,32.6,158.0,40.2,136.5,Flood,140.5,5.94,0.75,3.21,14.51,24128,286399,350097.0,63698.0,9573,1.516,62.7,14092.48,63362.61,77455.09
SF13405,Tamil Nadu,Nalgonda,Pulses,Kharif,4.89,866.8,28.6,63.1,5.3,7.05,30.3,139.7,69.9,87.7,Rainfed,195.9,8.69,0.79,1.25,6.11,69233,401125,423014.0,21889.0,1026,5.955,32.4,4476.28,82029.65,86505.93
SF13406,Andhra Pradesh,Nashik,Wheat,Rabi,11.56,690.1,23.9,49.0,7.5,8.07,26.4,164.9,46.0,84.0,Flood,71.9,5.9,0.81,0.31,3.58,20601,835670,73752.0,-761918.0,6890,0.52,41.7,-65909.86,72289.79,6379.93
SF13407,Andhra Pradesh,Ludhiana,Pulses,Kharif,9.94,756.8,24.5,74.4,5.6,6.34,30.3,122.9,56.9,119.6,Drip,310.6,7.82,0.88,1.45,14.41,68190,691701,982618.0,290917.0,3602,4.001,51.7,29267.3,69587.63,98854.93
SF13408,Karnataka,Rajkot,Sugarcane,Kharif,12.03,723.3,24.3,72.1,4.8,6.84,38.0,115.9,82.9,120.7,Rainfed,165.5,3.59,0.93,63.71,766.43,3823,828786,2930062.0,2101276.0,10174,75.332,54.3,174669.66,68893.27,243562.93
SF13409,Punjab,Nashik,Cotton,Rabi,11.79,721.8,24.1,57.3,5.1,6.78,20.1,106.0,49.5,92.2,Flood,260.5,9.5,0.7,1.58,18.63,72958,968359,1359208.0,390849.0,10220,1.823,36.6,33150.89,82133.93,115284.82
SF13410,Punjab,Raichur,Sugarcane,Rabi,14.34,269.0,22.5,58.6,8.6,6.03,23.7,155.6,59.0,32.9,Sprinkler,93.2,5.62,0.67,33.4,478.96,3915,913988,1875128.0,961140.0,28986,16.524,31.4,67025.1,63736.96,130762.06
SF13411,Madhya Pradesh,Raichur,Cotton,Kharif,0.74,1109.9,29.6,82.2,6.4,5.72,36.1,83.7,52.3,67.2,Flood,291.3,6.11,0.85,0.46,0.34,61476,57144,20902.0,-36242.0,789,0.431,53.8,-48975.68,77221.62,28245.95
SF13412,Punjab,Rajkot,Sugarcane,Zaid,10.96,624.5,27.1,64.8,8.9,6.49,23.7,56.9,75.1,90.2,Drip,177.4,2.41,0.86,59.9,656.5,3548,643754,2329262.0,1685508.0,17347,37.845,63.6,153787.23,58736.68,212523.91
SF13413,Andhra Pradesh,Indore,Cotton,Rabi,2.99,519.0,25.9,68.5,8.0,6.52,21.1,170.1,49.1,144.7,Flood,229.4,4.9,0.87,1.68,5.02,58778,193845,295066.0,101221.0,2481,2.023,35.9,33853.18,64831.1,98684.28
SF13414,Telangana,Warangal,Sugarcane,Zaid,14.12,166.7,31.8,41.9,10.6,6.72,21.5,125.2,65.5,131.4,Rainfed,127.5,9.09,0.69,36.87,520.6,2858,927632,1487875.0,560243.0,14636,35.57,26.5,39677.27,65696.32,105373.58
SF13415,Madhya Pradesh,Nashik,Groundnut,Rabi,10.83,449.3,25.4,49.2,7.8,6.39,31.3,189.8,62.4,113.4,Rainfed,114.6,11.23,0.95,1.83,19.82,60951,859081,1208049.0,348968.0,2870,6.906,22.2,32222.35,79324.19,111546.54
SF13416,Madhya Pradesh,Guntur,Rice,Rabi,6.37,361.5,23.5,59.6,7.2,6.39,23.2,73.6,66.5,40.0,Drip,183.0,6.36,0.73,2.96,18.86,24284,433206,457996.0,24790.0,7989,2.361,27.9,3891.68,68007.22,71898.9
SF13417,Maharashtra,Ludhiana,Pulses,Rabi,4.63,633.0,25.1,59.0,7.5,7.48,26.4,99.6,52.0,101.5,Flood,308.7,6.15,0.66,0.69,3.19,80546,335601,256942.0,-78659.0,2289,1.394,37.0,-16988.98,72484.02,55495.03
SF13418,Gujarat,Indore,Sugarcane,Kharif,2.3,758.2,29.7,69.3,7.6,6.5,29.1,129.6,53.3,127.0,Flood,198.5,5.96,0.83,77.93,179.24,4119,173917,738290.0,564373.0,4989,35.927,63.6,245379.57,75616.09,320995.65
SF13419,Punjab,Krishna,Pulses,Kharif,13.68,487.7,28.3,68.3,6.1,7.38,33.2,113.2,47.5,40.9,Flood,138.9,2.31,0.95,0.58,7.93,76023,901395,602862.0,-298533.0,5882,1.348,62.4,-21822.59,65891.45,44068.86
SF13420,Andhra Pradesh,Rajkot,Chilli,Kharif,11.01,734.5,28.2,64.5,5.1,6.18,34.7,171.8,41.9,110.1,Rainfed,216.2,4.37,0.91,1.65,18.17,101822,690025,1850106.0,1160081.0,4285,4.24,42.8,105366.12,62672.57,168038.69
SF13421,Maharashtra,Nalgonda,Cotton,Rabi,14.1,574.0,20.4,64.9,7.3,5.83,22.4,133.2,33.5,102.1,Rainfed,149.3,2.56,0.69,0.52,7.33,75270,861401,551729.0,-309672.0,5840,1.255,55.8,-21962.55,61092.27,39129.72
SF13422,Telangana,Erode,Cotton,Kharif,0.57,762.8,27.2,81.3,5.8,6.97,28.4,89.2,33.4,131.2,Rainfed,111.7,6.19,0.79,1.82,1.04,68673,33751,71420.0,37669.0,239,4.351,52.4,66085.96,59212.28,125298.25
SF13423,Punjab,Krishna,Rice,Kharif,6.61,898.7,28.6,79.6,7.6,6.49,42.2,125.6,33.1,91.0,Sprinkler,196.9,5.33,0.83,3.96,26.18,22440,460504,587479.0,126975.0,8854,2.957,59.7,19209.53,69667.78,88877.31
SF13424,Andhra Pradesh,Indore,Sugarcane,Kharif,14.87,745.9,29.6,74.1,6.4,6.52,28.8,115.4,53.9,109.1,Drip,200.4,7.35,0.82,95.79,1424.4,3109,1097878,4428460.0,3330582.0,23289,61.162,42.7,223979.96,73831.74,297811.7
SF13425,Maharashtra,Guntur,Maize,Rabi,10.05,445.6,26.7,53.4,8.9,7.47,21.6,102.0,59.8,126.5,Drip,254.5,4.39,0.99,1.74,17.49,19143,728621,334811.0,-393810.0,5284,3.31,44.5,-39185.07,72499.6,33314.53
SF13426,Madhya Pradesh,Rajkot,Sugarcane,Kharif,13.96,879.1,29.8,76.1,5.6,6.73,18.5,117.9,73.0,86.5,Drip,117.2,7.14,0.88,82.68,1154.21,3886,745161,4485260.0,3740099.0,23472,49.174,64.6,267915.4,53378.3,321293.7
SF13427,Karnataka,Nalgonda,Sugarcane,Rabi,3.08,490.8,21.0,51.3,7.3,5.98,21.1,96.3,52.9,145.5,Rainfed,242.5,9.35,0.96,24.99,76.97,3389,209248,260851.0,51603.0,2431,31.662,17.1,16754.22,67937.66,84691.88
SF13428,Tamil Nadu,Erode,Rice,Kharif,9.52,615.9,30.3,69.3,7.0,6.29,35.3,151.6,65.9,52.4,Flood,88.2,6.32,0.86,2.95,28.08,21403,680311,600996.0,-79315.0,15254,1.841,45.1,-8331.41,71461.24,63129.83
SF13429,Andhra Pradesh,Ludhiana,Cotton,Rabi,4.48,474.4,22.3,64.5,7.1,6.23,22.3,101.6,70.5,187.5,Rainfed,166.4,5.72,0.84,1.0,4.48,61458,281143,275332.0,-5811.0,1602,2.797,47.2,-1297.1,62755.13,61458.04
SF13430,Madhya Pradesh,Ludhiana,Maize,Rabi,4.26,230.8,23.6,72.3,9.2,8.33,29.4,170.2,16.8,99.0,Rainfed,191.5,3.46,0.89,0.3,1.28,19638,220170,25137.0,-195033.0,1205,1.062,33.5,-45782.39,51683.1,5900.7
SF13431,Gujarat,Ludhiana,Pulses,Rabi,14.83,338.2,20.0,67.8,5.2,7.71,22.2,95.8,69.8,124.6,Drip,222.7,4.78,0.91,0.3,4.45,75498,1043220,335966.0,-707254.0,4460,0.998,40.9,-47690.76,70345.25,22654.48
SF13432,Andhra Pradesh,Raichur,Rice,Kharif,6.0,948.3,25.3,68.7,5.6,5.2,36.2,78.0,46.1,88.9,Sprinkler,218.0,4.53,0.78,0.3,1.8,20071,412702,36128.0,-376574.0,9069,0.198,59.6,-62762.33,68783.67,6021.33
SF13433,Telangana,Guntur,Rice,Zaid,12.71,80.0,31.7,58.1,7.8,5.78,23.7,82.8,70.5,122.5,Rainfed,239.4,4.82,0.66,0.74,9.41,20796,829696,195690.0,-634006.0,10781,0.873,46.3,-49882.45,65278.99,15396.54
SF13434,Punjab,Warangal,Rice,Rabi,4.54,418.0,22.6,59.9,7.3,6.82,32.2,162.3,47.6,84.2,Flood,174.3,2.66,0.93,2.42,10.99,19171,329696,210689.0,-119007.0,7938,1.384,43.9,-26213.0,72620.26,46407.27
SF13435,Andhra Pradesh,Raichur,Wheat,Kharif,1.45,903.0,31.3,57.2,6.6,6.36,34.0,110.6,58.7,70.7,Rainfed,246.3,5.18,0.93,2.48,3.6,20143,102695,72515.0,-30180.0,443,8.126,62.2,-20813.79,70824.14,50010.34
SF13436,Karnataka,Nalgonda,Rice,Rabi,2.79,107.8,25.8,57.0,9.1,7.45,24.6,158.7,62.4,72.8,Drip,225.9,5.11,0.69,1.55,4.32,23374,169375,100976.0,-68399.0,3965,1.09,30.1,-24515.77,60707.89,36192.11
SF13437,Gujarat,Nashik,Maize,Rabi,5.62,246.8,31.0,52.1,7.4,6.44,20.2,73.8,68.6,139.0,Rainfed,149.7,4.09,0.87,2.62,14.72,21906,392219,322456.0,-69763.0,1924,7.651,50.2,-12413.35,69789.86,57376.51
SF13438,Telangana,Raichur,Cotton,Zaid,12.34,373.1,28.3,57.8,8.8,6.57,25.1,75.4,33.7,107.1,Rainfed,192.4,0.5,0.67,1.22,15.05,65607,846922,987385.0,140463.0,4417,3.407,58.5,11382.74,68632.25,80014.99
SF13439,Punjab,Warangal,Cotton,Kharif,8.83,958.5,27.3,82.0,6.5,6.79,24.7,149.8,76.3,107.4,Rainfed,189.1,5.52,0.73,2.01,17.75,63350,576364,1124462.0,548098.0,3667,4.84,54.3,62072.25,65273.39,127345.64
SF13440,Maharashtra,Ludhiana,Pulses,Rabi,12.48,348.9,24.0,52.9,7.8,7.0,32.6,121.2,58.0,79.4,Drip,98.9,3.18,0.79,0.95,11.86,76756,684659,910326.0,225667.0,3972,2.986,37.2,18082.29,54860.5,72942.79
SF13441,Punjab,Indore,Sugarcane,Rabi,7.81,328.9,26.8,63.0,8.1,6.67,24.9,75.5,63.9,114.9,Flood,102.3,5.27,0.73,58.22,454.7,3548,506447,1613276.0,1106829.0,15761,28.85,51.4,141719.46,64845.97,206565.43
SF13442,Maharashtra,Raichur,Rice,Kharif,12.51,923.7,25.9,51.9,7.9,6.83,31.6,125.9,63.7,106.1,Sprinkler,211.0,3.95,0.76,4.47,55.92,20168,864383,1127795.0,263412.0,17327,3.227,49.0,21056.12,69095.36,90151.48
SF13443,Gujarat,Nalgonda,Chilli,Kharif,12.15,759.3,30.8,70.2,6.6,6.59,34.0,93.0,65.4,82.0,Sprinkler,117.0,4.71,0.79,2.66,32.32,105900,788355,3422688.0,2634333.0,8678,3.724,51.0,216817.53,64885.19,281702.72
SF13444,Karnataka,Ludhiana,Pulses,Rabi,4.63,453.5,18.7,69.4,8.3,7.62,31.5,98.4,67.8,119.5,Drip,163.8,5.22,0.98,0.35,1.62,73417,278240,118936.0,-159304.0,1486,1.09,51.6,-34406.91,60095.03,25688.12
SF13445,Karnataka,Indore,Chilli,Rabi,4.45,320.8,22.2,52.9,8.9,6.42,20.0,97.1,61.9,91.8,Rainfed,303.0,2.74,0.8,1.64,7.3,106784,337451,779523.0,442072.0,1264,5.775,40.3,99342.02,75831.69,175173.71
SF13446,Andhra Pradesh,Nashik,Wheat,Kharif,4.04,1006.6,28.1,85.5,8.0,5.94,31.1,108.1,48.7,131.6,Flood,216.5,5.34,0.81,1.63,6.59,24960,350513,164486.0,-186027.0,2182,3.02,67.1,-46046.29,86760.64,40714.36
SF13447,Madhya Pradesh,Krishna,Groundnut,Zaid,6.01,339.4,36.8,43.3,8.8,6.41,17.0,125.9,48.7,124.5,Flood,154.2,2.89,0.96,1.13,6.79,54314,370439,368792.0,-1647.0,3913,1.735,53.8,-274.04,61637.1,61363.06
SF13448,Tamil Nadu,Nalgonda,Wheat,Rabi,2.33,419.1,26.7,54.2,7.8,6.51,16.4,104.7,53.3,84.5,Rainfed,141.1,6.74,0.96,2.37,5.52,21269,148352,117405.0,-30947.0,590,9.356,31.3,-13281.97,63670.39,50388.41
SF13449,Tamil Nadu,Nalgonda,Cotton,Kharif,13.11,742.2,30.4,85.3,8.1,7.62,28.6,144.4,48.9,80.8,Flood,140.8,6.19,0.96,0.75,9.83,60198,763152,591746.0,-171406.0,11244,0.874,44.1,-13074.45,58211.44,45136.99
SF13450,Andhra Pradesh,Rajkot,Pulses,Rabi,10.24,80.0,18.9,56.7,7.8,7.7,24.6,130.0,52.0,136.3,Sprinkler,87.7,3.05,0.7,0.3,3.07,65927,698350,202396.0,-495954.0,3886,0.79,42.6,-48433.01,68198.24,19765.23
SF13451,Punjab,Raichur,Rice,Zaid,3.73,559.3,33.6,55.0,6.7,7.52,21.0,142.5,60.2,84.7,Drip,249.9,4.82,0.66,1.52,5.67,23211,292940,131606.0,-161334.0,5740,0.988,38.6,-43253.08,78536.19,35283.11
SF13452,Gujarat,Raichur,Maize,Kharif,12.55,635.8,25.7,59.5,5.0,6.5,32.6,109.6,42.6,133.5,Drip,173.0,5.98,0.86,3.72,46.69,15934,997273,743958.0,-253315.0,6992,6.678,39.2,-20184.46,79463.98,59279.52
SF13453,Gujarat,Warangal,Chilli,Kharif,11.88,896.9,27.4,68.5,6.4,6.78,33.4,94.7,43.7,106.4,Sprinkler,197.6,0.5,0.76,2.84,33.74,100554,561010,3392692.0,2831682.0,7518,4.488,61.0,238357.07,47223.06,285580.13
SF13454,Madhya Pradesh,Krishna,Wheat,Kharif,14.95,884.5,28.8,80.5,8.1,6.39,35.5,109.3,30.0,65.6,Sprinkler,95.4,4.33,0.84,2.57,38.42,23944,935604,919928.0,-15676.0,7913,4.855,54.7,-1048.56,62582.21,61533.65
SF13455,Maharashtra,Raichur,Maize,Rabi,7.76,441.4,21.1,52.8,7.1,6.52,24.2,156.9,41.6,107.8,Flood,203.7,2.63,0.85,2.84,22.04,22571,571253,497465.0,-73788.0,6067,3.633,49.3,-9508.76,73615.08,64106.31
SF13456,Andhra Pradesh,Indore,Pulses,Rabi,8.56,687.7,21.6,61.4,7.9,7.26,27.8,119.7,54.4,30.0,Rainfed,140.4,3.45,0.69,0.62,5.31,76062,518396,403889.0,-114507.0,1619,3.28,42.9,-13376.99,60560.28,47183.29
SF13457,Punjab,Guntur,Maize,Zaid,14.89,656.5,33.5,44.4,8.4,5.96,31.4,159.8,46.8,133.3,Rainfed,151.5,6.43,0.68,1.61,23.97,15238,711758,365255.0,-346503.0,4735,5.062,36.1,-23270.85,47801.07,24530.22
SF13458,Tamil Nadu,Indore,Sugarcane,Rabi,8.9,407.7,23.6,61.3,7.9,5.2,21.6,73.7,36.9,62.7,Rainfed,260.4,5.36,0.98,2.63,23.41,3606,706465,84416.0,-622049.0,9081,2.578,36.3,-69893.15,79378.09,9484.94
SF13459,Karnataka,Indore,Rice,Rabi,3.87,366.8,23.8,42.0,6.9,6.76,34.5,125.4,45.8,99.0,Rainfed,120.9,4.27,0.79,2.91,11.26,17616,259240,198356.0,-60884.0,3138,3.588,44.9,-15732.3,66987.08,51254.78
SF13460,Gujarat,Ludhiana,Cotton,Rabi,3.58,710.7,21.6,58.7,9.3,7.33,27.2,149.0,55.4,97.0,Drip,187.5,7.96,0.92,1.29,4.62,77531,226478,358193.0,131715.0,2359,1.958,31.4,36791.9,63262.01,100053.91
SF13461,Telangana,Raichur,Wheat,Rabi,5.86,543.9,26.2,60.6,5.7,6.71,27.8,114.3,64.5,160.5,Rainfed,250.7,2.99,0.94,3.26,19.1,23303,391176,445087.0,53911.0,1675,11.403,50.3,9199.83,66753.58,75953.41
SF13462,Madhya Pradesh,Ludhiana,Sugarcane,Rabi,7.27,215.4,21.8,61.6,7.3,6.23,20.6,146.4,37.9,75.7,Sprinkler,40.0,4.5,0.8,43.67,317.48,3575,359117,1134991.0,775874.0,13798,23.009,32.0,106722.7,49397.11,156119.81
SF13463,Tamil Nadu,Nashik,Cotton,Rabi,9.94,471.3,20.5,53.6,9.7,6.31,24.6,129.9,90.0,116.9,Sprinkler,294.1,6.99,0.8,1.2,11.93,68927,833285,822299.0,-10986.0,8469,1.409,19.3,-1105.23,83831.49,82726.26
SF13464,Andhra Pradesh,Warangal,Rice,Zaid,2.35,501.4,28.4,62.8,7.6,6.43,19.0,125.5,52.5,99.2,Sprinkler,170.8,6.12,0.77,3.26,7.66,25267,164583,193545.0,28962.0,3131,2.447,46.6,12324.26,70035.32,82359.57
SF13465,Telangana,Krishna,Sugarcane,Kharif,13.38,1294.7,27.4,71.9,4.7,6.43,31.200000000000003,78.1,39.5,166.3,Drip,176.0,3.9,0.8,54.68,731.62,3345,850560,2447269.0,1596709.0,22024,33.219,56.2,119335.5,63569.51,182905.01
SF13466,Maharashtra,Rajkot,Cotton,Kharif,5.18,944.7,28.0,74.2,6.3,5.82,36.0,84.0,78.5,117.2,Rainfed,146.2,6.03,0.96,0.59,3.06,70076,276990,214433.0,-62557.0,2173,1.408,62.6,-12076.64,53472.97,41396.33
SF13467,Andhra Pradesh,Krishna,Chilli,Zaid,14.35,564.3,33.0,50.3,7.5,7.06,24.1,65.9,33.6,124.8,Flood,258.1,7.14,0.99,1.22,17.51,113614,1082087,1989381.0,907294.0,9392,1.864,39.8,63226.06,75406.76,138632.82
SF13468,Karnataka,Krishna,Wheat,Kharif,10.42,965.1,27.0,72.5,8.7,6.28,32.8,165.5,69.9,57.9,Flood,229.4,6.98,0.72,2.17,22.61,22176,909250,501399.0,-407851.0,7047,3.208,48.8,-39141.17,87260.08,48118.91
SF13469,Telangana,Ludhiana,Chilli,Rabi,2.14,298.5,27.1,59.0,6.9,7.04,17.3,140.4,24.5,120.3,Flood,240.6,6.88,0.66,2.03,4.34,114068,177324,495055.0,317731.0,1937,2.241,27.5,148472.43,82861.68,231334.11
SF13470,Andhra Pradesh,Raichur,Cotton,Kharif,12.17,1121.0,31.0,72.4,6.0,7.39,31.0,135.9,42.2,104.1,Flood,189.7,7.41,0.72,0.85,10.34,64355,833267,665431.0,-167836.0,12063,0.857,46.6,-13790.96,68468.94,54677.98
SF13471,Tamil Nadu,Krishna,Wheat,Rabi,14.78,426.7,26.3,59.9,8.3,6.85,19.1,130.1,54.2,120.3,Sprinkler,151.1,3.32,0.68,3.31,48.92,25382,954072,1241687.0,287615.0,7237,6.76,44.0,19459.74,64551.56,84011.3
SF13472,Andhra Pradesh,Guntur,Maize,Rabi,11.14,359.0,21.8,61.1,7.8,5.92,23.8,131.7,72.7,88.8,Rainfed,244.7,1.8,0.65,1.53,17.04,19261,610976,328207.0,-282769.0,3452,4.936,45.2,-25383.21,54845.24,29462.03
SF13473,Madhya Pradesh,Erode,Rice,Rabi,8.15,432.75,20.5,44.5,7.8,7.07,22.8,106.5,62.8,87.7,Flood,247.6,7.57,0.93,2.31,18.83,21060,670650,396560.0,-274090.0,14659,1.285,34.6,-33630.67,82288.34,48657.67
SF13474,Andhra Pradesh,Nalgonda,Pulses,Rabi,9.97,415.2,24.6,52.7,7.1,6.44,30.0,123.5,71.6,104.6,Rainfed,44.6,6.18,0.73,1.0,9.97,67639,490274,674361.0,184087.0,1572,6.342,36.8,18464.09,49174.92,67639.02
SF13475,Punjab,Nashik,Cotton,Kharif,5.85,808.7,31.8,79.1,7.6,6.43,34.9,133.8,56.9,120.3,Sprinkler,292.8,4.38,0.77,1.8,10.53,55153,485040,580761.0,95721.0,4451,2.366,50.3,16362.56,82912.82,99275.38
SF13476,Telangana,Indore,Maize,Zaid,7.49,366.2,33.0,52.9,8.1,6.08,21.8,134.5,75.6,111.3,Rainfed,209.9,4.43,0.79,1.33,9.96,21082,496374,209977.0,-286397.0,2378,4.188,40.7,-38237.25,66271.56,28034.31
SF13477,Maharashtra,Nashik,Groundnut,Kharif,6.9,1062.8,30.8,85.6,7.9,6.41,29.2,101.9,48.5,148.8,Rainfed,253.6,4.04,0.89,1.37,9.45,53392,423934,504554.0,80620.0,1980,4.773,72.5,11684.06,61439.71,73123.77
SF13478,Karnataka,Raichur,Groundnut,Rabi,4.77,631.2,18.7,57.8,7.5,6.19,21.3,77.7,84.2,125.1,Sprinkler,244.2,3.4,0.97,1.43,6.82,50528,327032,344601.0,17569.0,2328,2.93,49.6,3683.23,68560.17,72243.4
SF13479,Karnataka,Raichur,Maize,Kharif,3.08,1032.1,26.2,62.0,8.1,8.17,43.9,97.5,54.6,127.5,Flood,185.7,5.8,0.84,0.3,0.92,22542,243479,20739.0,-222740.0,1898,0.485,54.6,-72318.18,79051.62,6733.44
SF13480,Punjab,Nashik,Pulses,Kharif,9.53,711.5,29.4,66.9,7.3,7.09,25.7,115.6,56.0,75.4,Sprinkler,136.0,3.88,0.71,1.51,14.39,71925,736305,1035001.0,298696.0,3757,3.83,48.2,31342.71,77261.8,108604.51
SF13481,Karnataka,Raichur,Chilli,Kharif,14.27,819.0,33.0,72.4,6.6,5.41,22.8,163.2,33.0,80.6,Sprinkler,163.5,8.33,0.67,0.3,4.28,100424,944756,429815.0,-514941.0,8333,0.514,41.7,-36085.56,66205.75,30120.18
SF13482,Tamil Nadu,Ludhiana,Wheat,Kharif,13.71,1124.0,24.2,50.7,6.5,7.51,29.1,164.3,70.6,107.8,Drip,180.3,3.28,0.93,1.28,17.55,25567,987676,448701.0,-538975.0,6652,2.638,70.4,-39312.55,72040.55,32728.01
SF13483,Tamil Nadu,Krishna,Sugarcane,Kharif,9.64,746.7,24.8,82.8,6.6,6.62,29.0,165.5,93.1,122.9,Rainfed,204.3,4.23,0.86,77.32,745.36,3462,655393,2580436.0,1925043.0,9874,75.487,63.3,199693.26,67986.83,267680.08
SF13484,Maharashtra,Erode,Rice,Zaid,4.53,285.1,30.3,55.1,7.0,6.33,24.5,119.5,63.2,93.2,Sprinkler,194.2,6.27,0.85,2.16,9.78,22044,319841,215590.0,-104251.0,7503,1.303,42.6,-23013.47,70605.08,47591.61
SF13485,Punjab,Nalgonda,Wheat,Rabi,14.32,687.0,26.0,69.8,8.7,6.53,28.7,168.3,15.0,120.9,Flood,157.7,7.59,0.97,3.4,48.69,22513,1109829,1096158.0,-13671.0,10569,4.607,37.3,-954.68,77502.03,76547.35
SF13486,Gujarat,Nashik,Cotton,Kharif,3.69,765.4,29.0,70.3,5.9,6.63,25.2,114.5,37.4,122.4,Rainfed,220.1,5.87,0.69,1.72,6.35,65315,236367,414750.0,178383.0,1640,3.872,48.1,48342.28,64056.1,112398.37
SF13487,Tamil Nadu,Rajkot,Maize,Rabi,3.05,363.4,18.3,37.5,7.9,6.63,16.2,115.7,69.0,115.9,Sprinkler,157.8,3.96,0.74,2.64,8.05,21030,205867,169292.0,-36575.0,1661,4.846,46.2,-11991.8,67497.38,55505.57
SF13488,Andhra Pradesh,Nalgonda,Sugarcane,Kharif,3.77,1057.4,27.1,62.5,5.2,7.56,25.7,119.7,56.8,127.3,Rainfed,190.5,6.22,0.7,28.09,105.9,2961,272411,313570.0,41159.0,3773,28.068,34.3,10917.51,72257.56,83175.07
SF13489,Andhra Pradesh,Indore,Cotton,Zaid,7.97,264.9,31.2,48.9,8.4,6.45,20.7,148.3,56.8,148.1,Drip,218.9,6.64,0.68,1.64,13.07,60739,614740,793859.0,179119.0,4918,2.658,36.2,22474.15,77131.74,99605.9
SF13490,Andhra Pradesh,Ludhiana,Rice,Zaid,0.8,513.9,28.8,64.5,8.0,7.14,19.8,141.2,48.9,87.4,Rainfed,89.4,11.45,0.7,2.14,1.71,25332,48435,43318.0,-5117.0,647,2.643,31.5,-6396.25,60543.75,54147.5
SF13491,Karnataka,Rajkot,Rice,Rabi,3.39,310.4,21.0,48.0,9.9,6.09,23.3,113.8,71.7,118.5,Flood,266.0,3.77,0.91,1.51,5.12,22232,282941,113828.0,-169113.0,6312,0.811,43.4,-49885.84,83463.42,33577.58
SF13492,Punjab,Warangal,Wheat,Kharif,12.44,601.9,27.2,60.2,8.3,7.66,24.3,97.8,36.7,96.0,Drip,65.9,6.88,0.77,0.94,11.69,23614,680562,276048.0,-404514.0,5818,2.009,31.8,-32517.2,54707.56,22190.35
SF13493,Gujarat,Nalgonda,Rice,Rabi,1.61,526.8,21.5,59.9,7.4,6.26,19.3,149.3,58.1,59.9,Flood,246.4,4.15,0.89,2.37,3.82,21745,117133,83066.0,-34067.0,3119,1.225,46.1,-21159.63,72753.42,51593.79
SF13494,Gujarat,Erode,Pulses,Rabi,9.38,544.5,25.2,56.3,6.8,6.56,31.6,106.6,25.1,109.9,Flood,114.3,6.57,0.95,1.35,12.66,85816,573771,1086431.0,512660.0,4312,2.936,32.3,54654.58,61169.62,115824.2
SF13495,Andhra Pradesh,Warangal,Rice,Kharif,12.09,771.2,30.0,57.4,6.4,6.72,32.8,99.9,46.0,108.9,Flood,233.1,4.57,0.91,3.01,36.39,25389,966630,923906.0,-42724.0,20722,1.756,54.8,-3533.83,79952.85,76419.02
SF13496,Telangana,Raichur,Maize,Kharif,1.03,748.8,28.9,57.7,5.3,6.0,30.7,131.6,49.8,133.8,Flood,176.7,3.89,0.68,2.85,2.94,21130,59066,62122.0,3056.0,597,4.925,57.0,2966.99,57345.63,60312.62
SF13497,Andhra Pradesh,Warangal,Groundnut,Rabi,2.74,202.2,25.7,58.7,7.8,7.35,25.6,72.7,38.7,127.2,Flood,240.2,6.96,0.74,0.89,2.44,58532,181209,142818.0,-38391.0,1830,1.333,29.4,-14011.31,66134.67,52123.36
SF13498,Madhya Pradesh,Krishna,Rice,Kharif,5.42,512.7,22.1,76.6,8.0,6.6,44.1,99.1,27.5,109.0,Sprinkler,267.9,5.79,0.66,3.44,18.64,19243,376442,358690.0,-17752.0,6867,2.714,47.6,-3275.28,69454.24,66178.97
SF13499,Tamil Nadu,Nashik,Rice,Zaid,5.5,289.04999999999995,34.4,47.6,7.1,7.36,24.3,153.2,49.1,132.2,Flood,116.9,6.38,0.69,1.31,7.2,22126,350358,159307.0,-191051.0,10847,0.664,45.4,-34736.55,63701.45,28964.91
SF13500,Tamil Nadu,Erode,Rice,Rabi,4.82,80.0,22.7,47.8,8.0,7.2,36.7,130.8,62.4,138.9,Rainfed,87.3,2.68,0.81,2.38,11.47,23402,279752,268421.0,-11331.0,4516,2.54,25.7,-2350.83,58039.83,55689.0
SF13501,Tamil Nadu,Guntur,Rice,Zaid,3.74,336.4,33.0,46.3,9.0,6.22,22.4,150.2,86.0,133.4,Rainfed,192.7,6.46,0.73,2.19,8.19,21082,180343,172662.0,-7681.0,3368,2.432,36.1,-2053.74,48220.05,46166.31
SF13502,Tamil Nadu,Erode,Sugarcane,Rabi,9.94,426.7,22.2,49.0,8.8,6.32,15.9,122.4,92.5,171.8,Flood,190.2,12.08,0.85,57.26,569.16,3634,631961,2068327.0,1436366.0,22503,25.293,26.5,144503.62,63577.57,208081.19
SF13503,Punjab,Rajkot,Wheat,Kharif,14.84,805.8,31.2,85.9,7.1,7.39,31.9,102.1,34.8,92.3,Sprinkler,187.2,2.65,0.74,1.74,25.82,25069,946134,647282.0,-298852.0,8079,3.196,63.0,-20138.27,63755.66,43617.39
SF13504,Telangana,Indore,Pulses,Rabi,6.98,309.1,25.8,66.6,7.9,6.37,15.9,120.4,60.6,84.0,Flood,107.1,7.81,0.78,1.07,7.47,71686,413696,535494.0,121798.0,3262,2.29,32.6,17449.57,59268.77,76718.34
SF13505,Andhra Pradesh,Ludhiana,Maize,Kharif,3.24,906.8,29.0,80.3,7.4,6.42,29.2,145.5,31.0,103.4,Sprinkler,212.5,4.23,0.98,3.83,12.41,23567,221473,292466.0,70993.0,1641,7.562,46.2,21911.42,68355.86,90267.28
SF13506,Telangana,Rajkot,Chilli,Zaid,1.63,131.1,33.2,53.5,7.6,7.34,21.0,111.4,58.1,73.1,Flood,176.5,3.37,0.78,0.69,1.12,118843,112993,133104.0,20111.0,1307,0.857,49.5,12338.04,69320.86,81658.9
SF13507,Telangana,Nashik,Pulses,Kharif,12.96,870.4,32.1,70.7,6.7,6.44,31.1,108.3,51.3,30.0,Drip,256.2,1.6,0.9,1.32,17.11,63056,829487,1078888.0,249401.0,4545,3.765,68.9,19243.9,64003.63,83247.53
SF13508,Andhra Pradesh,Krishna,Wheat,Zaid,14.75,505.3,33.7,45.7,6.9,6.23,14.5,95.6,58.2,76.7,Rainfed,90.9,1.48,0.81,1.84,27.14,22781,727215,618276.0,-108939.0,3869,7.015,71.6,-7385.69,49302.71,41917.02
SF13509,Gujarat,Krishna,Cotton,Rabi,12.81,466.7,25.8,55.9,7.8,7.14,21.4,171.5,50.7,131.8,Flood,244.4,8.42,0.73,1.56,19.98,67661,1072553,1351867.0,279314.0,11098,1.8,14.7,21804.37,83727.79,105532.16
SF13510,Maharashtra,Nashik,Wheat,Kharif,12.06,854.2,29.3,76.3,8.7,5.85,30.5,147.6,34.1,126.0,Flood,198.0,5.95,0.74,1.11,13.39,25882,915448,346560.0,-568888.0,7890,1.697,50.9,-47171.48,75907.79,28736.32
SF13511,Madhya Pradesh,Warangal,Chilli,Kharif,12.86,1034.6,31.1,60.1,7.4,7.31,26.6,128.1,45.7,151.9,Drip,293.2,6.23,0.82,1.43,18.39,101593,1042712,1868295.0,825583.0,7693,2.39,53.3,64197.74,81081.8,145279.55
SF13512,Gujarat,Raichur,Pulses,Zaid,1.15,220.1,28.2,54.5,8.8,6.64,21.8,163.2,38.9,106.7,Flood,181.7,8.91,0.91,1.01,1.16,71234,78083,82631.0,4548.0,530,2.189,28.9,3954.78,67898.26,71853.04
SF13513,Maharashtra,Guntur,Chilli,Zaid,1.3,115.2,33.5,60.3,5.8,7.88,19.4,89.8,68.0,121.4,Flood,229.1,2.56,0.81,0.3,0.39,76888,84091,29986.0,-54105.0,1074,0.363,42.6,-41619.23,64685.38,23066.15
SF13514,Andhra Pradesh,Rajkot,Groundnut,Rabi,12.76,590.3,22.6,68.1,8.4,5.47,16.6,93.7,55.7,83.7,Rainfed,259.3,2.6,0.65,0.3,3.83,58034,928153,222270.0,-705883.0,3918,0.978,47.6,-55319.98,72739.26,17419.28
SF13515,Madhya Pradesh,Raichur,Cotton,Kharif,11.6,528.3,29.3,56.5,8.2,7.01,30.4,100.7,70.1,118.2,Rainfed,180.3,6.88,0.84,1.67,19.37,66615,647267,1290333.0,643066.0,5189,3.733,34.7,55436.72,55798.88,111235.6
SF13516,Telangana,Warangal,Cotton,Zaid,10.37,249.0,27.7,56.6,8.3,5.88,22.6,133.8,58.4,145.6,Drip,247.0,5.77,0.86,0.49,5.08,68052,806515,345704.0,-460811.0,6330,0.803,27.3,-44436.93,77773.87,33336.93
SF13517,Madhya Pradesh,Erode,Wheat,Zaid,8.96,573.9,30.9,51.7,8.3,6.97,25.7,88.6,71.1,96.8,Drip,183.8,7.69,0.96,2.79,25.0,21837,535984,545925.0,9941.0,4523,5.527,37.1,1109.49,59819.64,60929.13
SF13518,Madhya Pradesh,Indore,Groundnut,Zaid,9.72,131.4,31.2,49.6,6.9,7.23,17.4,77.1,89.0,134.5,Sprinkler,117.3,6.98,0.93,0.89,8.65,47311,508183,409240.0,-98943.0,4876,1.774,26.4,-10179.32,52282.2,42102.88
SF13519,Madhya Pradesh,Rajkot,Cotton,Zaid,11.57,248.2,36.3,41.5,8.4,6.62,19.2,129.5,76.2,118.3,Flood,95.5,3.24,0.73,1.32,15.27,73339,710613,1119887.0,409274.0,12523,1.219,55.0,35373.73,61418.58,96792.31
SF13520,Karnataka,Indore,Wheat,Kharif,8.61,644.7,29.2,82.3,7.8,6.7,31.9,120.9,60.7,63.6,Flood,118.2,5.25,0.92,3.26,28.07,28782,435486,807911.0,372425.0,5523,5.082,55.9,43254.94,50579.09,93834.03
SF13521,Maharashtra,Indore,Wheat,Rabi,9.71,708.8,21.4,55.1,7.1,7.34,33.4,152.8,80.2,116.6,Flood,176.1,3.92,0.93,2.1,20.39,25052,530322,510810.0,-19512.0,6486,3.144,50.6,-2009.47,54616.07,52606.59
SF13522,Gujarat,Nashik,Rice,Zaid,10.18,404.4,33.2,58.0,9.3,6.8,22.4,109.6,54.6,112.8,Flood,257.2,7.4,0.96,2.61,26.57,24232,878058,643844.0,-234214.0,19844,1.339,37.5,-23007.27,86253.24,63245.97
SF13523,Gujarat,Warangal,Groundnut,Zaid,14.43,146.5,29.3,56.5,6.9,6.72,13.8,134.1,69.8,92.6,Drip,157.4,5.61,0.66,1.31,18.9,58197,1088940,1099923.0,10983.0,7046,2.682,32.6,761.12,75463.62,76224.74
SF13524,Karnataka,Nashik,Sugarcane,Kharif,0.82,752.4,29.5,67.5,5.8,6.62,21.9,159.1,120.0,94.0,Flood,297.2,6.61,0.85,91.46,75.0,3898,58030,292350.0,234320.0,1944,38.58,54.4,285756.1,70768.29,356524.39
SF13525,Karnataka,Ludhiana,Cotton,Rabi,6.98,400.8,23.9,58.2,7.5,6.27,20.4,137.8,54.3,93.2,Drip,194.3,7.23,0.92,1.56,10.89,66336,603046,722399.0,119353.0,4844,2.248,31.0,17099.28,86396.28,103495.56
SF13526,Andhra Pradesh,Erode,Sugarcane,Rabi,6.96,772.5,27.9,64.5,7.2,6.76,19.9,166.1,75.7,135.8,Drip,48.3,6.35,0.73,93.13,648.18,2917,419212,1890741.0,1471529.0,10705,60.549,59.9,211426.58,60231.61,271658.19
SF13527,Karnataka,Warangal,Wheat,Kharif,12.74,897.2,28.6,80.3,6.3,6.04,35.5,115.6,77.4,134.5,Flood,257.3,4.06,0.75,1.72,21.91,25778,847558,564796.0,-282762.0,7421,2.952,54.6,-22194.82,66527.32,44332.5
SF13528,Maharashtra,Nalgonda,Cotton,Kharif,6.27,1008.8,28.8,88.5,6.8,6.93,29.3,163.6,57.9,137.1,Drip,204.1,2.69,0.91,2.06,12.92,71444,366389,923056.0,556667.0,4058,3.184,60.5,88782.62,58435.25,147217.86
SF13529,Telangana,Krishna,Chilli,Rabi,3.94,193.3,23.9,71.1,6.7,7.58,30.4,125.8,80.5,131.8,Flood,264.7,5.93,0.85,0.75,2.96,88235,287033,261176.0,-25857.0,3128,0.946,33.3,-6562.69,72851.02,66288.32
SF13530,Andhra Pradesh,Nashik,Chilli,Kharif,9.62,656.0,28.9,70.1,5.3,6.24,30.8,88.9,76.8,102.8,Flood,239.1,5.87,0.69,2.2,21.16,88143,525445,1865106.0,1339661.0,7609,2.781,51.4,139257.9,54620.06,193877.96
SF13531,Andhra Pradesh,Rajkot,Chilli,Rabi,8.61,446.1,26.1,41.8,6.8,7.25,25.6,120.1,35.9,106.4,Sprinkler,161.0,5.6,0.96,1.86,16.01,111729,550116,1788781.0,1238665.0,5474,2.925,36.5,143863.53,63892.68,207756.21
SF13532,Madhya Pradesh,Guntur,Pulses,Kharif,3.34,1094.8,27.9,61.0,6.7,6.39,32.3,64.8,65.2,86.3,Drip,188.5,4.54,0.76,1.23,4.11,64398,225961,264676.0,38715.0,1213,3.388,65.3,11591.32,67652.99,79244.31
SF13533,Gujarat,Raichur,Rice,Rabi,5.32,691.6,25.2,57.9,6.4,7.34,17.4,118.5,45.6,109.8,Flood,98.2,9.32,0.83,2.52,13.41,19851,430779,266202.0,-164577.0,9203,1.457,24.6,-30935.53,80973.5,50037.97
SF13534,Tamil Nadu,Guntur,Wheat,Zaid,2.31,221.5,30.1,57.7,9.2,6.34,8.0,96.1,62.9,86.3,Sprinkler,183.5,1.73,0.65,1.84,4.25,26030,145567,110628.0,-34939.0,1023,4.154,43.8,-15125.11,63016.02,47890.91
SF13535,Punjab,Nashik,Wheat,Kharif,12.59,1090.4,33.5,68.9,6.7,6.22,26.7,79.1,55.9,84.7,Sprinkler,206.8,1.8,1.0,1.7,21.4,21485,1007206,459779.0,-547427.0,7379,2.9,82.8,-43481.1,80000.48,36519.38
SF13536,Tamil Nadu,Erode,Cotton,Rabi,9.46,586.8,24.4,48.7,8.5,6.55,29.1,127.8,77.9,134.8,Flood,167.7,6.1,0.8,1.95,18.45,69021,638291,1273437.0,635146.0,9203,2.005,50.9,67140.17,67472.62,134612.79
SF13537,Karnataka,Warangal,Groundnut,Kharif,13.55,1074.7,29.5,75.6,6.1,7.16,30.5,40.0,17.1,92.1,Rainfed,217.0,5.49,0.93,0.93,12.6,50100,956230,631260.0,-324970.0,3576,3.523,60.0,-23983.03,70570.48,46587.45
SF13538,Karnataka,Warangal,Maize,Rabi,3.14,459.5,27.6,57.9,8.9,7.69,26.0,119.1,55.7,132.8,Rainfed,91.8,8.48,0.75,1.1,3.45,20874,169824,72015.0,-97809.0,774,4.457,42.7,-31149.36,54084.08,22934.71
SF13539,Telangana,Guntur,Chilli,Kharif,8.46,652.4,31.8,68.1,6.1,6.42,29.6,144.0,43.8,100.8,Drip,191.8,5.03,0.76,2.91,24.62,98737,560062,2430905.0,1870843.0,4085,6.027,43.7,221139.83,66201.18,287341.02
SF13540,Telangana,Warangal,Wheat,Kharif,5.47,729.0,30.5,83.2,7.2,6.94,28.3,174.7,53.3,55.3,Flood,124.3,2.39,0.81,3.07,16.79,26333,310754,442131.0,131377.0,4033,4.163,58.0,24017.73,56810.6,80828.34
SF13541,Madhya Pradesh,Indore,Wheat,Rabi,12.08,557.7,24.8,60.6,7.9,5.87,23.1,119.8,64.8,68.0,Flood,45.7,4.54,0.8,1.59,19.21,21277,727819,408731.0,-319088.0,6183,3.107,56.0,-26414.57,60249.92,33835.35
SF13542,Karnataka,Krishna,Cotton,Rabi,2.68,373.6,22.9,39.6,7.5,6.57,21.4,76.3,83.1,56.7,Sprinkler,214.4,2.34,0.77,1.29,3.46,66257,199366,229249.0,29883.0,2122,1.631,31.2,11150.37,74390.3,85540.67
SF13543,Tamil Nadu,Warangal,Pulses,Rabi,13.34,586.6,20.8,55.5,7.4,7.46,22.1,205.8,54.9,130.1,Sprinkler,113.7,5.78,0.75,0.77,10.27,77403,915673,794929.0,-120744.0,5552,1.85,47.6,-9051.27,68641.15,59589.88
SF13544,Andhra Pradesh,Nashik,Groundnut,Kharif,7.34,1183.9,26.1,68.2,8.9,6.12,20.0,81.5,39.0,96.7,Rainfed,245.0,4.42,0.88,1.04,7.63,61074,549356,465995.0,-83361.0,1733,4.403,65.0,-11357.08,74844.14,63487.06
SF13545,Tamil Nadu,Krishna,Maize,Rabi,3.14,431.8,23.1,52.3,7.5,7.0,18.6,72.2,92.9,117.2,Flood,114.1,3.32,0.97,4.16,13.06,20356,187471,265849.0,78378.0,2128,6.137,36.9,24961.15,59704.14,84665.29
SF13546,Karnataka,Krishna,Chilli,Kharif,13.45,658.6,31.6,81.6,7.0,6.36,33.7,40.0,62.4,151.3,Flood,253.4,6.22,0.68,2.34,31.47,111772,1046037,3517465.0,2471428.0,10637,2.959,42.0,183749.29,77772.27,261521.56
SF13547,Tamil Nadu,Ludhiana,Chilli,Kharif,5.3,962.9,29.2,69.1,5.3,5.28,31.2,136.6,54.3,131.4,Rainfed,227.4,4.13,0.75,0.3,1.59,100055,374365,159087.0,-215278.0,1726,0.921,72.2,-40618.49,70634.91,30016.42
SF13548,Karnataka,Nalgonda,Sugarcane,Kharif,5.79,910.2,26.7,65.6,8.1,7.5,35.2,137.1,85.0,86.3,Rainfed,98.5,5.69,0.74,31.83,184.3,3462,400235,638047.0,237812.0,6500,28.354,43.0,41072.88,69125.22,110198.1
SF13549,Tamil Nadu,Guntur,Cotton,Zaid,3.85,132.2,29.5,50.1,7.5,6.14,20.5,130.0,58.1,95.6,Rainfed,180.3,5.83,0.9,0.75,2.89,67828,192372,196023.0,3651.0,1748,1.653,33.8,948.31,49966.75,50915.06
SF13550,Maharashtra,Nashik,Rice,Kharif,10.86,914.6,30.7,69.0,5.6,6.11,30.2,151.4,56.2,120.8,Rainfed,195.4,6.81,0.84,2.31,25.09,21849,599350,548191.0,-51159.0,8960,2.8,57.0,-4710.77,55188.77,50477.99
SF13551,Karnataka,Guntur,Chilli,Rabi,10.85,510.8,28.5,49.9,7.8,6.44,18.6,113.0,44.0,101.5,Drip,77.8,4.24,0.74,2.25,24.41,107081,565093,2613847.0,2048754.0,5491,4.445,41.2,188825.25,52082.3,240907.56
SF13552,Madhya Pradesh,Indore,Cotton,Rabi,1.76,586.6,24.1,49.1,7.7,6.92,24.1,44.7,43.1,103.9,Rainfed,228.3,4.78,0.86,1.3,2.29,69316,131203,158734.0,27531.0,714,3.207,35.7,15642.61,74547.16,90189.77
SF13553,Gujarat,Nalgonda,Cotton,Kharif,11.7,891.7,27.2,80.8,8.0,7.06,30.3,106.2,37.5,87.1,Flood,162.8,6.16,0.67,1.48,17.32,74640,884213,1292765.0,408552.0,11572,1.497,59.3,34918.97,75573.76,110492.74
SF13554,Telangana,Guntur,Groundnut,Kharif,5.17,909.8,31.1,55.3,6.3,5.75,32.5,86.6,71.6,90.8,Rainfed,216.4,3.61,0.66,0.6,3.1,59179,348304,183455.0,-164849.0,1382,2.243,47.4,-31885.69,67370.21,35484.53
SF13555,Telangana,Indore,Wheat,Rabi,5.78,783.6,20.5,42.8,7.0,7.66,26.0,122.9,69.9,145.1,Sprinkler,101.1,5.02,0.97,1.09,6.3,25532,361782,160852.0,-200930.0,3443,1.83,41.4,-34762.98,62592.04,27829.07
SF13556,Punjab,Raichur,Wheat,Zaid,9.22,341.0,33.7,54.9,10.4,7.05,28.9,156.9,41.6,149.8,Rainfed,116.1,4.37,0.8,1.87,17.24,24325,483430,419363.0,-64067.0,2961,5.822,30.7,-6948.7,52432.75,45484.06
SF13557,Tamil Nadu,Nalgonda,Rice,Kharif,10.06,1154.9,26.5,74.1,8.1,6.39,36.4,167.4,55.8,156.2,Drip,205.8,2.82,0.92,3.86,38.83,19929,561999,773843.0,211844.0,11900,3.263,56.1,21058.05,55864.71,76922.76
SF13558,Gujarat,Erode,Rice,Rabi,11.19,585.4,24.0,70.8,6.4,7.91,30.6,135.3,42.9,114.3,Flood,175.1,5.87,0.95,0.63,7.05,20582,710169,145103.0,-565066.0,20102,0.351,49.2,-50497.41,63464.61,12967.2
SF13559,Madhya Pradesh,Indore,Pulses,Kharif,8.76,654.5,28.4,66.1,5.7,7.21,28.9,161.6,68.5,71.5,Drip,122.6,1.61,0.91,1.19,10.42,77383,581076,806331.0,225255.0,2297,4.536,61.8,25714.04,66332.88,92046.92
SF13560,Karnataka,Warangal,Chilli,Kharif,5.85,1099.7,31.3,62.7,6.6,7.27,41.3,127.9,69.9,130.9,Rainfed,119.1,6.95,0.79,1.37,8.01,95018,351187,761094.0,409907.0,1997,4.011,47.3,70069.57,60031.97,130101.54
SF13561,Tamil Nadu,Ludhiana,Wheat,Rabi,5.13,786.5,23.1,59.4,6.9,7.85,28.3,129.1,33.1,98.8,Drip,147.8,4.52,0.69,0.74,3.8,24204,250680,91975.0,-158705.0,2462,1.543,45.8,-30936.65,48865.5,17928.85
SF13562,Punjab,Ludhiana,Chilli,Kharif,14.33,1125.2,24.2,71.6,6.5,5.27,34.7,116.2,66.5,162.6,Sprinkler,134.5,4.53,0.87,0.3,4.3,94931,996733,408203.0,-588530.0,7917,0.543,60.4,-41069.78,69555.69,28485.9
SF13563,Punjab,Nashik,Wheat,Rabi,5.42,378.4,23.5,64.7,7.6,5.63,31.1,123.2,42.3,90.6,Rainfed,212.8,5.63,0.89,0.62,3.36,23767,329714,79857.0,-249857.0,1774,1.894,37.6,-46099.08,60832.84,14733.76
SF13564,Madhya Pradesh,Rajkot,Pulses,Rabi,2.91,150.9,21.4,49.3,6.9,6.84,20.7,118.8,58.5,125.6,Rainfed,270.6,2.5,0.93,0.68,1.98,79701,188974,157808.0,-31166.0,613,3.23,37.5,-10709.97,64939.52,54229.55
SF13565,Punjab,Guntur,Chilli,Rabi,6.98,219.6,19.4,57.6,7.0,6.03,21.1,82.2,50.1,65.7,Sprinkler,244.8,4.57,0.67,0.81,5.65,99017,576706,559446.0,-17260.0,4504,1.254,37.9,-2472.78,82622.64,80149.86
SF13566,Madhya Pradesh,Warangal,Wheat,Kharif,3.37,747.8,29.6,61.2,6.4,7.77,30.0,143.5,40.7,128.6,Rainfed,255.8,8.52,0.68,0.88,2.97,18583,233979,55192.0,-178787.0,930,3.194,32.7,-53052.52,69429.97,16377.45
SF13567,Andhra Pradesh,Warangal,Pulses,Kharif,13.29,769.7,25.0,68.2,5.8,6.32,24.5,111.8,82.4,78.1,Flood,187.6,7.31,0.92,1.26,16.75,59195,961845,991516.0,29671.0,5336,3.139,44.7,2232.58,72373.59,74606.17
SF13568,Punjab,Guntur,Sugarcane,Rabi,8.33,316.2,23.5,64.2,7.3,5.48,27.1,109.4,45.5,103.6,Drip,170.6,4.76,0.88,7.9,65.81,3148,518886,207170.0,-311716.0,14406,4.568,39.1,-37420.89,62291.24,24870.35
SF13569,Karnataka,Ludhiana,Groundnut,Zaid,12.24,427.2,30.8,40.3,7.8,5.84,25.6,145.7,53.8,142.9,Rainfed,188.3,4.67,0.87,0.66,8.08,55352,760767,447244.0,-313523.0,3478,2.323,45.6,-25614.62,62154.17,36539.54
SF13570,Gujarat,Erode,Wheat,Rabi,0.88,353.8,25.8,49.4,6.3,7.88,23.6,104.4,34.2,151.7,Flood,109.7,8.33,0.72,0.46,0.4,26639,58368,10656.0,-47712.0,524,0.763,15.6,-54218.18,66327.27,12109.09
SF13571,Gujarat,Indore,Maize,Kharif,8.55,798.7,25.2,75.1,6.1,8.11,35.2,160.9,61.5,145.5,Sprinkler,190.2,3.26,0.75,0.42,3.59,20748,573939,74485.0,-499454.0,5228,0.687,63.9,-58415.67,67127.37,8711.7
SF13572,Maharashtra,Rajkot,Rice,Kharif,14.77,765.1,25.9,76.1,5.9,6.21,25.5,40.0,40.0,123.6,Rainfed,201.7,9.1,0.86,2.46,36.33,17494,946057,635557.0,-310500.0,11012,3.299,44.5,-21022.34,64052.61,43030.26
SF13573,Madhya Pradesh,Raichur,Chilli,Kharif,4.68,608.1,28.2,79.5,7.9,7.27,37.6,125.5,71.4,111.2,Flood,252.4,5.5,0.92,1.67,7.82,114735,360622,897228.0,536606.0,3862,2.025,57.9,114659.4,77055.98,191715.38
SF13574,Maharashtra,Raichur,Wheat,Zaid,9.17,133.8,27.5,53.5,9.8,6.69,8.0,79.0,52.0,119.7,Rainfed,106.5,5.64,0.66,1.85,16.96,24827,644280,421066.0,-223214.0,2722,6.231,19.5,-24341.77,70259.54,45917.78
SF13575,Gujarat,Guntur,Wheat,Kharif,8.22,964.2,26.5,63.6,6.7,6.18,36.8,96.1,77.0,109.8,Sprinkler,308.9,1.93,0.8,2.37,19.48,24799,522128,483085.0,-39043.0,4122,4.726,62.1,-4749.76,63519.22,58769.46
SF13576,Maharashtra,Rajkot,Cotton,Rabi,4.3,546.2,21.8,45.3,8.4,5.98,22.3,160.1,60.3,149.3,Drip,166.3,4.46,1.0,0.95,4.08,64898,235656,264784.0,29128.0,2901,1.406,41.0,6773.95,54803.72,61577.67
SF13577,Karnataka,Raichur,Pulses,Kharif,10.48,789.2,29.1,76.9,6.0,6.5,29.6,41.7,54.3,77.9,Flood,91.5,2.7,0.89,1.07,11.21,71535,534418,801907.0,267489.0,4881,2.297,50.9,25523.76,50994.08,76517.84
SF13578,Andhra Pradesh,Erode,Wheat,Rabi,6.92,80.0,23.5,63.1,6.7,7.55,24.8,155.5,15.0,105.7,Flood,222.3,4.51,0.89,0.79,5.47,23098,507803,126346.0,-381457.0,5287,1.035,41.9,-55123.84,73381.94,18258.09
SF13579,Punjab,Ludhiana,Rice,Kharif,1.41,839.9000000000001,27.7,82.6,7.0,6.42,32.0,148.3,62.8,136.5,Flood,248.5,4.03,0.77,3.77,5.32,19999,106402,106395.0,-7.0,2141,2.485,61.5,-4.96,75462.41,75457.45
SF13580,Telangana,Rajkot,Wheat,Kharif,11.99,632.0,27.5,82.7,6.3,7.12,33.8,133.9,43.6,116.6,Drip,253.4,6.23,0.76,3.32,39.81,24334,865108,968737.0,103629.0,6114,6.511,57.7,8642.95,72152.46,80795.41
SF13581,Madhya Pradesh,Indore,Chilli,Rabi,13.6,473.1,22.2,57.8,5.7,7.37,20.6,174.2,76.4,131.8,Sprinkler,273.9,5.76,0.85,1.52,20.67,99958,1028732,2066132.0,1037400.0,9649,2.142,40.6,76279.41,75642.06,151921.47
SF13582,Maharashtra,Krishna,Sugarcane,Rabi,14.65,459.8,26.3,75.6,7.2,6.11,29.3,134.1,58.4,116.6,Sprinkler,233.4,4.66,0.66,47.8,700.27,2905,966704,2034284.0,1067580.0,26779,26.15,46.2,72872.35,65986.62,138858.98
SF13583,Madhya Pradesh,Nalgonda,Rice,Kharif,1.23,600.7,27.3,64.8,6.5,6.55,38.2,77.6,59.9,157.2,Flood,158.5,5.47,0.75,4.16,5.12,20447,73114,104689.0,31575.0,2412,2.123,45.2,25670.73,59442.28,85113.01
SF13584,Telangana,Warangal,Chilli,Kharif,8.2,692.5,30.9,58.5,5.8,6.59,35.9,70.2,73.4,104.5,Drip,92.4,4.52,0.72,2.78,22.8,105503,549777,2405468.0,1855691.0,5253,4.34,42.3,226303.78,67045.98,293349.76
SF13585,Andhra Pradesh,Warangal,Rice,Kharif,11.53,618.4,30.5,63.2,6.5,6.96,33.7,146.6,54.2,88.9,Sprinkler,61.7,7.98,0.87,4.35,50.16,22542,710974,1130707.0,419733.0,17997,2.787,44.1,36403.56,61662.97,98066.52
SF13586,Gujarat,Rajkot,Wheat,Kharif,11.09,526.9,29.0,63.5,6.6,6.76,30.3,91.6,67.0,104.9,Rainfed,56.0,3.18,0.74,2.63,29.17,20408,410160,595301.0,185141.0,2899,10.062,53.9,16694.41,36984.67,53679.08
SF13587,Punjab,Krishna,Chilli,Zaid,9.93,80.0,34.3,46.0,9.7,6.07,15.0,180.3,61.1,139.0,Drip,108.4,1.37,0.95,1.09,10.82,99182,482371,1073149.0,590778.0,5290,2.045,53.2,59494.26,48577.14,108071.4
SF13588,Tamil Nadu,Raichur,Cotton,Zaid,6.69,497.3,32.9,57.7,7.5,6.24,24.7,105.8,48.6,155.2,Sprinkler,170.2,7.04,0.73,1.28,8.56,70693,498665,605132.0,106467.0,4688,1.826,32.4,15914.35,74538.86,90453.21
SF13589,Andhra Pradesh,Warangal,Maize,Kharif,3.38,1134.6,28.0,66.4,7.3,7.33,27.1,151.2,74.1,120.0,Rainfed,183.6,6.95,0.9,2.16,7.3,23848,211229,174090.0,-37139.0,1063,6.867,51.6,-10987.87,62493.79,51505.92
SF13590,Maharashtra,Guntur,Cotton,Rabi,11.17,439.8,25.2,55.3,8.7,5.77,23.9,62.6,50.8,105.8,Sprinkler,112.2,1.97,0.7,0.6,6.7,74421,749367,498621.0,-250746.0,7176,0.934,59.1,-22448.16,67087.47,44639.3
SF13591,Karnataka,Raichur,Cotton,Kharif,7.56,1088.0,27.9,72.7,6.5,7.51,40.6,167.8,55.7,53.4,Rainfed,222.7,4.11,0.66,0.79,5.97,65503,479839,391053.0,-88786.0,2611,2.286,64.3,-11744.18,63470.77,51726.59
SF13592,Telangana,Indore,Wheat,Kharif,6.32,1176.9,23.5,73.6,5.0,6.68,31.8,96.9,52.8,101.1,Rainfed,300.6,1.83,0.79,2.12,13.4,23382,459913,313319.0,-146594.0,1979,6.771,61.5,-23195.25,72771.04,49575.79
SF13593,Karnataka,Indore,Rice,Kharif,4.19,698.7,27.7,62.4,7.7,5.74,31.6,108.1,67.1,76.3,Flood,219.1,3.89,0.85,1.51,6.33,24439,299234,154699.0,-144535.0,7404,0.855,47.0,-34495.23,71416.23,36921.0
SF13594,Gujarat,Guntur,Rice,Rabi,6.63,457.0,25.2,74.2,6.3,6.52,39.9,125.3,20.8,84.3,Flood,109.2,6.98,0.82,3.19,21.15,21300,424258,450495.0,26237.0,11849,1.785,34.6,3957.32,63990.65,67947.96
SF13595,Madhya Pradesh,Warangal,Rice,Zaid,7.2,484.9,32.7,59.3,8.7,6.81,24.2,154.4,54.5,80.8,Flood,140.7,2.86,0.84,3.17,22.82,25015,424350,570842.0,146492.0,12776,1.786,53.8,20346.11,58937.5,79283.61
SF13596,Madhya Pradesh,Krishna,Pulses,Kharif,14.2,816.7,28.3,72.2,8.0,6.86,20.0,152.4,32.2,90.8,Drip,250.3,1.4,0.83,1.69,24.0,82946,1110632,1990704.0,880072.0,4653,5.158,62.6,61976.9,78213.52,140190.42
SF13597,Madhya Pradesh,Nalgonda,Chilli,Rabi,11.74,593.2,23.3,60.0,7.4,7.02,26.0,150.1,67.0,110.4,Drip,115.6,8.59,0.66,2.23,26.18,111224,761807,2911844.0,2150037.0,4494,5.826,33.1,183137.73,64889.86,248027.6
SF13598,Telangana,Nalgonda,Wheat,Rabi,6.9,495.5,27.8,48.8,7.6,7.69,22.6,64.7,86.1,56.1,Rainfed,203.1,5.79,0.93,0.89,6.14,25009,475282,153555.0,-321727.0,1911,3.213,52.8,-46627.1,68881.45,22254.35
SF13599,Maharashtra,Krishna,Rice,Kharif,2.16,876.5,32.7,64.6,5.4,7.5,34.7,135.3,64.3,137.2,Rainfed,304.8,3.01,0.88,1.59,3.43,20811,145138,71382.0,-73756.0,1766,1.942,64.2,-34146.3,67193.52,33047.22
SF13600,Andhra Pradesh,Ludhiana,Pulses,Rabi,1.3,633.4,21.8,67.3,7.9,7.85,27.8,62.1,51.5,136.0,Flood,186.5,3.31,0.82,0.3,0.39,77283,78921,30140.0,-48781.0,539,0.724,48.3,-37523.85,60708.46,23184.62
SF13601,Andhra Pradesh,Rajkot,Pulses,Kharif,7.32,919.8,27.7,74.7,5.6,6.87,27.0,129.5,62.3,47.9,Flood,152.1,4.18,0.93,1.54,11.27,76876,462332,866393.0,404061.0,3345,3.369,60.9,55199.59,63160.11,118359.7
SF13602,Madhya Pradesh,Warangal,Groundnut,Kharif,9.01,841.6,32.1,59.2,6.8,7.07,34.3,143.6,90.1,109.1,Sprinkler,255.0,4.77,0.67,1.52,13.7,67986,654168,931408.0,277240.0,4726,2.899,56.9,30770.26,72604.66,103374.92
SF13603,Maharashtra,Ludhiana,Rice,Kharif,7.26,830.3,30.3,84.5,6.1,6.81,30.1,83.1,64.0,123.8,Rainfed,280.3,3.13,0.7,3.93,28.53,20400,543394,582012.0,38618.0,7092,4.023,77.2,5319.28,74847.66,80166.94
SF13604,Andhra Pradesh,Nalgonda,Cotton,Zaid,11.78,465.0,31.1,62.6,7.1,7.18,23.0,159.0,53.8,121.7,Drip,162.1,5.8,0.71,1.32,15.55,71271,860365,1108264.0,247899.0,7120,2.184,37.8,21044.06,73036.08,94080.14
SF13605,Madhya Pradesh,Nashik,Wheat,Kharif,8.96,1063.1,26.5,71.4,6.9,7.25,29.3,104.2,30.7,87.4,Flood,116.9,8.65,0.82,1.79,16.04,22573,670876,362071.0,-308805.0,6126,2.618,53.0,-34464.84,74874.55,40409.71
SF13606,Telangana,Indore,Maize,Rabi,10.54,343.4,22.4,64.8,7.7,7.06,17.2,101.1,61.7,107.0,Drip,218.4,3.3,0.79,2.69,28.35,21596,823511,612247.0,-211264.0,4875,5.815,36.2,-20044.02,78131.97,58087.95
SF13607,Tamil Nadu,Indore,Pulses,Kharif,12.29,922.7,28.6,71.6,7.2,6.8,28.7,108.4,51.9,81.7,Rainfed,135.6,5.31,0.74,1.31,16.1,75387,771535,1213731.0,442196.0,2293,7.021,61.1,35980.15,62777.46,98757.61
SF13608,Madhya Pradesh,Nashik,Wheat,Kharif,1.02,939.4,29.4,69.3,8.2,7.19,31.0,148.4,55.1,82.3,Flood,225.2,3.79,0.95,2.27,2.32,17667,65729,40987.0,-24742.0,732,3.169,55.1,-24256.86,64440.2,40183.33
SF13609,Gujarat,Ludhiana,Wheat,Rabi,5.57,1046.8,23.4,50.6,8.5,5.84,21.5,131.9,72.1,137.8,Flood,75.4,5.61,0.74,1.01,5.63,23064,286155,129850.0,-156305.0,3793,1.484,60.5,-28061.94,51374.33,23312.39
SF13610,Karnataka,Indore,Pulses,Rabi,12.48,512.8,22.8,53.6,7.2,6.51,25.1,110.1,70.3,111.6,Drip,200.1,4.48,0.74,1.24,15.48,73482,872263,1137501.0,265238.0,4793,3.23,44.5,21253.04,69892.87,91145.91
SF13611,Karnataka,Ludhiana,Maize,Rabi,12.67,468.8,24.3,51.9,6.2,7.49,22.0,105.2,59.8,105.3,Sprinkler,151.5,2.77,0.81,1.64,20.78,18763,641815,389895.0,-251920.0,8035,2.586,52.2,-19883.19,50656.27,30773.09
SF13612,Karnataka,Rajkot,Cotton,Rabi,14.41,519.2,25.1,40.5,8.7,6.28,28.7,126.7,40.9,100.0,Rainfed,256.9,4.19,0.96,0.98,14.12,62305,999668,879747.0,-119921.0,5368,2.63,35.2,-8322.07,69373.21,61051.15
SF13613,Karnataka,Warangal,Rice,Kharif,10.66,1013.7,23.5,82.4,6.9,6.9,35.2,78.7,54.1,126.6,Drip,250.3,6.28,0.69,3.79,40.4,21488,732865,868115.0,135250.0,14066,2.872,45.6,12687.62,68749.06,81436.68
SF13614,Madhya Pradesh,Krishna,Maize,Zaid,11.61,172.8,29.7,58.3,8.3,7.21,18.0,135.0,71.7,100.0,Rainfed,141.5,4.55,0.86,1.55,18.0,18604,735965,334872.0,-401093.0,4025,4.472,47.5,-34547.2,63390.61,28843.41
SF13615,Punjab,Ludhiana,Groundnut,Rabi,3.38,354.4,22.3,78.8,5.5,6.79,31.5,132.0,62.9,50.2,Flood,109.6,0.64,0.78,1.37,4.63,53498,157237,247696.0,90459.0,2317,1.998,57.8,26763.02,46519.82,73282.84
SF13616,Telangana,Rajkot,Chilli,Rabi,2.95,577.3,21.2,54.8,7.6,7.14,24.7,179.2,63.8,59.9,Rainfed,176.8,5.88,0.74,1.62,4.78,128978,181463,616515.0,435052.0,862,5.545,38.8,147475.25,61512.88,208988.14
SF13617,Madhya Pradesh,Raichur,Chilli,Kharif,3.91,826.6,34.0,81.9,6.7,7.24,33.4,122.5,71.2,122.4,Drip,123.4,2.84,0.94,1.6,6.26,105826,192748,662471.0,469723.0,2047,3.058,63.0,120133.76,49296.16,169429.92
SF13618,Andhra Pradesh,Ludhiana,Wheat,Rabi,7.87,442.4,21.3,64.4,7.6,6.44,26.3,86.0,53.4,76.6,Rainfed,278.8,7.62,0.91,2.31,18.18,20456,557349,371890.0,-185459.0,2322,7.829,24.6,-23565.31,70819.44,47254.13
SF13619,Tamil Nadu,Ludhiana,Maize,Kharif,14.68,939.6,30.2,63.7,4.8,6.53,32.7,107.3,35.4,104.2,Rainfed,233.3,2.44,0.95,3.03,44.48,17696,971729,787118.0,-184611.0,5014,8.871,69.1,-12575.68,66194.07,53618.39
SF13620,Madhya Pradesh,Erode,Cotton,Rabi,13.21,260.2,20.6,59.3,9.0,8.1,26.7,109.6,82.1,96.6,Flood,206.6,5.39,0.92,0.3,3.96,71775,909275,284229.0,-625046.0,11326,0.35,32.5,-47316.12,68832.32,21516.2
SF13621,Karnataka,Raichur,Chilli,Zaid,7.02,122.5,34.7,59.9,8.9,7.5,16.3,126.1,43.7,105.0,Flood,158.5,6.68,1.0,0.56,3.93,111575,374980,438490.0,63510.0,5660,0.694,47.7,9047.01,53415.95,62462.96
SF13622,Telangana,Nalgonda,Pulses,Rabi,13.8,574.5,24.8,46.9,8.3,6.74,17.2,123.7,63.1,105.0,Drip,219.7,6.95,0.89,1.8,24.84,76600,827571,1902744.0,1075173.0,5221,4.758,28.2,77911.09,59968.91,137880.0
SF13623,Telangana,Nashik,Sugarcane,Kharif,6.64,879.1,30.8,81.0,7.3,6.28,42.6,185.6,88.9,102.3,Flood,55.0,5.04,0.89,61.72,409.82,3723,525034,1525760.0,1000726.0,13830,29.633,57.3,150711.75,79071.39,229783.13
SF13624,Telangana,Nalgonda,Maize,Rabi,9.46,565.8,19.8,49.2,9.5,6.19,27.8,113.8,39.0,78.6,Flood,204.3,3.53,0.95,2.16,20.43,19338,646776,395075.0,-251701.0,7160,2.853,33.0,-26606.87,68369.56,41762.68
SF13625,Maharashtra,Nashik,Wheat,Rabi,2.43,491.3,22.7,47.4,7.3,6.81,28.7,76.1,24.8,143.5,Drip,195.0,4.77,0.93,2.99,7.27,24371,155689,177177.0,21488.0,1145,6.349,42.1,8842.8,64069.55,72912.35
SF13626,Punjab,Krishna,Maize,Rabi,13.47,439.1,19.5,54.5,7.0,5.7,25.9,58.2,51.9,117.2,Flood,246.6,8.88,0.7,0.97,13.07,17330,1207553,226503.0,-981050.0,9675,1.351,27.7,-72832.22,89647.59,16815.37
SF13627,Karnataka,Guntur,Rice,Rabi,11.06,359.1,22.2,49.1,7.4,5.31,24.6,138.8,76.5,59.4,Flood,100.8,5.38,0.85,0.3,3.32,20480,549703,67994.0,-481709.0,22616,0.147,30.0,-43554.16,49701.9,6147.74
SF13628,Madhya Pradesh,Guntur,Cotton,Zaid,10.53,261.1,33.1,42.5,8.6,6.96,18.3,93.3,65.1,164.7,Rainfed,198.3,5.69,0.83,0.85,8.95,68815,638873,615894.0,-22979.0,4321,2.071,34.6,-2182.24,60671.7,58489.46
SF13629,Gujarat,Nashik,Chilli,Kharif,6.55,650.4,30.2,72.9,6.6,7.95,28.7,123.2,46.0,126.3,Flood,202.7,4.07,0.65,0.44,2.88,103177,423847,297150.0,-126697.0,4450,0.647,65.1,-19343.05,64709.47,45366.41
SF13630,Karnataka,Warangal,Rice,Kharif,12.85,934.0,27.0,59.2,6.1,7.7,42.1,86.6,82.9,105.6,Flood,206.9,4.28,0.92,1.25,16.06,24483,970268,393197.0,-577071.0,27548,0.583,49.4,-44908.25,75507.24,30598.99
SF13631,Maharashtra,Nalgonda,Groundnut,Kharif,5.92,748.5,28.0,83.0,6.7,6.83,24.4,150.7,57.2,99.4,Drip,241.8,2.66,0.77,2.66,15.75,51041,346554,803896.0,457342.0,2293,6.869,58.7,77253.72,58539.53,135793.24
SF13632,Telangana,Erode,Pulses,Rabi,10.88,281.7,16.7,60.3,5.9,5.92,16.8,104.9,63.1,120.2,Rainfed,294.2,3.07,0.67,0.34,3.7,72179,724500,267062.0,-457438.0,2437,1.518,50.2,-42043.93,66590.07,24546.14
SF13633,Madhya Pradesh,Krishna,Rice,Kharif,2.36,1136.7,25.9,71.6,7.2,6.55,16.7,57.6,61.1,154.2,Flood,164.0,2.86,0.92,2.93,6.91,22240,176694,153678.0,-23016.0,5772,1.197,71.6,-9752.54,74870.34,65117.8
SF13634,Maharashtra,Guntur,Cotton,Zaid,12.78,514.1,28.5,58.9,8.5,7.4,13.3,64.2,89.2,96.2,Flood,107.5,8.28,0.73,0.83,10.61,69795,948263,740525.0,-207738.0,12156,0.873,34.3,-16254.93,74198.98,57944.05
SF13635,Madhya Pradesh,Nashik,Rice,Zaid,14.02,80.0,32.3,46.4,9.2,5.9,29.3,117.8,92.5,90.6,Rainfed,40.0,3.91,0.7,0.94,13.18,21417,620149,282276.0,-337873.0,12057,1.093,32.0,-24099.36,44233.17,20133.81
SF13636,Karnataka,Rajkot,Sugarcane,Rabi,12.8,601.1,23.4,57.4,8.7,5.97,34.9,156.2,83.9,89.4,Flood,122.1,10.07,0.83,38.97,498.82,3768,843592,1879554.0,1035962.0,29601,16.851,42.2,80934.53,65905.62,146840.16
SF13637,Andhra Pradesh,Nalgonda,Cotton,Zaid,14.86,250.1,28.1,56.9,8.5,6.09,13.8,152.4,63.2,127.5,Rainfed,175.1,4.71,0.8,0.83,12.33,74500,1060049,918585.0,-141464.0,6269,1.967,40.0,-9519.78,71335.73,61815.95
SF13638,Karnataka,Indore,Chilli,Rabi,9.42,318.6,21.2,71.9,7.2,7.47,26.4,97.7,64.1,150.3,Sprinkler,176.3,4.3,0.76,0.99,9.33,103731,488471,967810.0,479339.0,5618,1.661,44.4,50885.24,51854.67,102739.92
SF13639,Telangana,Nashik,Cotton,Zaid,9.43,393.2,29.2,53.5,8.8,6.51,17.6,96.3,58.2,112.7,Drip,136.7,3.74,0.86,1.6,15.09,57694,618933,870602.0,251669.0,5435,2.776,39.4,26688.12,65634.46,92322.59
SF13640,Gujarat,Guntur,Groundnut,Zaid,5.31,403.3,30.3,60.1,7.6,6.62,22.4,142.6,61.8,92.0,Drip,166.5,5.33,0.69,2.0,10.62,65523,408759,695854.0,287095.0,2019,5.26,37.6,54066.85,76979.1,131045.95
SF13641,Madhya Pradesh,Warangal,Rice,Kharif,3.89,1004.3,29.2,78.4,5.7,6.89,33.4,191.2,70.5,96.8,Flood,163.2,5.89,0.99,3.64,14.16,21845,247901,309325.0,61424.0,7152,1.98,46.1,15790.23,63727.76,79517.99
SF13642,Karnataka,Rajkot,Groundnut,Rabi,1.81,342.5,23.5,60.2,7.4,7.47,18.5,122.6,42.2,110.1,Sprinkler,122.2,6.17,0.72,0.86,1.56,52079,94482,81243.0,-13239.0,798,1.955,26.3,-7314.36,52200.0,44885.64
SF13643,Madhya Pradesh,Guntur,Rice,Rabi,11.48,258.1,26.0,59.6,9.9,7.42,27.9,130.5,35.1,111.5,Flood,235.5,2.84,0.71,1.59,18.25,18460,776519,336895.0,-439624.0,22383,0.815,36.7,-38294.77,67641.03,29346.25
SF13644,Gujarat,Indore,Groundnut,Kharif,9.96,827.5,28.5,72.5,6.1,7.6,30.4,68.4,54.7,119.9,Drip,210.4,3.6,0.91,0.66,6.57,54691,733833,359320.0,-374513.0,4145,1.585,61.3,-37601.71,73678.01,36076.31
SF13645,Punjab,Raichur,Chilli,Kharif,4.59,689.7,34.0,70.9,7.5,6.18,30.7,152.6,38.8,78.4,Drip,223.0,4.44,0.87,1.93,8.86,129256,349839,1145208.0,795369.0,2649,3.345,52.7,173283.01,76217.65,249500.65
SF13646,Maharashtra,Erode,Wheat,Rabi,8.07,562.3,26.2,39.4,9.2,7.34,28.1,120.0,50.5,86.8,Sprinkler,282.2,0.5,0.89,2.5,20.18,22532,573160,454696.0,-118464.0,4292,4.702,52.3,-14679.55,71023.54,56343.99
SF13647,Tamil Nadu,Erode,Chilli,Kharif,10.49,891.4,28.2,70.1,7.7,6.52,30.2,123.7,49.6,78.7,Rainfed,233.9,9.74,0.65,2.1,22.03,116330,711490,2562750.0,1851260.0,3545,6.214,38.8,176478.55,67825.55,244304.1
SF13648,Gujarat,Nashik,Groundnut,Kharif,3.82,985.6,28.7,78.2,6.9,7.93,26.7,115.6,34.3,79.8,Drip,192.4,7.4,0.78,0.3,1.15,61474,208876,70695.0,-138181.0,1849,0.622,39.4,-36173.04,54679.58,18506.54
SF13649,Madhya Pradesh,Nalgonda,Maize,Kharif,13.1,915.8,31.8,75.3,7.7,7.03,35.6,133.1,75.5,116.7,Rainfed,202.9,2.13,0.71,2.63,34.45,21283,872413,733199.0,-139214.0,3286,10.484,69.8,-10627.02,66596.41,55969.39
SF13650,Telangana,Indore,Pulses,Kharif,10.31,951.7,32.8,74.0,7.2,6.49,31.0,86.9,42.2,102.7,Drip,191.1,7.06,0.75,1.17,12.06,61558,738870,742389.0,3519.0,3590,3.359,52.1,341.32,71665.37,72006.69
SF13651,Telangana,Nashik,Rice,Kharif,4.37,1093.0,26.8,72.3,6.3,6.92,30.8,146.6,86.0,69.2,Sprinkler,129.6,7.01,0.87,4.23,18.49,16874,280280,312000.0,31720.0,7361,2.512,54.5,7258.58,64137.3,71395.88
SF13652,Telangana,Nalgonda,Chilli,Rabi,4.24,560.8,22.5,62.9,6.5,5.69,21.9,114.0,71.1,146.7,Drip,238.8,3.08,0.93,0.62,2.63,98792,295412,259823.0,-35589.0,2211,1.19,45.8,-8393.63,69672.64,61279.01
SF13653,Maharashtra,Guntur,Wheat,Zaid,8.8,380.9,32.3,52.6,8.9,6.68,21.0,99.2,51.8,87.6,Sprinkler,192.2,4.97,0.72,2.3,20.24,25982,655879,525876.0,-130003.0,3759,5.384,34.3,-14773.07,74531.7,59758.64
SF13654,Telangana,Rajkot,Sugarcane,Rabi,11.36,530.6,20.7,59.6,6.3,7.01,21.9,198.6,45.3,101.7,Flood,199.2,7.51,0.81,61.04,693.41,3776,772543,2618316.0,1845773.0,22238,31.181,30.9,162480.02,68005.55,230485.56
SF13655,Telangana,Rajkot,Pulses,Kharif,2.61,727.4,31.9,72.4,7.5,6.9,32.0,96.4,58.7,103.2,Rainfed,138.2,2.05,0.69,1.16,3.03,72898,142695,220881.0,78186.0,547,5.539,67.7,29956.32,54672.41,84628.74
SF13656,Andhra Pradesh,Raichur,Cotton,Rabi,13.16,744.8,25.0,53.9,7.5,7.23,34.5,68.9,37.1,81.5,Flood,256.6,6.08,0.93,1.25,16.45,54182,1010434,891294.0,-119140.0,12685,1.297,38.5,-9053.19,76780.7,67727.51
SF13657,Tamil Nadu,Ludhiana,Groundnut,Kharif,13.05,850.4,28.5,73.4,6.7,6.82,37.1,127.1,73.5,120.1,Flood,175.9,2.62,0.77,1.92,25.06,55315,679680,1386194.0,706514.0,6860,3.653,61.2,54139.0,52082.76,106221.76
SF13658,Karnataka,Warangal,Rice,Zaid,6.0,342.1,34.1,67.0,8.6,6.41,21.6,108.8,78.9,100.2,Drip,167.8,5.74,0.92,2.58,15.48,22389,437507,346582.0,-90925.0,7745,1.999,42.1,-15154.17,72917.83,57763.67
SF13659,Tamil Nadu,Raichur,Pulses,Zaid,3.42,234.2,24.9,44.0,7.9,7.72,24.6,74.3,61.1,90.1,Flood,173.5,5.3,0.78,0.3,1.03,66723,225956,68725.0,-157231.0,1531,0.673,28.9,-45973.98,66069.01,20095.03
SF13660,Telangana,Ludhiana,Pulses,Kharif,13.13,1114.4,28.4,70.9,6.1,6.12,31.4,72.7,47.9,121.5,Flood,180.7,4.52,0.67,0.8,10.5,72084,753541,756882.0,3341.0,5000,2.1,62.7,254.46,57390.78,57645.24
SF13661,Punjab,Erode,Wheat,Zaid,12.97,224.7,26.7,51.3,6.5,6.79,16.9,142.0,51.5,117.9,Flood,185.7,4.64,0.78,2.5,32.43,25531,1006857,827970.0,-178887.0,9304,3.486,37.4,-13792.37,77629.68,63837.32
SF13662,Tamil Nadu,Erode,Maize,Rabi,13.82,478.9,28.3,47.8,8.4,6.53,30.8,143.7,41.5,127.8,Flood,150.4,3.51,0.81,4.13,57.08,21651,771682,1235839.0,464157.0,10546,5.412,49.1,33585.89,55838.06,89423.95
SF13663,Maharashtra,Indore,Wheat,Rabi,2.35,481.6,27.4,53.3,7.5,6.26,29.6,120.8,54.0,106.7,Rainfed,200.8,3.9,0.7,2.18,5.12,25450,177056,130304.0,-46752.0,716,7.151,34.1,-19894.47,75342.98,55448.51
SF13664,Madhya Pradesh,Krishna,Maize,Zaid,7.55,80.0,32.7,54.1,6.2,6.92,14.6,151.9,48.4,112.9,Rainfed,194.8,3.6,0.73,2.13,16.08,19351,403695,311164.0,-92531.0,2505,6.419,41.7,-12255.76,53469.54,41213.77
SF13665,Madhya Pradesh,Krishna,Maize,Rabi,12.16,341.4,26.6,62.5,6.7,7.64,26.0,140.8,15.0,83.5,Drip,249.7,6.65,0.84,1.17,14.23,25764,945402,366622.0,-578780.0,7302,1.949,20.8,-47597.04,77746.88,30149.84
SF13666,Karnataka,Rajkot,Wheat,Kharif,1.38,532.2,27.9,85.6,9.5,7.35,25.0,162.8,68.4,101.9,Drip,249.2,4.18,0.67,2.94,4.06,23159,86841,94026.0,7185.0,695,5.842,50.4,5206.52,62928.26,68134.78
SF13667,Punjab,Nashik,Pulses,Zaid,5.57,402.0,30.6,51.6,8.0,7.4,16.4,108.4,46.1,108.4,Flood,237.0,6.05,0.74,0.61,3.4,69510,390429,236334.0,-154095.0,2399,1.417,40.3,-27665.17,70094.97,42429.8
SF13668,Telangana,Erode,Wheat,Rabi,1.93,460.95000000000005,24.8,68.7,8.4,7.49,23.7,150.4,33.9,159.4,Sprinkler,123.1,6.92,0.87,1.44,2.78,25999,132805,72277.0,-60528.0,1026,2.71,33.7,-31361.66,68810.88,37449.22
SF13669,Madhya Pradesh,Indore,Sugarcane,Rabi,1.94,598.1,28.3,54.3,8.6,6.94,16.8,145.2,53.0,107.6,Rainfed,121.9,8.44,0.8,69.95,135.7,3610,114465,489877.0,375412.0,1932,70.238,40.4,193511.34,59002.58,252513.92
SF13670,Maharashtra,Indore,Pulses,Rabi,1.22,327.2,20.7,53.6,6.2,7.12,23.8,121.5,59.1,100.4,Sprinkler,106.3,8.68,0.66,0.88,1.07,68439,75969,73230.0,-2739.0,478,2.238,21.5,-2245.08,62269.67,60024.59
SF13671,Gujarat,Nalgonda,Wheat,Kharif,2.95,650.0,32.6,57.6,6.0,5.23,36.6,125.6,76.2,80.4,Rainfed,192.3,8.2,0.72,0.3,0.88,20480,185571,18022.0,-167549.0,774,1.137,47.5,-56796.27,62905.42,6109.15
SF13672,Punjab,Nashik,Pulses,Rabi,1.86,390.4,22.4,48.2,7.1,6.14,26.1,100.1,34.1,68.5,Flood,198.0,5.93,0.83,0.66,1.23,72468,144240,89136.0,-55104.0,832,1.478,23.2,-29625.81,77548.39,47922.58
SF13673,Andhra Pradesh,Nalgonda,Maize,Rabi,14.06,470.4,21.1,52.9,6.7,6.9,18.1,111.9,54.8,93.3,Flood,120.1,6.4,0.83,3.96,55.68,20181,799347,1123678.0,324331.0,11253,4.948,34.3,23067.64,56852.56,79920.2
SF13674,Madhya Pradesh,Warangal,Sugarcane,Kharif,4.99,890.1,28.6,66.5,5.6,7.0,34.6,111.3,31.6,80.8,Flood,153.5,1.45,0.87,61.12,304.99,3576,233565,1090644.0,857079.0,9991,30.526,62.2,171759.32,46806.61,218565.93
SF13675,Madhya Pradesh,Ludhiana,Pulses,Kharif,12.65,753.6,28.1,74.5,9.2,6.13,24.8,152.8,39.6,103.7,Drip,200.2,5.74,0.8,1.27,16.07,65662,750207,1055188.0,304981.0,4182,3.843,55.2,24109.17,59304.9,83414.07
SF13676,Punjab,Ludhiana,Sugarcane,Zaid,7.16,80.0,29.6,56.8,8.0,8.14,12.9,40.0,48.2,106.1,Flood,193.4,3.55,0.69,3.09,22.12,3782,480099,83658.0,-396441.0,17590,1.258,32.5,-55368.85,67052.93,11684.08
SF13677,Madhya Pradesh,Nalgonda,Cotton,Rabi,13.03,633.7,26.3,53.1,7.8,7.45,26.5,146.0,56.5,118.7,Rainfed,129.9,6.01,0.99,1.02,13.29,62913,786581,836114.0,49533.0,5077,2.618,27.9,3801.46,60366.92,64168.38
SF13678,Gujarat,Ludhiana,Rice,Zaid,5.63,143.5,31.0,46.2,8.4,7.11,18.1,95.6,53.4,97.4,Drip,164.3,5.36,0.8,1.57,8.84,23476,390389,207528.0,-182861.0,7060,1.252,34.3,-32479.75,69340.85,36861.1
SF13679,Tamil Nadu,Guntur,Maize,Kharif,7.53,991.1,28.5,86.4,5.7,7.58,36.1,117.8,46.1,93.3,Rainfed,130.6,5.59,0.7,1.61,12.12,21610,417711,261913.0,-155798.0,2191,5.532,61.7,-20690.31,55472.91,34782.6
SF13680,Gujarat,Nalgonda,Wheat,Kharif,2.42,1155.7,30.6,73.4,6.3,7.18,29.0,102.0,87.4,147.9,Sprinkler,218.9,8.06,0.77,2.0,4.84,23766,160924,115027.0,-45897.0,1161,4.169,48.6,-18965.7,66497.52,47531.82
SF13681,Maharashtra,Ludhiana,Maize,Rabi,10.07,446.8,21.7,62.7,7.0,6.62,26.7,115.1,69.4,124.0,Sprinkler,222.5,5.16,0.98,4.19,42.19,19278,837110,813339.0,-23771.0,4261,9.901,41.2,-2360.58,83129.1,80768.52
SF13682,Maharashtra,Krishna,Pulses,Rabi,2.6,489.9,23.1,74.5,6.7,7.11,23.7,117.5,67.7,42.5,Rainfed,189.0,3.66,0.89,0.97,2.52,68818,160278,173421.0,13143.0,613,4.111,48.7,5055.0,61645.38,66700.38
SF13683,Telangana,Warangal,Maize,Kharif,6.22,933.4,26.7,71.6,7.3,5.21,27.2,95.2,50.0,76.3,Drip,99.1,3.63,0.78,0.3,1.87,20598,355638,38518.0,-317120.0,2739,0.683,48.8,-50983.92,57176.53,6192.6
SF13684,Telangana,Ludhiana,Chilli,Kharif,13.48,596.5,28.3,68.8,7.0,6.98,26.6,87.2,43.8,117.5,Flood,229.2,4.96,0.93,2.61,35.18,115429,1027679,4060792.0,3033113.0,10363,3.395,49.8,225008.38,76237.31,301245.7
SF13685,Gujarat,Rajkot,Wheat,Rabi,9.99,487.4,21.6,57.0,6.8,7.1,34.7,162.2,48.8,131.3,Drip,170.2,5.18,0.82,2.7,26.97,20937,539716,564671.0,24955.0,4729,5.703,47.8,2498.0,54025.63,56523.62
SF13686,Tamil Nadu,Ludhiana,Pulses,Kharif,5.23,723.4,25.5,74.2,7.4,7.52,31.5,74.7,50.0,119.2,Sprinkler,159.7,6.26,0.8,0.6,3.14,58683,324274,184265.0,-140009.0,1603,1.959,48.7,-26770.36,62002.68,35232.31
SF13687,Tamil Nadu,Nashik,Wheat,Kharif,14.24,1005.9,27.9,68.1,7.2,6.81,29.5,111.8,42.6,49.9,Rainfed,222.4,2.23,0.8,2.36,33.61,22162,962398,744865.0,-217533.0,4375,7.682,54.6,-15276.19,67584.13,52307.94
SF13688,Madhya Pradesh,Krishna,Groundnut,Rabi,4.29,710.6,20.6,61.6,7.2,6.25,33.7,200.8,67.7,122.3,Flood,200.5,5.79,0.82,1.61,6.91,59407,327060,410502.0,83442.0,2688,2.571,46.5,19450.35,76237.76,95688.11
SF13689,Madhya Pradesh,Krishna,Pulses,Rabi,8.74,484.7,22.2,56.5,7.8,6.96,20.8,136.9,28.5,50.6,Sprinkler,153.7,3.47,0.73,0.9,7.87,74245,546227,584308.0,38081.0,3437,2.29,60.8,4357.09,62497.37,66854.46
SF13690,Gujarat,Raichur,Maize,Kharif,10.92,582.8,28.3,72.3,5.8,7.37,35.4,90.9,60.9,57.2,Drip,198.6,4.15,0.81,2.97,32.43,19887,730482,644935.0,-85547.0,5274,6.149,47.3,-7833.97,66893.96,59059.98
SF13691,Gujarat,Krishna,Cotton,Rabi,1.78,646.7,25.3,52.8,6.9,6.86,35.1,114.2,59.5,139.9,Sprinkler,236.9,3.46,0.67,1.94,3.45,48963,124602,168922.0,44320.0,1406,2.454,41.4,24898.88,70001.12,94900.0
SF13692,Punjab,Indore,Chilli,Rabi,1.5,506.1,22.2,58.9,7.8,5.61,28.2,188.2,55.8,103.8,Drip,278.9,5.76,0.92,0.73,1.1,96598,101665,106258.0,4593.0,721,1.526,33.7,3062.0,67776.67,70838.67
SF13693,Telangana,Indore,Wheat,Zaid,8.95,80.0,28.3,56.2,9.1,7.27,16.7,132.5,40.7,92.2,Rainfed,203.1,4.14,0.92,1.11,9.93,25076,637139,249005.0,-388134.0,2921,3.4,34.2,-43366.93,71188.72,27821.79
SF13694,Punjab,Erode,Maize,Rabi,9.28,281.2,26.8,61.1,6.8,6.83,26.7,128.8,30.7,76.3,Rainfed,243.3,3.73,0.92,3.0,27.84,21718,672796,604629.0,-68167.0,2980,9.342,49.6,-7345.58,72499.57,65153.99
SF13695,Tamil Nadu,Krishna,Groundnut,Kharif,5.63,689.6,23.2,74.7,7.8,7.48,26.3,169.4,70.8,107.7,Sprinkler,201.8,2.93,0.92,1.04,5.86,53589,341046,314032.0,-27014.0,2652,2.21,54.0,-4798.22,60576.55,55778.33
SF13696,Maharashtra,Nashik,Sugarcane,Rabi,8.82,854.8,20.8,45.4,9.4,7.76,21.4,110.7,32.5,72.9,Flood,207.6,4.4,0.86,13.65,120.39,3306,666793,398009.0,-268784.0,21048,5.72,50.0,-30474.38,75600.11,45125.74
SF13697,Maharashtra,Ludhiana,Groundnut,Rabi,13.92,408.4,23.8,55.3,7.3,6.39,26.2,113.6,74.7,124.6,Rainfed,125.8,6.61,0.8,1.8,25.06,49864,762454,1249592.0,487138.0,4317,5.805,28.8,34995.55,54773.99,89769.54
SF13698,Telangana,Indore,Maize,Kharif,12.28,975.5,27.8,63.2,7.5,6.88,26.0,56.4,65.6,87.0,Rainfed,186.8,2.93,0.84,3.36,41.26,19624,854741,809686.0,-45055.0,4209,9.803,69.0,-3668.97,69604.32,65935.34
SF13699,Maharashtra,Ludhiana,Wheat,Rabi,3.18,546.1,25.7,72.0,7.5,7.07,30.1,129.4,51.0,81.8,Rainfed,215.2,2.13,0.78,2.82,8.97,24213,236503,217191.0,-19312.0,1005,8.925,53.8,-6072.96,74372.01,68299.06
SF13700,Madhya Pradesh,Ludhiana,Maize,Kharif,1.76,1160.0,31.2,72.2,7.2,5.65,25.4,137.5,61.0,137.4,Sprinkler,240.4,5.83,0.82,0.68,1.2,23373,135667,28048.0,-107619.0,922,1.302,59.0,-61147.16,77083.52,15936.36
SF13701,Andhra Pradesh,Rajkot,Cotton,Kharif,9.09,687.4,28.2,72.6,7.3,6.69,24.7,113.5,47.3,49.4,Flood,179.2,4.22,0.66,2.04,18.54,62499,589126,1158731.0,569605.0,9866,1.879,53.2,62662.82,64810.34,127473.16
SF13702,Tamil Nadu,Nashik,Pulses,Kharif,13.46,991.6,27.2,73.1,8.4,7.58,40.2,117.7,36.0,128.9,Rainfed,312.5,5.03,0.99,0.47,6.33,72132,1147428,456596.0,-690832.0,2546,2.486,60.6,-51324.81,85247.25,33922.44
SF13703,Madhya Pradesh,Warangal,Maize,Rabi,8.48,266.8,21.6,59.8,7.9,6.85,22.4,125.0,68.0,54.1,Rainfed,266.8,7.68,0.85,2.38,20.18,23782,623018,479921.0,-143097.0,3035,6.649,31.8,-16874.65,73469.1,56594.46
SF13704,Telangana,Warangal,Chilli,Kharif,10.06,839.5,25.1,67.1,5.5,5.34,27.6,123.1,55.8,133.0,Drip,271.6,8.89,0.95,0.3,3.02,93434,847520,282171.0,-565349.0,5424,0.557,33.5,-56197.71,84246.52,28048.81
SF13705,Tamil Nadu,Ludhiana,Wheat,Kharif,10.29,817.1,24.5,85.5,7.0,7.2,33.5,90.2,47.9,101.1,Flood,234.5,4.38,0.76,2.61,26.86,24053,569163,646064.0,76901.0,7892,3.403,58.3,7473.37,55312.24,62785.62
SF13706,Punjab,Erode,Maize,Rabi,9.74,432.9,25.2,57.9,7.8,7.26,24.1,126.2,37.1,102.7,Sprinkler,161.7,5.15,0.99,2.26,22.01,20907,636698,460163.0,-176535.0,4349,5.061,37.5,-18124.74,65369.4,47244.66
SF13707,Karnataka,Nashik,Rice,Rabi,12.74,737.1,24.2,51.5,7.0,5.94,21.4,161.6,46.6,143.5,Sprinkler,157.3,4.19,0.97,2.0,25.48,20717,808043,527869.0,-280174.0,18891,1.349,47.7,-21991.68,63425.67,41433.99
SF13708,Telangana,Erode,Maize,Rabi,13.07,117.5,22.7,63.6,7.1,6.94,13.8,58.3,97.2,142.4,Flood,134.8,5.19,0.99,2.39,31.24,18965,782003,592467.0,-189536.0,10931,2.858,43.1,-14501.61,59831.91,45330.3
SF13709,Tamil Nadu,Raichur,Sugarcane,Rabi,10.27,668.1,24.6,72.6,6.6,6.43,25.5,88.7,80.7,39.2,Rainfed,137.7,3.92,0.8,61.02,626.68,3114,596534,1951482.0,1354948.0,8318,75.34,59.5,131932.62,58085.1,190017.72
SF13710,Gujarat,Ludhiana,Pulses,Kharif,4.82,1021.3,28.3,77.2,6.2,8.19,41.1,169.2,46.8,121.6,Flood,227.2,7.34,0.68,0.3,1.45,64793,376224,93950.0,-282274.0,2149,0.675,46.5,-58563.07,78054.77,19491.7
SF13711,Telangana,Krishna,Wheat,Kharif,2.61,1086.6,28.6,65.9,6.8,7.76,31.1,68.6,88.3,101.5,Rainfed,99.1,4.31,0.77,0.53,1.38,25298,158833,34911.0,-123922.0,822,1.679,64.9,-47479.69,60855.56,13375.86
SF13712,Madhya Pradesh,Guntur,Sugarcane,Zaid,1.41,391.0,35.0,46.5,10.7,6.81,14.5,106.1,85.3,108.3,Sprinkler,239.0,4.89,0.82,45.29,63.86,3452,107264,220445.0,113181.0,2240,28.509,40.7,80270.21,76073.76,156343.97
SF13713,Madhya Pradesh,Nalgonda,Wheat,Kharif,13.38,463.6,26.5,75.0,5.5,6.18,44.3,129.2,66.5,44.5,Flood,161.9,6.74,0.72,2.28,30.51,24064,978322,734193.0,-244129.0,8951,3.409,32.1,-18245.81,73118.24,54872.42
SF13714,Telangana,Nalgonda,Chilli,Kharif,4.3,386.8,29.2,84.4,6.8,5.99,31.7,121.9,67.9,154.5,Flood,280.2,3.82,0.68,1.25,5.38,101613,269252,546678.0,277426.0,3259,1.651,57.9,64517.67,62616.74,127134.42
SF13715,Punjab,Ludhiana,Chilli,Zaid,14.09,109.4,32.0,49.0,7.1,7.89,24.5,107.6,66.1,87.6,Drip,146.0,4.11,0.75,0.3,4.23,96116,900733,406571.0,-494162.0,7232,0.585,34.6,-35071.82,63927.11,28855.29
SF13716,Madhya Pradesh,Guntur,Wheat,Kharif,3.06,898.5,27.9,69.8,6.2,6.78,37.4,130.5,68.4,30.0,Flood,277.1,7.18,0.7,3.71,11.35,25563,221696,290140.0,68444.0,2310,4.913,45.1,22367.32,72449.67,94816.99
SF13717,Gujarat,Rajkot,Chilli,Kharif,8.81,882.2,26.6,76.4,6.3,7.04,32.7,102.7,51.2,63.9,Drip,244.0,6.87,0.86,2.47,21.76,88929,584497,1935095.0,1350598.0,4574,4.757,47.9,153302.84,66344.72,219647.56
SF13718,Telangana,Ludhiana,Cotton,Kharif,4.74,634.9,29.3,66.1,6.5,7.08,30.9,107.9,49.9,131.2,Flood,163.8,3.42,0.74,1.72,8.15,79579,323569,648569.0,325000.0,4562,1.786,52.4,68565.4,68263.5,136828.9
SF13719,Maharashtra,Warangal,Wheat,Kharif,12.68,931.2,28.2,74.5,6.2,6.2,35.9,127.0,53.2,90.3,Sprinkler,160.2,4.42,0.91,2.3,29.16,25863,793339,754165.0,-39174.0,5934,4.914,66.3,-3089.43,62566.17,59476.74
SF13720,Andhra Pradesh,Raichur,Maize,Rabi,3.12,356.9,21.4,57.3,7.3,5.79,25.2,109.5,63.9,99.3,Rainfed,266.6,1.94,0.71,1.27,3.96,22789,255532,90244.0,-165288.0,1122,3.529,44.1,-52976.92,81901.28,28924.36
SF13721,Andhra Pradesh,Guntur,Wheat,Kharif,9.17,741.3,28.5,74.3,6.2,7.28,18.2,114.0,51.6,115.2,Rainfed,80.6,5.96,0.89,2.01,18.43,24972,513313,460234.0,-53079.0,2601,7.086,39.2,-5788.33,55977.43,50189.09
SF13722,Madhya Pradesh,Erode,Maize,Kharif,1.99,725.2,23.6,76.8,5.4,6.76,37.7,159.9,58.2,115.7,Sprinkler,197.0,3.81,0.67,5.15,10.25,20143,138101,206466.0,68365.0,1235,8.3,59.0,34354.27,69397.49,103751.76
SF13723,Punjab,Rajkot,Chilli,Rabi,2.84,359.2,26.4,54.0,7.4,5.2,24.2,123.0,39.5,61.0,Flood,150.7,3.86,0.73,0.3,0.85,102848,195903,87421.0,-108482.0,2435,0.349,46.5,-38197.89,68979.93,30782.04
SF13724,Gujarat,Ludhiana,Cotton,Rabi,7.03,525.8,23.7,59.9,6.8,7.5,31.7,75.6,51.5,142.6,Flood,245.9,3.46,0.91,0.67,4.71,58979,509034,277791.0,-231243.0,7563,0.623,52.6,-32893.74,72408.82,39515.08
SF13725,Punjab,Krishna,Wheat,Rabi,10.22,591.5,25.9,53.3,7.3,6.65,18.4,89.1,31.4,115.8,Flood,131.7,5.68,0.96,3.33,34.03,24707,771339,840779.0,69440.0,7440,4.574,38.7,6794.52,75473.48,82268.0
SF13726,Karnataka,Nalgonda,Cotton,Kharif,14.95,961.9,29.8,60.1,6.8,7.08,30.9,115.2,77.5,80.6,Rainfed,260.0,3.3,0.68,1.33,19.88,70588,1108443,1403289.0,294846.0,6538,3.041,58.8,19722.14,74143.34,93865.48
SF13727,Gujarat,Nashik,Chilli,Rabi,9.96,283.6,21.0,62.7,7.2,7.3,22.7,144.6,80.3,30.0,Flood,241.9,7.18,0.92,1.28,12.75,115832,704685,1476858.0,772173.0,5728,2.226,34.9,77527.41,70751.51,148278.92
SF13728,Madhya Pradesh,Warangal,Sugarcane,Kharif,3.23,1038.1,30.5,75.7,9.0,6.41,25.7,140.1,55.1,79.2,Rainfed,111.6,3.43,0.91,51.28,165.63,3361,189587,556682.0,367095.0,3102,53.395,53.9,113651.7,58695.67,172347.37
SF13729,Tamil Nadu,Krishna,Wheat,Rabi,1.45,492.9,24.6,58.9,7.4,6.32,18.7,178.5,66.0,150.1,Flood,156.3,10.53,0.86,2.83,4.1,24286,93240,99573.0,6333.0,1104,3.714,24.9,4367.59,64303.45,68671.03
SF13730,Andhra Pradesh,Warangal,Pulses,Kharif,6.39,713.7,23.7,83.5,6.7,5.95,33.8,107.5,15.0,97.4,Rainfed,147.8,6.13,0.75,0.7,4.47,63242,415828,282692.0,-133136.0,1374,3.253,56.8,-20835.05,65074.8,44239.75
SF13731,Andhra Pradesh,Rajkot,Groundnut,Kharif,2.75,571.8,27.4,54.7,6.4,7.08,26.6,140.0,53.0,119.1,Flood,205.3,5.21,0.73,1.84,5.06,54971,182401,278153.0,95752.0,1605,3.153,47.9,34818.91,66327.64,101146.55
SF13732,Telangana,Erode,Cotton,Rabi,8.73,237.9,27.0,45.2,6.6,6.6,28.7,113.7,49.4,130.1,Rainfed,253.9,5.35,0.83,1.02,8.9,79008,577634,703171.0,125537.0,3306,2.692,47.3,14379.95,66166.55,80546.51
SF13733,Maharashtra,Nashik,Groundnut,Rabi,3.24,408.4,22.5,66.8,7.8,7.8,22.5,112.4,50.0,95.0,Sprinkler,108.7,3.58,0.88,0.38,1.23,58046,171207,71397.0,-99810.0,1737,0.708,52.8,-30805.56,52841.67,22036.11
SF13734,Gujarat,Guntur,Groundnut,Kharif,6.71,1077.0,24.1,56.8,6.8,5.85,20.7,157.6,63.5,115.7,Sprinkler,114.9,7.8,0.89,0.84,5.64,60540,477324,341446.0,-135878.0,3327,1.695,38.3,-20250.07,71136.21,50886.14
SF13735,Karnataka,Indore,Chilli,Rabi,0.86,299.0,18.9,59.5,7.9,5.57,32.0,86.8,90.7,111.4,Sprinkler,186.9,4.55,0.85,0.43,0.37,102233,57002,37826.0,-19176.0,495,0.747,37.1,-22297.67,66281.4,43983.72
SF13736,Telangana,Indore,Wheat,Rabi,7.77,250.9,24.4,59.1,8.0,7.61,10.8,139.1,104.7,66.8,Flood,152.9,3.94,0.95,0.91,7.07,23808,494055,168323.0,-325732.0,5671,1.247,53.6,-41921.75,63584.94,21663.19
SF13737,Maharashtra,Rajkot,Wheat,Kharif,14.17,946.2,28.0,84.8,5.5,7.49,36.9,82.1,73.2,64.6,Sprinkler,209.1,5.29,0.68,1.13,16.01,23888,988738,382447.0,-606291.0,6994,2.289,62.9,-42786.94,69776.85,26989.91
SF13738,Punjab,Nalgonda,Pulses,Rabi,12.29,307.6,26.4,55.8,5.9,7.54,20.3,158.6,51.5,135.1,Flood,199.8,6.54,0.71,0.47,5.78,71219,828958,411646.0,-417312.0,6327,0.914,33.0,-33955.41,67449.8,33494.39
SF13739,Madhya Pradesh,Ludhiana,Wheat,Zaid,9.74,98.0,32.1,51.1,7.7,6.88,25.0,111.1,73.4,118.6,Rainfed,169.5,7.57,0.66,1.33,12.95,21720,539446,281274.0,-258172.0,3139,4.126,24.6,-26506.37,55384.6,28878.23
SF13740,Andhra Pradesh,Nalgonda,Wheat,Kharif,2.03,875.0,29.9,78.2,10.3,6.64,22.6,174.6,97.2,140.1,Rainfed,131.1,9.22,0.97,3.08,6.25,24525,85543,153281.0,67738.0,618,10.113,40.2,33368.47,42139.41,75507.88
SF13741,Madhya Pradesh,Nalgonda,Pulses,Zaid,8.99,573.5,33.5,56.3,7.2,8.09,19.5,148.0,36.9,95.5,Flood,77.1,5.64,0.95,0.3,2.7,80243,471891,216656.0,-255235.0,3623,0.745,38.2,-28390.99,52490.66,24099.67
SF13742,Karnataka,Warangal,Maize,Rabi,13.3,466.4,23.1,64.8,6.6,6.85,20.4,125.8,31.8,102.4,Flood,184.3,9.54,0.93,3.87,51.47,23930,873014,1231677.0,358663.0,9687,5.313,29.8,26967.14,65640.15,92607.29
SF13743,Gujarat,Rajkot,Pulses,Kharif,14.52,832.9,31.0,82.5,6.4,6.84,34.5,131.0,67.0,105.4,Rainfed,233.1,4.97,0.95,1.33,19.31,64823,876630,1251732.0,375102.0,3144,6.142,58.1,25833.47,60373.97,86207.44
SF13744,Andhra Pradesh,Rajkot,Rice,Kharif,3.2,989.6,27.8,63.1,7.5,6.71,28.7,119.5,57.1,112.1,Flood,175.0,4.9,0.98,3.91,12.51,22957,194578,287192.0,92614.0,6831,1.831,48.1,28941.88,60805.62,89747.5
SF13745,Andhra Pradesh,Krishna,Cotton,Rabi,10.23,726.8,21.2,41.7,7.9,6.35,26.4,90.2,55.2,83.1,Drip,243.5,1.56,0.93,1.47,15.04,71964,782296,1082339.0,300043.0,6248,2.407,55.0,29329.72,76470.77,105800.49
SF13746,Gujarat,Indore,Wheat,Kharif,3.71,983.3,28.2,73.5,6.6,6.97,31.0,117.8,51.4,72.3,Sprinkler,230.6,6.15,0.91,2.99,11.09,23712,259956,262966.0,3010.0,1672,6.633,56.4,811.32,70069.0,70880.32
SF13747,Andhra Pradesh,Guntur,Maize,Kharif,5.5,711.1,30.0,76.6,7.0,6.38,32.7,123.0,42.6,96.5,Rainfed,193.9,7.94,0.98,4.38,24.09,17878,295760,430681.0,134921.0,1709,14.096,41.1,24531.09,53774.55,78305.64
SF13748,Maharashtra,Raichur,Groundnut,Kharif,7.53,861.9,29.4,75.1,6.5,6.77,40.5,133.8,37.0,76.0,Flood,172.1,5.86,0.99,2.14,16.11,72373,558036,1165929.0,607893.0,4435,3.632,53.4,80729.48,74108.37,154837.85
SF13749,Karnataka,Erode,Groundnut,Rabi,0.56,80.0,24.7,60.5,7.1,6.28,25.3,93.3,37.0,94.0,Rainfed,101.5,4.99,0.97,1.08,0.6,50756,33641,30454.0,-3187.0,128,4.688,30.0,-5691.07,60073.21,54382.14
SF13750,Andhra Pradesh,Krishna,Pulses,Rabi,10.73,589.2,21.2,70.8,7.2,6.59,19.5,104.7,32.7,135.4,Rainfed,338.8,4.79,0.85,1.05,11.27,54879,945279,618486.0,-326793.0,2144,5.257,41.8,-30456.01,88096.83,57640.82
SF13751,Maharashtra,Krishna,Sugarcane,Kharif,14.99,633.2,29.0,82.1,6.2,7.13,28.9,149.3,46.9,77.5,Sprinkler,257.7,5.78,0.72,70.28,1053.5,3393,1013796,3574526.0,2560730.0,26177,40.245,48.6,170829.22,67631.49,238460.71
SF13752,Tamil Nadu,Nalgonda,Maize,Rabi,12.54,487.0,21.5,45.3,7.8,7.28,24.5,92.0,47.4,72.6,Flood,226.3,6.52,0.96,2.14,26.84,17868,851104,479577.0,-371527.0,9907,2.709,39.4,-29627.35,67871.13,38243.78
SF13753,Andhra Pradesh,Erode,Maize,Kharif,2.21,682.2,30.5,71.4,8.1,7.07,36.1,122.4,32.5,112.2,Drip,160.4,5.66,0.91,4.51,9.97,21464,118118,213996.0,95878.0,1284,7.765,61.3,43383.71,53447.06,96830.77
SF13754,Telangana,Erode,Pulses,Rabi,4.78,782.7,25.9,66.2,7.4,6.9,18.8,124.1,54.9,116.9,Sprinkler,237.4,5.05,0.85,1.86,8.89,71380,357778,634568.0,276790.0,1806,4.922,41.6,57905.86,74848.95,132754.81
SF13755,Telangana,Krishna,Rice,Kharif,6.21,899.0,29.2,70.9,8.1,6.9,25.1,75.8,55.3,82.1,Rainfed,295.6,5.83,0.76,2.72,16.89,20534,477767,346819.0,-130948.0,5151,3.279,56.4,-21086.63,76935.1,55848.47
SF13756,Tamil Nadu,Indore,Cotton,Kharif,3.13,652.2,31.8,78.1,6.5,7.43,34.5,110.2,53.3,94.2,Sprinkler,216.0,3.38,0.67,1.06,3.32,74096,190980,245999.0,55019.0,2004,1.657,56.0,17577.96,61015.97,78593.93
SF13757,Gujarat,Nalgonda,Maize,Zaid,4.59,303.8,29.0,34.7,8.1,6.53,17.1,143.5,67.7,120.1,Rainfed,192.3,5.54,0.96,2.95,13.54,20487,253179,277394.0,24215.0,1504,9.003,32.2,5275.6,55158.82,60434.42
SF13758,Tamil Nadu,Krishna,Chilli,Rabi,12.38,921.0,24.3,70.9,7.0,6.02,20.7,113.2,60.9,111.2,Rainfed,146.3,3.55,0.97,1.17,14.48,119905,708945,1736224.0,1027279.0,4290,3.375,58.9,82978.92,57265.35,140244.26
SF13759,Gujarat,Warangal,Pulses,Kharif,13.25,541.2,28.6,87.0,6.2,7.07,32.6,99.0,51.8,79.3,Drip,156.9,3.27,0.74,1.35,17.89,57901,737900,1035849.0,297949.0,3676,4.867,65.6,22486.72,55690.57,78177.28
SF13760,Andhra Pradesh,Indore,Pulses,Rabi,6.11,451.7,24.8,52.1,6.3,7.08,27.3,121.3,91.6,157.6,Sprinkler,190.5,3.72,0.8,1.31,8.0,73269,340193,586152.0,245959.0,2571,3.112,30.1,40255.16,55678.07,95933.22
SF13761,Andhra Pradesh,Krishna,Rice,Kharif,12.32,1021.4,29.7,60.8,6.6,6.33,24.3,169.6,36.9,62.7,Drip,185.4,3.65,0.75,3.35,41.27,21581,865956,890648.0,24692.0,16800,2.457,58.3,2004.22,70288.64,72292.86
SF13762,Telangana,Nalgonda,Maize,Zaid,10.75,373.2,28.2,57.5,7.1,6.93,21.3,89.2,75.1,92.3,Flood,234.6,4.92,0.91,3.45,37.09,17927,727637,664912.0,-62725.0,6579,5.638,50.4,-5834.88,67687.16,61852.28
SF13763,Maharashtra,Nalgonda,Wheat,Kharif,14.4,966.9,31.2,70.9,6.1,7.04,22.3,44.3,66.9,124.3,Flood,242.8,3.53,0.71,2.36,33.98,22411,1097473,761526.0,-335947.0,9398,3.616,62.8,-23329.65,76213.4,52883.75
SF13764,Karnataka,Nashik,Chilli,Kharif,12.29,811.5,25.5,85.6,6.7,7.55,33.4,135.1,68.9,90.6,Flood,154.0,5.89,0.84,1.08,13.27,108354,768783,1437858.0,669075.0,8638,1.536,53.0,54440.6,62553.54,116994.14
SF13765,Maharashtra,Krishna,Wheat,Zaid,7.91,578.0,28.7,30.4,7.7,7.13,15.0,147.5,49.6,118.0,Drip,141.0,7.21,0.67,2.63,20.8,23306,621538,484765.0,-136773.0,3311,6.282,21.7,-17291.15,78576.23,61285.08
SF13766,Punjab,Indore,Rice,Kharif,13.17,502.1,24.6,65.6,5.3,6.28,32.5,146.7,54.0,106.6,Drip,221.9,7.47,0.71,3.5,46.1,21802,817890,1005072.0,187182.0,20758,2.221,34.2,14212.76,62102.51,76315.26
SF13767,Punjab,Erode,Wheat,Kharif,1.05,684.7,27.8,70.8,7.2,6.16,35.4,72.1,30.2,136.4,Sprinkler,258.4,6.61,0.72,2.46,2.58,31517,70306,81314.0,11008.0,468,5.513,46.0,10483.81,66958.1,77441.9
SF13768,Telangana,Krishna,Cotton,Rabi,5.83,492.7,20.4,53.0,8.7,5.34,26.3,140.2,25.3,121.2,Rainfed,183.0,4.52,0.88,0.3,1.75,69367,377638,121392.0,-256246.0,2450,0.714,47.6,-43953.0,64774.96,20821.96
SF13769,Madhya Pradesh,Nalgonda,Groundnut,Rabi,1.14,254.6,22.1,57.2,7.7,6.8,27.7,113.4,71.7,92.1,Drip,217.2,4.47,0.68,1.58,1.8,55997,69245,100795.0,31550.0,486,3.704,38.0,27675.44,60741.23,88416.67
SF13770,Telangana,Guntur,Rice,Kharif,7.92,831.9,26.0,68.8,6.9,6.68,30.4,176.0,52.6,103.2,Flood,82.9,5.27,0.88,3.94,31.2,23699,556085,739409.0,183324.0,13308,2.344,42.4,23146.97,70212.75,93359.72
SF13771,Maharashtra,Krishna,Pulses,Rabi,14.76,192.0,23.6,74.2,8.1,6.87,29.9,164.0,46.4,67.1,Drip,312.5,6.58,0.71,1.22,18.01,74603,1346419,1343600.0,-2819.0,5252,3.429,33.5,-190.99,91220.8,91029.81
SF13772,Gujarat,Guntur,Pulses,Kharif,3.81,959.5,29.2,66.5,6.2,7.17,22.2,71.1,53.8,77.8,Rainfed,238.7,6.38,0.69,0.77,2.93,59723,254041,174988.0,-79053.0,747,3.922,57.5,-20748.82,66677.43,45928.61
SF13773,Madhya Pradesh,Warangal,Rice,Rabi,14.7,197.2,23.1,65.4,7.8,6.31,19.5,198.0,65.3,108.8,Sprinkler,253.6,4.15,0.73,2.5,36.75,22176,948751,814968.0,-133783.0,20380,1.803,37.4,-9100.88,64540.88,55440.0
SF13774,Maharashtra,Erode,Groundnut,Rabi,11.87,356.0,23.3,65.4,8.7,6.58,25.3,120.8,70.2,98.0,Flood,155.7,3.28,0.91,2.11,25.05,56103,648343,1405380.0,757037.0,7120,3.518,43.0,63777.34,54620.3,118397.64
SF13775,Maharashtra,Indore,Pulses,Kharif,6.71,866.4,30.2,57.2,6.9,7.39,28.5,105.8,47.1,52.0,Sprinkler,297.6,6.18,0.8,0.7,4.7,81026,533563,380822.0,-152741.0,2389,1.967,50.2,-22763.19,79517.59,56754.4
SF13776,Punjab,Indore,Sugarcane,Rabi,6.53,270.5,25.7,67.5,8.1,5.88,29.3,101.3,28.5,116.0,Sprinkler,232.3,5.65,0.94,23.89,156.0,3410,437464,531960.0,94496.0,13870,11.247,35.1,14471.06,66992.96,81464.01
SF13777,Madhya Pradesh,Krishna,Chilli,Kharif,0.78,619.6,28.6,63.7,6.9,7.58,37.9,142.7,55.0,61.7,Drip,182.3,7.5,0.98,1.13,0.88,104236,56297,91728.0,35431.0,434,2.028,55.4,45424.36,72175.64,117600.0
SF13778,Punjab,Guntur,Chilli,Kharif,6.73,978.6,26.3,74.0,5.9,5.83,28.3,117.3,47.3,175.2,Drip,197.3,6.03,0.8,1.14,7.67,103794,457415,796100.0,338685.0,3975,1.93,48.1,50324.67,67966.57,118291.23
SF13779,Karnataka,Ludhiana,Pulses,Zaid,4.91,245.3,29.8,64.8,8.1,5.2,8.0,124.8,64.6,136.3,Rainfed,136.9,6.3,0.75,0.3,1.47,67737,289176,99573.0,-189603.0,1030,1.427,29.2,-38615.68,58895.32,20279.63
SF13780,Tamil Nadu,Warangal,Rice,Zaid,5.66,257.5,34.8,54.1,7.5,6.07,18.4,146.1,39.3,72.6,Sprinkler,198.5,7.42,0.94,1.45,8.21,19744,302258,162098.0,-140160.0,8538,0.962,36.0,-24763.25,53402.47,28639.22
SF13781,Karnataka,Erode,Sugarcane,Kharif,13.08,1065.2,25.4,68.0,6.0,6.41,41.0,126.7,46.6,103.3,Flood,106.4,6.11,0.77,56.17,734.7,3621,904097,2660349.0,1756252.0,33109,22.19,62.7,134270.03,69120.57,203390.6
SF13782,Punjab,Nalgonda,Wheat,Kharif,2.77,997.6,35.7,77.8,8.9,8.4,34.4,159.7,52.7,110.3,Rainfed,184.2,3.27,0.75,0.3,0.83,20345,148449,16886.0,-131563.0,914,0.908,65.8,-47495.67,53591.7,6096.03
SF13783,Telangana,Nashik,Pulses,Rabi,11.82,330.0,19.4,61.7,6.0,6.58,28.2,114.7,74.4,159.5,Rainfed,175.9,5.21,0.84,0.7,8.27,75001,830353,620258.0,-210095.0,2587,3.197,36.6,-17774.53,70249.83,52475.3
SF13784,Tamil Nadu,Erode,Rice,Kharif,0.92,606.3,24.0,69.2,9.9,7.52,27.6,87.9,55.1,133.7,Rainfed,140.4,4.69,0.85,1.45,1.33,24351,61402,32387.0,-29015.0,773,1.721,51.5,-31538.04,66741.3,35203.26
SF13785,Karnataka,Ludhiana,Wheat,Kharif,0.76,160.5,30.9,82.2,7.3,6.86,24.6,46.9,68.3,82.7,Flood,325.8,7.6,0.8,1.74,1.32,26080,63160,34426.0,-28734.0,464,2.845,39.9,-37807.89,83105.26,45297.37
SF13786,Andhra Pradesh,Indore,Wheat,Kharif,2.65,577.6,29.9,83.9,7.0,6.47,26.7,158.7,50.5,129.5,Drip,73.0,7.26,0.66,3.33,8.82,27069,152688,238749.0,86061.0,1491,5.915,54.9,32475.85,57618.11,90093.96
SF13787,Karnataka,Indore,Pulses,Rabi,14.14,584.1,23.3,41.6,7.7,6.23,17.7,65.9,74.1,155.8,Drip,202.4,4.27,0.96,1.35,19.09,74270,1082822,1417814.0,334992.0,4767,4.005,32.9,23691.09,76578.64,100269.73
SF13788,Tamil Nadu,Raichur,Maize,Rabi,3.51,297.4,24.5,60.0,7.3,6.21,20.3,152.1,57.2,63.9,Sprinkler,128.8,3.44,0.68,3.01,10.57,18684,264815,197490.0,-67325.0,2183,4.842,48.3,-19180.91,75445.87,56264.96
SF13789,Karnataka,Indore,Sugarcane,Kharif,12.73,497.3,30.1,72.8,6.8,7.31,35.0,108.6,93.2,62.4,Flood,56.1,4.66,0.93,44.2,562.67,3168,812943,1782539.0,969596.0,29546,19.044,62.3,76166.22,63860.41,140026.63
SF13790,Andhra Pradesh,Nashik,Cotton,Kharif,4.33,975.7,28.8,82.6,8.6,7.05,30.1,145.7,63.5,116.8,Drip,245.5,4.29,0.67,2.04,8.83,74390,291775,656864.0,365089.0,2968,2.975,63.9,84316.17,67384.53,151700.69
SF13791,Tamil Nadu,Indore,Rice,Kharif,13.99,862.0,36.1,70.3,7.8,6.59,29.5,139.1,67.2,112.3,Flood,210.0,3.43,0.67,2.88,40.29,22599,948037,910514.0,-37523.0,27502,1.465,62.1,-2682.13,67765.33,65083.2
SF13792,Madhya Pradesh,Nalgonda,Pulses,Rabi,4.23,566.3,24.2,45.2,7.5,7.04,20.2,66.7,84.3,85.5,Sprinkler,250.3,5.78,0.88,1.2,5.08,63164,291711,320873.0,29162.0,1476,3.442,47.7,6894.09,68962.41,75856.5
SF13793,Andhra Pradesh,Nashik,Cotton,Rabi,9.27,355.5,25.6,66.9,10.0,5.9,19.8,142.0,61.6,97.2,Rainfed,193.1,6.66,0.8,0.62,5.75,81785,554437,470264.0,-84173.0,3809,1.51,39.5,-9080.15,59809.82,50729.67
SF13794,Andhra Pradesh,Ludhiana,Groundnut,Rabi,8.74,181.7,23.4,56.4,7.4,5.79,38.0,125.4,70.5,130.9,Rainfed,269.2,4.24,0.83,0.5,4.37,59414,649057,259639.0,-389418.0,1898,2.302,26.8,-44555.84,74262.81,29706.98
SF13795,Gujarat,Ludhiana,Chilli,Kharif,10.43,502.1,28.1,70.8,8.2,7.03,26.3,70.3,65.1,92.7,Flood,172.1,3.75,0.78,2.07,21.59,94890,744205,2048675.0,1304470.0,9157,2.358,48.8,125069.03,71352.35,196421.38
SF13796,Maharashtra,Raichur,Groundnut,Zaid,7.34,316.5,32.8,61.9,8.7,5.28,10.3,65.8,61.6,87.3,Drip,172.4,4.04,0.92,0.3,2.2,58083,476557,127783.0,-348774.0,3214,0.685,48.1,-47516.89,64926.02,17409.13
SF13797,Gujarat,Warangal,Wheat,Kharif,13.31,805.5,28.2,69.9,6.1,6.66,20.5,112.1,59.0,52.6,Rainfed,192.4,6.48,0.73,2.78,37.0,25946,885632,960002.0,74370.0,4598,8.047,48.7,5587.53,66538.84,72126.37
SF13798,Madhya Pradesh,Krishna,Groundnut,Rabi,5.02,504.4,22.3,61.3,7.2,7.54,24.4,94.4,49.9,112.0,Flood,123.5,4.01,0.76,0.77,3.87,60341,309831,233520.0,-76311.0,2799,1.383,50.7,-15201.39,61719.32,46517.93
SF13799,Maharashtra,Krishna,Cotton,Zaid,5.01,410.0,29.0,43.5,7.1,5.29,18.4,75.1,39.2,112.7,Flood,211.0,5.15,0.68,0.3,1.5,71174,346537,106761.0,-239776.0,5008,0.3,35.1,-47859.48,69169.06,21309.58
SF13800,Telangana,Nashik,Maize,Kharif,2.06,1161.2,28.2,47.8,7.6,6.75,31.1,143.8,66.1,115.0,Rainfed,126.9,7.06,0.89,3.06,6.3,19852,133363,125068.0,-8295.0,686,9.184,48.0,-4026.7,64739.32,60712.62
SF13801,Telangana,Nashik,Pulses,Kharif,13.39,787.0,32.2,62.5,8.1,6.04,29.2,101.5,69.7,147.4,Sprinkler,216.3,5.0,0.98,0.89,11.92,74943,827758,893321.0,65563.0,4398,2.71,66.7,4896.42,61819.12,66715.53
SF13802,Punjab,Krishna,Chilli,Kharif,9.02,844.9,24.4,73.1,8.2,7.02,29.6,127.4,56.7,105.9,Sprinkler,209.9,3.16,0.94,2.06,18.58,103645,626301,1925724.0,1299423.0,5412,3.433,64.4,144060.2,69434.7,213494.9
SF13803,Gujarat,Nashik,Pulses,Kharif,5.15,1205.1,26.7,80.9,4.8,6.83,32.0,94.2,63.3,97.9,Flood,184.2,3.32,0.73,0.96,4.94,77998,301432,385310.0,83878.0,2932,1.685,68.5,16286.99,58530.49,74817.48
SF13804,Tamil Nadu,Nashik,Wheat,Rabi,5.56,601.4,21.2,59.7,7.7,6.13,18.5,170.7,54.0,174.4,Sprinkler,175.6,2.2,0.76,2.48,13.79,28539,285122,393553.0,108431.0,2462,5.601,46.4,19501.98,51280.94,70782.91
SF13805,Tamil Nadu,Ludhiana,Rice,Kharif,8.42,634.5,23.9,72.5,6.3,6.63,25.4,105.8,64.3,91.0,Sprinkler,180.2,6.17,0.88,4.27,35.95,23824,497499,856473.0,358974.0,12947,2.777,38.7,42633.49,59085.39,101718.88
SF13806,Gujarat,Nalgonda,Rice,Kharif,14.43,960.7,29.7,75.5,4.9,6.66,34.9,122.0,43.0,96.2,Sprinkler,203.5,5.04,0.83,3.26,47.04,20680,951694,972787.0,21093.0,23369,2.013,69.1,1461.75,65952.46,67414.21
SF13807,Maharashtra,Guntur,Cotton,Kharif,0.88,463.7,28.6,68.0,7.2,7.09,20.6,40.0,73.0,122.3,Flood,234.2,6.59,0.89,1.5,1.32,72245,70861,95363.0,24502.0,722,1.828,34.8,27843.18,80523.86,108367.05
SF13808,Tamil Nadu,Warangal,Groundnut,Kharif,0.92,720.8,24.9,61.0,7.5,6.66,39.2,132.0,64.6,125.7,Rainfed,156.9,3.83,0.92,2.17,2.0,58725,57027,117450.0,60423.0,240,8.333,49.5,65677.17,61985.87,127663.04
SF13809,Karnataka,Krishna,Rice,Rabi,10.28,586.4,21.7,59.4,8.2,6.17,21.0,121.8,54.1,104.4,Rainfed,280.2,0.56,0.7,2.0,20.56,21382,639170,439614.0,-199556.0,8547,2.406,57.4,-19412.06,62176.07,42764.01
SF13810,Punjab,Krishna,Maize,Rabi,8.29,623.6,24.0,58.6,8.0,7.52,18.3,109.1,92.4,154.1,Rainfed,210.7,2.75,1.0,1.87,15.5,24353,642274,377472.0,-264802.0,2300,6.739,45.9,-31942.34,77475.75,45533.41
SF13811,Telangana,Indore,Pulses,Rabi,3.98,711.0,24.9,58.5,8.9,6.62,17.1,102.9,53.7,74.8,Drip,173.7,5.13,0.72,2.03,8.08,70776,285986,571870.0,285884.0,1230,6.569,41.7,71830.15,71855.78,143685.93
SF13812,Karnataka,Indore,Rice,Kharif,12.54,1081.8,29.8,73.0,7.4,7.35,38.0,149.0,97.3,91.3,Drip,67.7,5.61,1.0,2.61,32.73,20798,632927,680719.0,47792.0,15864,2.063,55.1,3811.16,50472.65,54283.81
SF13813,Karnataka,Ludhiana,Rice,Rabi,9.56,456.0,24.4,68.0,10.2,5.97,22.0,78.1,73.5,74.2,Flood,257.6,5.51,0.82,1.53,14.63,17948,636229,262579.0,-373650.0,17869,0.819,42.4,-39084.73,66551.15,27466.42
SF13814,Tamil Nadu,Warangal,Wheat,Kharif,12.68,824.8,29.6,80.2,7.3,6.77,31.8,150.2,56.7,142.8,Sprinkler,125.6,6.4,0.82,3.13,39.69,20730,847567,822774.0,-24793.0,6800,5.837,55.3,-1955.28,66842.82,64887.54
SF13815,Maharashtra,Rajkot,Maize,Rabi,12.29,427.3,24.8,71.0,9.0,6.86,23.9,141.7,81.4,144.3,Drip,240.9,9.19,0.99,4.3,52.85,24072,1063777,1272205.0,208428.0,5976,8.844,33.0,16959.15,86556.31,103515.46
SF13816,Gujarat,Ludhiana,Groundnut,Rabi,14.46,101.3,22.4,57.6,7.3,7.55,23.0,144.4,79.4,95.2,Drip,178.9,3.76,0.98,0.65,9.4,54292,1121592,510345.0,-611247.0,5344,1.759,30.3,-42271.58,77565.15,35293.57
SF13817,Maharashtra,Nashik,Rice,Kharif,10.33,683.6,29.9,63.9,5.7,6.29,31.5,119.3,70.8,77.6,Rainfed,176.7,5.4,0.93,3.13,32.33,22816,706021,737641.0,31620.0,10131,3.191,46.5,3060.99,68346.66,71407.65
SF13818,Karnataka,Warangal,Wheat,Zaid,5.0,80.0,31.6,43.9,7.9,6.63,12.5,143.9,69.1,119.0,Sprinkler,139.0,6.15,0.65,2.6,13.0,25504,309480,331552.0,22072.0,2370,5.485,28.7,4414.4,61896.0,66310.4
SF13819,Andhra Pradesh,Guntur,Rice,Rabi,3.39,536.7,22.8,51.9,6.0,6.34,26.0,123.5,67.3,121.1,Flood,104.2,6.42,0.65,2.83,9.59,21532,238047,206492.0,-31555.0,6260,1.532,38.3,-9308.26,70220.35,60912.09
SF13820,Madhya Pradesh,Erode,Pulses,Rabi,0.85,567.3,23.6,59.1,7.4,8.01,27.8,98.3,45.3,136.3,Rainfed,253.1,2.91,0.92,0.3,0.26,68282,56595,17753.0,-38842.0,174,1.494,55.5,-45696.47,66582.35,20885.88
SF13821,Telangana,Ludhiana,Rice,Zaid,2.44,516.6,34.2,48.1,11.0,6.48,22.9,125.7,70.7,146.1,Sprinkler,149.4,4.96,0.85,3.2,7.81,18921,155073,147773.0,-7300.0,3680,2.122,40.6,-2991.8,63554.51,60562.7
SF13822,Gujarat,Raichur,Rice,Kharif,0.74,733.2,31.5,78.9,7.4,5.92,28.1,128.2,49.2,126.2,Sprinkler,169.7,9.52,0.87,2.22,1.64,20295,47895,33284.0,-14611.0,1278,1.283,43.0,-19744.59,64722.97,44978.38
SF13823,Madhya Pradesh,Guntur,Cotton,Kharif,12.37,535.6,29.6,68.8,7.7,6.46,39.3,106.1,66.8,78.6,Flood,196.5,6.75,0.85,1.5,18.56,65711,663991,1219596.0,555605.0,11138,1.666,48.6,44915.52,53677.53,98593.05
SF13824,Maharashtra,Ludhiana,Pulses,Kharif,3.77,608.4,27.5,70.4,5.5,5.97,38.8,96.3,79.6,125.2,Flood,107.5,6.09,0.94,0.91,3.43,72247,243907,247807.0,3900.0,1715,2.0,51.3,1034.48,64696.82,65731.3
SF13825,Gujarat,Rajkot,Wheat,Kharif,6.36,855.4,29.6,72.2,6.5,6.81,31.3,178.0,66.0,83.2,Flood,168.9,1.77,0.83,3.26,20.73,22118,466032,458506.0,-7526.0,4933,4.202,58.1,-1183.33,73275.47,72092.14
SF13826,Maharashtra,Ludhiana,Wheat,Zaid,11.26,453.8,30.5,36.5,9.1,6.38,15.9,93.9,60.0,82.9,Drip,228.9,4.44,0.73,2.55,28.71,24960,823988,716602.0,-107386.0,5506,5.214,35.5,-9536.94,73178.33,63641.39
SF13827,Gujarat,Erode,Sugarcane,Kharif,8.41,716.5,32.0,78.1,8.2,6.19,26.1,159.5,51.3,107.7,Drip,222.5,5.72,0.78,59.75,502.5,3458,556994,1737645.0,1180651.0,12824,39.184,46.9,140386.56,66229.96,206616.53
SF13828,Madhya Pradesh,Nalgonda,Cotton,Kharif,2.95,740.6,28.6,67.5,6.2,7.66,27.0,171.8,36.5,115.6,Flood,188.8,4.58,0.79,0.72,2.12,70736,209199,149960.0,-59239.0,2903,0.73,52.7,-20081.02,70914.92,50833.9
SF13829,Gujarat,Erode,Maize,Rabi,10.22,205.1,22.7,58.1,9.3,7.21,17.5,159.2,69.4,69.5,Sprinkler,81.3,4.33,0.71,2.27,23.2,20891,518050,484671.0,-33379.0,5657,4.101,31.6,-3266.05,50689.82,47423.78
SF13830,Maharashtra,Erode,Wheat,Zaid,4.35,255.1,34.8,57.9,8.9,8.37,18.2,174.4,54.4,135.0,Flood,93.1,2.38,0.96,0.3,1.3,24173,271988,31425.0,-240563.0,3024,0.43,54.8,-55301.84,62525.98,7224.14
SF13831,Gujarat,Rajkot,Chilli,Kharif,11.69,830.2,29.3,70.6,6.3,5.9,34.0,122.9,55.1,104.4,Sprinkler,257.3,7.44,0.73,1.23,14.38,125007,856203,1797601.0,941398.0,6812,2.111,45.3,80530.2,73242.34,153772.54
SF13832,Karnataka,Krishna,Chilli,Zaid,5.35,327.5,29.1,55.5,7.9,6.07,10.3,144.2,43.8,98.9,Flood,300.2,10.1,0.78,1.14,6.1,90487,424338,551971.0,127633.0,4335,1.407,23.8,23856.64,79315.51,103172.15
SF13833,Tamil Nadu,Guntur,Wheat,Zaid,4.74,296.7,30.0,45.3,8.8,6.5,18.2,99.3,53.3,139.4,Rainfed,241.9,2.55,0.69,1.83,8.67,24726,366311,214374.0,-151937.0,1351,6.417,54.8,-32054.22,77280.8,45226.58
SF13834,Tamil Nadu,Ludhiana,Sugarcane,Rabi,1.38,670.6,27.3,65.8,8.2,7.19,32.3,119.9,68.8,89.9,Sprinkler,264.5,6.98,0.77,56.62,78.14,3370,112068,263332.0,151264.0,2292,34.092,50.3,109611.59,81208.7,190820.29
SF13835,Punjab,Warangal,Cotton,Kharif,10.84,854.3,29.3,66.9,5.3,7.4,24.4,128.2,31.7,78.3,Rainfed,169.0,2.99,0.81,0.98,10.62,73694,631851,782630.0,150779.0,5077,2.092,62.8,13909.5,58288.84,72198.34
SF13836,Madhya Pradesh,Warangal,Pulses,Rabi,13.26,511.2,27.7,65.1,9.4,7.08,28.2,117.7,63.1,130.2,Flood,101.3,3.79,0.85,0.84,11.14,71700,797468,798738.0,1270.0,6223,1.79,48.8,95.78,60140.87,60236.65
SF13837,Gujarat,Nashik,Pulses,Kharif,9.57,936.3,34.3,81.7,5.6,6.61,28.2,93.2,82.8,73.3,Drip,233.9,5.95,0.69,1.05,10.05,65404,751618,657310.0,-94308.0,3067,3.277,69.0,-9854.55,78538.98,68684.43
SF13838,Andhra Pradesh,Nashik,Cotton,Zaid,9.24,80.0,31.3,44.7,7.9,6.6,26.5,90.0,53.6,94.8,Flood,208.3,9.08,0.97,1.08,9.98,75218,668363,750676.0,82313.0,9186,1.086,13.8,8908.33,72333.66,81241.99
SF13839,Telangana,Ludhiana,Maize,Rabi,2.12,451.6,23.9,53.0,8.8,7.11,25.7,73.7,73.0,97.3,Rainfed,213.9,4.99,0.77,2.69,5.7,22298,133829,127099.0,-6730.0,698,8.166,24.7,-3174.53,63126.89,59952.36
SF13840,Telangana,Ludhiana,Rice,Zaid,7.8,196.0,30.5,45.6,7.1,7.37,14.2,114.3,58.9,48.0,Sprinkler,175.1,7.06,0.68,1.32,10.3,21986,563970,226456.0,-337514.0,11332,0.909,24.9,-43271.03,72303.85,29032.82
SF13841,Gujarat,Raichur,Maize,Rabi,5.19,328.0,23.1,61.7,8.2,7.5,29.0,87.1,44.7,75.2,Rainfed,136.2,3.13,0.71,1.05,5.45,21173,309424,115393.0,-194031.0,2059,2.647,51.8,-37385.55,59619.27,22233.72
SF13842,Maharashtra,Warangal,Wheat,Kharif,12.23,927.6,25.7,70.0,7.5,5.66,18.3,81.5,26.4,146.2,Flood,116.9,5.83,0.73,0.77,9.42,27860,754952,262441.0,-492511.0,9605,0.981,58.7,-40270.73,61729.52,21458.79
SF13843,Tamil Nadu,Raichur,Rice,Rabi,11.13,516.3,25.4,63.2,5.8,5.93,23.3,164.7,57.8,76.1,Drip,235.8,4.24,0.87,2.25,25.04,22248,699420,557090.0,-142330.0,11995,2.088,46.3,-12787.96,62840.97,50053.01
SF13844,Tamil Nadu,Nalgonda,Sugarcane,Kharif,6.35,990.6,26.1,60.7,6.7,7.59,31.200000000000003,103.9,59.3,99.3,Rainfed,212.6,4.97,0.66,23.46,148.97,3951,431847,588580.0,156733.0,6249,23.839,54.6,24682.36,68007.4,92689.76
SF13845,Andhra Pradesh,Guntur,Groundnut,Kharif,4.57,788.2,29.8,95.0,5.1,7.03,42.8,143.5,61.3,153.0,Sprinkler,370.8,8.1,0.83,2.28,10.42,62794,341671,654313.0,312642.0,2279,4.572,59.3,68411.82,74763.89,143175.71
SF13846,Gujarat,Guntur,Pulses,Kharif,7.87,343.5,34.1,83.2,6.5,6.19,32.9,108.5,65.3,147.7,Drip,58.4,3.24,0.93,0.91,7.16,67039,458553,479999.0,21446.0,2509,2.854,65.9,2725.03,58265.95,60990.98
SF13847,Telangana,Krishna,Maize,Rabi,3.95,670.5,18.5,54.2,7.0,6.92,26.9,78.5,65.8,56.6,Rainfed,145.0,3.21,0.67,3.29,13.0,21245,238402,276185.0,37783.0,1063,12.23,51.3,9565.32,60354.94,69920.25
SF13848,Karnataka,Indore,Wheat,Rabi,6.8,615.5,26.1,56.2,6.7,6.41,30.1,82.7,57.3,129.3,Flood,191.3,3.66,0.67,2.69,18.29,22798,483199,416975.0,-66224.0,4992,3.664,47.5,-9738.82,71058.68,61319.85
SF13849,Punjab,Ludhiana,Rice,Rabi,4.22,534.1,24.2,58.3,8.3,6.81,15.7,118.2,66.0,79.0,Rainfed,152.0,1.28,0.66,4.13,17.43,23683,251218,412795.0,161577.0,3524,4.946,52.3,38288.39,59530.33,97818.72
SF13850,Telangana,Erode,Rice,Kharif,2.31,679.6,26.6,74.3,6.8,7.31,34.2,139.7,99.2,80.6,Sprinkler,109.0,4.92,0.82,3.86,8.92,22338,149737,199255.0,49518.0,3571,2.498,44.9,21436.36,64821.21,86257.58
SF13851,Punjab,Nashik,Sugarcane,Rabi,8.88,388.0,20.4,65.5,8.5,6.5,22.1,194.8,73.4,126.7,Drip,204.9,0.5,1.0,58.18,516.64,3261,707371,1684763.0,977392.0,14741,35.048,59.3,110066.67,79658.9,189725.56
SF13852,Punjab,Raichur,Wheat,Kharif,12.93,334.2,30.4,84.3,4.6,6.44,29.9,160.2,58.9,61.1,Drip,276.9,5.05,0.66,2.98,38.53,25378,998986,977814.0,-21172.0,6343,6.074,33.7,-1637.43,77261.1,75623.67
SF13853,Madhya Pradesh,Rajkot,Cotton,Rabi,3.61,402.1,25.2,55.1,7.2,6.76,22.3,97.7,84.1,83.4,Rainfed,197.4,5.34,0.75,1.38,4.98,62696,203777,312226.0,108449.0,1615,3.084,47.6,30041.27,56447.92,86489.2
SF13854,Tamil Nadu,Rajkot,Groundnut,Zaid,10.73,144.3,33.2,53.3,7.4,6.69,23.1,142.2,40.2,124.9,Flood,73.7,8.6,0.95,1.16,12.45,53997,719753,672263.0,-47490.0,8523,1.461,34.2,-4425.91,67078.56,62652.66
SF13855,Karnataka,Warangal,Sugarcane,Kharif,7.91,1097.1,29.7,78.0,6.5,6.25,25.8,121.8,47.8,122.9,Drip,216.1,7.49,0.67,49.88,394.55,4023,539874,1587275.0,1047401.0,13429,29.38,53.6,132414.79,68252.09,200666.88
SF13856,Andhra Pradesh,Rajkot,Groundnut,Kharif,8.75,483.2,23.9,68.4,6.3,6.35,33.8,155.4,60.1,74.0,Drip,160.1,9.06,0.98,2.17,18.99,50779,637192,964293.0,327101.0,3791,5.009,33.0,37382.97,72821.94,110204.91
SF13857,Karnataka,Erode,Chilli,Rabi,2.42,415.7,24.8,64.3,8.1,6.58,21.3,73.3,47.6,65.7,Sprinkler,170.0,1.82,0.78,2.24,5.42,115407,162872,625506.0,462634.0,1484,3.652,49.6,191171.07,67302.48,258473.55
SF13858,Andhra Pradesh,Nashik,Wheat,Rabi,2.32,296.4,24.6,58.7,6.9,6.73,13.1,134.7,30.3,114.9,Rainfed,204.3,7.73,0.7,2.29,5.31,24745,133786,131396.0,-2390.0,630,8.429,25.3,-1030.17,57666.38,56636.21
SF13859,Madhya Pradesh,Ludhiana,Maize,Rabi,14.15,584.6,20.5,64.5,7.4,6.64,30.0,172.7,56.2,94.7,Sprinkler,143.6,3.86,1.0,4.2,59.43,22381,1029301,1330103.0,300802.0,7126,8.34,44.4,21258.09,72742.12,94000.21
SF13860,Gujarat,Warangal,Maize,Rabi,5.19,426.1,24.2,47.9,9.1,5.97,29.8,140.5,63.7,126.9,Flood,308.6,7.0,0.67,1.41,7.32,17612,382417,128920.0,-253497.0,4167,1.757,16.9,-48843.35,73683.43,24840.08
SF13861,Telangana,Erode,Maize,Rabi,5.79,460.2,23.0,50.5,7.8,7.06,23.0,127.6,43.1,58.0,Flood,145.4,4.56,0.8,2.91,16.85,23901,391141,402732.0,11591.0,4215,3.998,39.8,2001.9,67554.58,69556.48
SF13862,Telangana,Indore,Rice,Rabi,8.77,513.1,22.7,43.7,9.0,6.84,23.4,160.1,35.1,126.5,Rainfed,163.9,4.24,0.66,3.32,29.12,23850,535518,694512.0,158994.0,6744,4.318,46.3,18129.3,61062.49,79191.79
SF13863,Gujarat,Erode,Groundnut,Rabi,5.88,477.5,22.3,47.6,6.3,6.85,18.7,103.4,25.6,74.1,Rainfed,122.4,3.51,0.91,1.44,8.47,59853,256232,506955.0,250723.0,1494,5.669,35.4,42639.97,43576.87,86216.84
SF13864,Madhya Pradesh,Nashik,Rice,Kharif,7.96,868.9,25.6,63.2,5.5,6.71,33.8,100.9,52.3,72.1,Drip,247.0,6.85,0.76,3.81,30.33,20160,491111,611453.0,120342.0,7970,3.806,44.9,15118.34,61697.36,76815.7
SF13865,Tamil Nadu,Guntur,Rice,Rabi,13.45,461.0,17.1,59.5,5.0,7.62,24.4,113.8,87.2,77.1,Flood,254.0,4.24,0.95,1.23,16.54,22552,1047268,373010.0,-674258.0,28996,0.57,31.6,-50130.71,77863.79,27733.09
SF13866,Telangana,Warangal,Pulses,Kharif,5.01,1206.2,28.0,66.5,8.5,7.0,42.1,126.2,99.6,61.7,Drip,127.1,3.3,0.8,1.15,5.76,67332,280004,387832.0,107828.0,1510,3.815,61.3,21522.55,55889.02,77411.58
SF13867,Telangana,Ludhiana,Maize,Rabi,8.23,548.4,21.9,59.1,8.4,6.99,29.0,129.3,48.9,70.0,Drip,162.3,5.73,0.72,4.03,33.17,19749,583419,655074.0,71655.0,4289,7.734,45.3,8706.56,70889.31,79595.87
SF13868,Tamil Nadu,Rajkot,Wheat,Kharif,4.59,1020.6,30.1,94.6,8.3,7.17,36.6,116.7,25.6,183.3,Sprinkler,135.0,4.81,0.82,2.38,10.92,25996,299458,283876.0,-15582.0,2871,3.804,64.4,-3394.77,65241.39,61846.62
SF13869,Telangana,Nashik,Chilli,Rabi,1.02,463.1,26.7,48.2,6.7,7.07,24.4,164.7,77.5,147.4,Drip,244.2,7.61,0.76,3.04,3.1,106189,61427,329186.0,267759.0,446,6.951,33.4,262508.82,60222.55,322731.37
SF13870,Telangana,Rajkot,Chilli,Zaid,1.12,247.3,30.5,63.8,10.0,7.37,19.4,123.5,63.4,85.1,Flood,315.4,6.01,0.79,0.79,0.88,111282,100179,97928.0,-2251.0,843,1.044,42.4,-2009.82,89445.54,87435.71
SF13871,Telangana,Indore,Maize,Rabi,12.0,501.8,24.2,56.1,8.3,6.13,27.1,77.5,54.3,120.7,Drip,144.6,1.9,0.72,2.96,35.52,22620,650058,803462.0,153404.0,5118,6.94,49.2,12783.67,54171.5,66955.17
SF13872,Andhra Pradesh,Indore,Chilli,Kharif,6.43,784.8,31.9,68.1,6.4,7.38,33.0,97.9,47.0,163.5,Flood,234.0,7.77,0.98,1.43,9.19,108268,490588,994983.0,504395.0,3955,2.324,46.9,78444.01,76296.73,154740.75
SF13873,Telangana,Ludhiana,Rice,Rabi,12.29,336.3,24.7,69.1,7.4,7.07,26.8,105.8,34.2,100.5,Rainfed,98.8,3.93,0.94,2.04,25.07,21948,621214,550236.0,-70978.0,11542,2.172,51.0,-5775.26,50546.3,44771.03
SF13874,Gujarat,Erode,Rice,Rabi,8.26,582.0,24.2,60.5,7.5,7.07,36.0,108.1,72.9,144.5,Rainfed,203.5,5.84,0.91,3.18,26.27,22908,507995,601793.0,93798.0,6556,4.007,45.5,11355.69,61500.61,72856.3
SF13875,Madhya Pradesh,Guntur,Cotton,Kharif,2.57,928.8,27.7,62.0,4.8,7.67,37.8,130.5,68.4,128.7,Rainfed,199.2,5.73,0.94,0.57,1.46,65650,198427,95849.0,-102578.0,1285,1.136,53.6,-39913.62,77208.95,37295.33
SF13876,Karnataka,Nalgonda,Rice,Kharif,8.26,813.5,33.2,82.8,7.9,6.69,36.3,147.3,76.7,137.1,Flood,208.9,3.0,0.89,3.63,29.98,19817,489469,594114.0,104645.0,16465,1.821,57.9,12668.89,59257.75,71926.63
SF13877,Andhra Pradesh,Guntur,Cotton,Rabi,11.32,162.8,25.6,51.0,7.1,7.05,26.9,105.9,61.1,104.0,Flood,173.3,6.31,0.85,1.19,13.47,65158,716779,877678.0,160899.0,11979,1.124,24.6,14213.69,63319.7,77533.39
SF13878,Tamil Nadu,Nashik,Pulses,Kharif,14.12,867.4,30.0,59.6,5.8,5.82,35.3,135.2,56.7,75.1,Flood,157.8,4.09,0.85,0.59,8.33,73717,1082439,614063.0,-468376.0,6090,1.368,55.9,-33171.1,76659.99,43488.88
SF13879,Telangana,Nalgonda,Sugarcane,Rabi,14.88,512.5,21.8,62.9,8.7,5.92,14.1,68.9,37.4,115.1,Drip,163.2,7.89,0.93,32.19,478.99,2920,1188066,1398651.0,210585.0,21918,21.854,30.7,14152.22,79843.15,93995.36
SF13880,Madhya Pradesh,Ludhiana,Wheat,Rabi,7.67,557.1,22.6,53.0,6.9,7.21,25.3,95.9,75.9,102.6,Sprinkler,261.9,6.81,0.82,2.45,18.79,22476,598212,422324.0,-175888.0,4754,3.952,25.1,-22931.94,77993.74,55061.8
SF13881,Madhya Pradesh,Warangal,Wheat,Rabi,11.13,593.6,19.4,44.6,7.7,5.76,26.3,184.2,71.5,113.4,Flood,252.4,4.26,0.85,0.85,9.46,23579,999011,223057.0,-775954.0,8393,1.127,40.8,-69717.34,89758.4,20041.06
SF13882,Telangana,Ludhiana,Cotton,Zaid,7.61,197.1,30.2,55.9,10.0,6.83,16.2,133.3,61.6,128.1,Drip,179.2,3.94,0.71,1.3,9.89,65049,523845,643335.0,119490.0,4406,2.245,35.4,15701.71,68836.4,84538.11
SF13883,Madhya Pradesh,Krishna,Maize,Kharif,10.51,863.0,30.5,73.9,8.1,6.08,31.3,146.0,40.0,123.4,Drip,154.2,9.05,0.92,3.3,34.68,21870,634708,758452.0,123744.0,5433,6.383,46.6,11773.93,60390.87,72164.8
SF13884,Maharashtra,Warangal,Rice,Kharif,0.73,667.6,30.9,87.2,7.2,6.23,40.0,145.4,55.2,118.7,Sprinkler,141.1,4.51,0.98,2.96,2.16,21781,57222,47047.0,-10175.0,963,2.243,43.9,-13938.36,78386.3,64447.95
SF13885,Gujarat,Erode,Cotton,Kharif,1.06,897.7,26.3,60.3,6.9,5.97,25.1,144.8,40.0,72.8,Sprinkler,128.2,5.13,0.82,1.04,1.1,66591,78650,73250.0,-5400.0,837,1.314,54.4,-5094.34,74198.11,69103.77
SF13886,Maharashtra,Ludhiana,Pulses,Zaid,14.47,324.0,28.3,31.9,8.6,7.19,16.1,118.1,51.4,80.5,Sprinkler,235.6,5.3,0.85,0.85,12.3,69828,1078068,858884.0,-219184.0,4516,2.724,38.9,-15147.48,74503.66,59356.19
SF13887,Gujarat,Warangal,Wheat,Rabi,9.35,476.7,20.0,70.7,7.2,6.59,22.6,84.6,61.5,104.6,Rainfed,79.7,5.7,0.97,1.97,18.42,21337,610709,393028.0,-217681.0,3093,5.955,41.4,-23281.39,65316.47,42035.08
SF13888,Tamil Nadu,Krishna,Wheat,Rabi,3.11,927.4,21.9,38.5,7.1,6.73,27.8,127.2,66.6,138.1,Flood,165.8,2.21,0.9,2.85,8.86,25212,211889,223378.0,11489.0,1794,4.939,48.4,3694.21,68131.51,71825.72
SF13889,Telangana,Krishna,Maize,Rabi,4.81,384.9,18.4,61.5,7.4,5.61,21.5,180.2,55.5,97.8,Flood,273.1,5.73,0.79,0.76,3.66,22326,340454,81713.0,-258741.0,3171,1.154,44.5,-53792.31,70780.46,16988.15
SF13890,Karnataka,Nashik,Pulses,Rabi,7.93,296.5,24.4,52.7,6.7,7.05,26.0,108.5,46.9,107.9,Drip,158.6,5.54,0.75,1.15,9.12,69896,593852,637452.0,43600.0,2891,3.155,29.6,5498.11,74886.76,80384.87
SF13891,Telangana,Ludhiana,Cotton,Kharif,4.31,1114.9,30.2,78.9,6.6,7.28,31.2,83.3,47.9,116.1,Drip,181.8,4.02,0.86,1.09,4.7,66866,305267,314270.0,9003.0,3112,1.51,71.4,2088.86,70827.61,72916.47
SF13892,Karnataka,Nalgonda,Wheat,Rabi,12.58,346.7,28.0,46.5,8.8,5.98,26.4,155.7,59.9,59.2,Drip,238.8,5.15,0.72,1.77,22.27,23617,888241,525951.0,-362290.0,5106,4.362,56.6,-28798.89,70607.39,41808.51
SF13893,Madhya Pradesh,Raichur,Wheat,Rabi,1.19,354.8,24.0,35.5,5.4,7.33,25.9,87.8,54.3,77.4,Rainfed,233.0,4.86,0.8,1.48,1.76,23674,72491,41666.0,-30825.0,329,5.35,31.8,-25903.36,60916.81,35013.45
SF13894,Andhra Pradesh,Guntur,Maize,Rabi,13.58,492.7,22.8,43.9,8.2,7.95,11.3,95.6,68.2,91.1,Flood,222.6,0.5,0.85,0.64,8.69,21727,1058006,188808.0,-869198.0,10756,0.808,44.9,-64005.74,77909.13,13903.39
SF13895,Gujarat,Warangal,Maize,Rabi,12.09,820.1,19.0,46.2,6.5,6.93,24.9,137.7,57.1,97.4,Rainfed,224.3,4.76,0.83,2.85,34.46,19508,820500,672246.0,-148254.0,4406,7.821,46.4,-12262.53,67866.0,55603.47
SF13896,Tamil Nadu,Raichur,Maize,Zaid,14.46,399.3,29.2,62.0,7.3,7.36,13.8,129.3,47.4,82.0,Rainfed,182.4,6.35,0.82,2.24,32.39,18931,918356,613175.0,-305181.0,4898,6.613,40.4,-21105.19,63510.1,42404.91
SF13897,Andhra Pradesh,Guntur,Cotton,Rabi,14.88,483.8,25.7,69.3,7.1,7.21,19.7,109.1,91.2,85.5,Flood,76.0,8.93,0.88,1.31,19.49,63427,1053290,1236192.0,182902.0,12554,1.552,37.2,12291.8,70785.62,83077.42
SF13898,Karnataka,Rajkot,Sugarcane,Zaid,14.99,292.5,26.4,55.6,8.8,6.05,18.9,139.8,84.1,88.2,Sprinkler,141.6,3.08,0.79,31.82,476.98,3365,898221,1605038.0,706817.0,29415,16.216,38.2,47152.57,59921.35,107073.92
SF13899,Tamil Nadu,Indore,Wheat,Kharif,6.35,950.3,31.7,73.7,5.7,7.69,30.9,132.9,65.9,119.9,Sprinkler,279.4,4.3,0.86,0.9,5.72,26992,426947,154394.0,-272553.0,3605,1.587,60.0,-42921.73,67235.75,24314.02
SF13900,Telangana,Krishna,Groundnut,Kharif,12.5,603.7,26.8,88.9,6.8,8.18,30.0,131.8,39.6,104.3,Drip,149.7,4.09,0.69,0.3,3.75,52558,731823,197092.0,-534731.0,5299,0.708,56.3,-42778.48,58545.84,15767.36
SF13901,Gujarat,Rajkot,Wheat,Kharif,9.0,559.0,24.5,80.4,7.5,6.74,34.8,148.0,77.0,93.9,Rainfed,91.8,6.58,0.71,3.21,28.89,25075,601823,724417.0,122594.0,2464,11.725,45.7,13621.56,66869.22,80490.78
SF13902,Gujarat,Erode,Cotton,Zaid,14.7,282.7,29.4,66.5,9.1,5.48,23.5,104.9,69.5,101.1,Rainfed,182.6,1.73,0.69,0.3,4.41,64747,1140615,285534.0,-855081.0,6564,0.672,41.4,-58168.78,77592.86,19424.08
SF13903,Punjab,Nalgonda,Pulses,Zaid,0.72,276.9,31.7,66.5,6.5,5.44,11.2,173.5,48.0,131.7,Sprinkler,208.7,2.64,0.95,0.3,0.22,80719,39818,17758.0,-22060.0,215,1.023,46.8,-30638.89,55302.78,24663.89
SF13904,Punjab,Krishna,Wheat,Rabi,12.56,555.0,25.1,63.2,7.1,7.7,25.4,136.7,76.2,108.8,Flood,195.1,6.7,0.77,1.0,12.56,28197,925370,354154.0,-571216.0,9002,1.395,34.5,-45478.98,73675.96,28196.97
SF13905,Gujarat,Guntur,Maize,Kharif,4.64,935.2,30.4,81.0,6.8,6.22,26.7,60.7,54.5,109.3,Flood,132.2,7.44,0.82,2.85,13.22,22388,292019,295969.0,3950.0,3359,3.936,51.9,851.29,62935.13,63786.42
SF13906,Punjab,Nalgonda,Rice,Kharif,13.33,668.0,30.6,67.5,7.4,5.66,29.8,112.1,65.8,100.7,Sprinkler,101.3,6.45,0.75,1.01,13.46,21696,1023482,292028.0,-731454.0,19182,0.702,36.1,-54872.77,76780.35,21907.58
SF13907,Maharashtra,Guntur,Rice,Kharif,11.14,628.1,27.1,55.1,8.5,5.2,30.8,90.1,55.3,87.5,Flood,190.9,5.74,0.65,0.3,3.34,22456,876163,75003.0,-801160.0,19254,0.173,42.1,-71917.41,78650.18,6732.76
SF13908,Karnataka,Raichur,Pulses,Rabi,10.9,600.2,20.3,64.6,6.9,6.48,10.4,150.9,93.0,169.2,Rainfed,46.0,6.11,0.89,1.47,16.02,76365,559035,1223367.0,664332.0,2489,6.436,36.5,60947.89,51287.61,112235.5
SF13909,Andhra Pradesh,Guntur,Wheat,Kharif,11.31,965.0,34.0,74.7,5.9,6.29,31.6,159.7,54.1,62.1,Sprinkler,321.4,4.12,0.89,2.35,26.58,27540,724225,732013.0,7788.0,5929,4.483,61.1,688.59,64034.04,64722.63
SF13910,Gujarat,Guntur,Maize,Kharif,1.55,797.9,30.6,70.7,5.5,7.25,20.9,88.8,65.5,139.3,Rainfed,304.0,6.44,0.92,2.94,4.56,21186,113693,96608.0,-17085.0,400,11.4,45.5,-11022.58,73350.32,62327.74
SF13911,Gujarat,Warangal,Groundnut,Rabi,14.27,511.5,26.8,53.8,8.2,7.67,24.6,126.2,65.1,89.0,Flood,249.8,3.1,0.76,0.75,10.7,51608,889648,552206.0,-337442.0,8280,1.292,50.9,-23646.95,62343.94,38696.99
SF13912,Karnataka,Ludhiana,Groundnut,Rabi,4.84,278.5,27.4,68.4,7.8,7.03,22.5,111.7,54.0,122.1,Flood,251.0,5.75,0.76,1.42,6.87,61490,309229,422436.0,113207.0,3454,1.989,39.8,23389.88,63890.29,87280.17
SF13913,Gujarat,Rajkot,Rice,Rabi,3.94,309.1,25.4,51.0,7.8,6.6,21.4,92.0,52.4,112.9,Drip,150.3,7.64,0.92,3.67,14.46,22955,265071,331929.0,66858.0,5398,2.679,38.3,16969.04,67276.9,84245.94
SF13914,Andhra Pradesh,Rajkot,Rice,Kharif,9.61,656.1,32.6,63.1,7.8,6.4,25.4,181.6,61.0,138.3,Rainfed,211.4,5.67,0.89,3.37,32.39,21668,742341,701827.0,-40514.0,8035,4.031,49.9,-4215.82,77246.72,73030.91
SF13915,Andhra Pradesh,Guntur,Pulses,Kharif,5.02,948.1,24.9,81.6,5.2,7.24,25.2,74.8,16.8,102.6,Rainfed,118.4,4.19,0.69,0.82,4.12,81481,288222,335702.0,47480.0,1077,3.825,56.7,9458.17,57414.74,66872.91
SF13916,Telangana,Nashik,Wheat,Kharif,10.85,1203.6,27.3,69.1,7.6,7.35,41.0,122.5,46.3,57.4,Rainfed,169.4,8.28,0.86,1.25,13.56,26088,676793,353753.0,-323040.0,3105,4.367,45.3,-29773.27,62377.24,32603.96
SF13917,Andhra Pradesh,Nalgonda,Chilli,Rabi,4.79,508.3,25.1,52.6,8.9,6.28,28.4,95.2,89.0,77.8,Rainfed,170.0,9.27,0.82,1.83,8.77,105471,330032,924981.0,594949.0,1626,5.394,22.3,124206.47,68900.21,193106.68
SF13918,Telangana,Raichur,Pulses,Kharif,4.74,559.4,27.0,73.4,7.7,6.69,33.3,127.0,99.8,159.6,Rainfed,112.2,3.3,0.66,1.66,7.87,71834,265421,565334.0,299913.0,912,8.629,44.1,63272.78,55995.99,119268.78
SF13919,Madhya Pradesh,Indore,Cotton,Kharif,0.76,843.6,33.2,75.6,6.6,6.8,29.0,42.8,45.6,92.9,Rainfed,201.1,6.05,0.71,1.38,1.05,69483,57204,72957.0,15753.0,280,3.75,54.2,20727.63,75268.42,95996.05
SF13920,Maharashtra,Raichur,Chilli,Kharif,4.05,874.8,26.9,80.4,7.9,5.86,36.2,106.7,49.4,170.9,Sprinkler,182.6,4.93,0.72,1.22,4.94,111781,296204,552198.0,255994.0,2595,1.904,51.5,63208.4,73136.79,136345.19
SF13921,Madhya Pradesh,Nalgonda,Rice,Rabi,13.48,309.6,24.0,50.5,7.2,6.73,27.4,126.2,46.0,86.6,Drip,219.8,7.88,0.99,3.66,49.34,20877,1072993,1030071.0,-42922.0,16680,2.958,20.5,-3184.12,79598.89,76414.76
SF13922,Madhya Pradesh,Nalgonda,Rice,Zaid,8.94,219.4,27.3,55.0,8.1,6.82,18.1,55.5,81.0,71.4,Drip,183.5,5.64,0.93,2.86,25.57,18322,519347,468494.0,-50853.0,6156,4.154,16.2,-5688.26,58092.51,52404.25
SF13923,Maharashtra,Rajkot,Wheat,Kharif,1.77,1013.3,31.1,70.4,5.7,5.86,26.3,181.6,54.3,142.8,Rainfed,218.7,5.82,0.86,2.36,4.18,22354,111157,93440.0,-17717.0,505,8.277,54.8,-10009.6,62800.56,52790.96
SF13924,Andhra Pradesh,Nashik,Rice,Rabi,3.75,337.4,27.7,73.3,6.9,7.94,25.1,96.3,65.2,40.0,Rainfed,247.2,5.02,0.89,0.34,1.28,23442,251606,30006.0,-221600.0,2971,0.431,40.6,-59093.33,67094.93,8001.6
SF13925,Tamil Nadu,Raichur,Maize,Rabi,2.76,466.8,23.0,67.2,6.7,6.09,18.5,109.3,36.0,93.9,Rainfed,205.2,5.3,0.89,1.97,5.44,20991,209374,114191.0,-95183.0,815,6.675,37.5,-34486.59,75860.14,41373.55
SF13926,Madhya Pradesh,Nashik,Wheat,Rabi,12.52,374.0,17.9,59.7,9.4,7.57,24.5,118.6,77.5,128.7,Rainfed,116.4,5.14,0.71,0.88,11.02,26649,744970,293672.0,-451298.0,3347,3.293,29.8,-36046.17,59502.4,23456.23
SF13927,Andhra Pradesh,Krishna,Maize,Kharif,11.29,1017.3,24.7,69.5,5.8,7.38,38.2,116.2,73.5,121.1,Rainfed,272.3,2.52,0.67,2.21,24.95,19914,806958,496854.0,-310104.0,3875,6.439,78.8,-27467.14,71475.47,44008.33
SF13928,Punjab,Guntur,Groundnut,Rabi,7.05,144.8,23.2,63.4,7.6,6.77,19.8,163.3,64.1,74.1,Sprinkler,149.4,5.2,0.94,1.6,11.28,56513,438357,637467.0,199110.0,3277,3.442,25.6,28242.55,62178.3,90420.85
SF13929,Punjab,Indore,Wheat,Kharif,12.85,795.8,30.3,67.4,8.3,6.84,27.0,98.5,48.0,87.1,Sprinkler,167.4,3.61,0.73,3.45,44.33,21068,893471,933944.0,40473.0,7298,6.074,61.9,3149.65,69530.82,72680.47
SF13930,Tamil Nadu,Erode,Pulses,Rabi,10.13,628.3,23.2,57.8,8.7,6.93,21.7,126.3,71.9,140.3,Rainfed,260.6,4.26,0.78,1.36,13.78,71319,693862,982776.0,288914.0,2153,6.4,51.5,28520.63,68495.76,97016.39
SF13931,Telangana,Warangal,Cotton,Zaid,6.6,454.0,30.0,60.3,6.9,7.67,19.1,113.8,74.3,103.6,Flood,331.6,4.66,0.75,0.45,2.97,65805,362830,195441.0,-167389.0,6665,0.446,44.5,-25361.97,54974.24,29612.27
SF13932,Madhya Pradesh,Raichur,Rice,Rabi,8.93,174.2,21.1,38.3,7.3,7.4,18.2,110.0,50.1,129.1,Sprinkler,65.9,3.03,0.84,1.54,13.75,24375,504681,335156.0,-169525.0,12096,1.137,42.1,-18983.76,56515.23,37531.47
SF13933,Gujarat,Raichur,Pulses,Kharif,2.76,1013.4,32.6,69.4,7.2,6.92,23.6,124.1,88.8,107.2,Drip,230.8,5.38,0.68,1.3,3.59,80348,171958,288449.0,116491.0,891,4.029,52.1,42206.88,62303.62,104510.51
SF13934,Andhra Pradesh,Erode,Rice,Kharif,11.91,965.5,30.7,86.4,7.1,7.05,31.2,176.9,41.2,73.0,Drip,171.0,6.42,0.68,3.39,40.37,20474,727619,826535.0,98916.0,16896,2.389,58.6,8305.29,61093.12,69398.4
SF13935,Telangana,Nashik,Cotton,Zaid,10.11,345.7,27.0,55.0,10.0,6.62,24.9,96.6,94.5,69.0,Sprinkler,190.0,3.8,0.92,1.59,16.07,62854,681723,1010064.0,328341.0,8047,1.997,44.0,32476.85,67430.56,99907.42
SF13936,Tamil Nadu,Erode,Pulses,Kharif,12.11,1022.4,31.9,91.5,6.1,6.92,32.7,145.3,51.9,95.3,Flood,165.6,5.79,0.85,1.21,14.65,61837,793430,905912.0,112482.0,5834,2.511,55.5,9288.36,65518.58,74806.94
SF13937,Telangana,Guntur,Wheat,Rabi,7.82,458.6,20.9,67.2,7.9,6.22,32.0,111.8,80.5,99.5,Rainfed,203.3,2.68,0.89,1.74,13.61,24325,460509,331063.0,-129446.0,1997,6.815,45.7,-16553.2,58888.62,42335.42
SF13938,Madhya Pradesh,Erode,Wheat,Kharif,2.44,871.6500000000001,22.6,69.9,8.3,7.31,29.9,139.7,99.0,101.9,Drip,101.2,3.48,0.79,2.98,7.27,23624,133843,171746.0,37903.0,1177,6.177,49.9,15534.02,54853.69,70387.7
SF13939,Andhra Pradesh,Warangal,Maize,Kharif,7.55,989.5,33.0,72.4,8.6,6.16,25.3,80.6,54.5,128.7,Drip,148.5,3.92,0.96,2.73,20.61,20986,457237,432521.0,-24716.0,3784,5.447,58.7,-3273.64,60561.19,57287.55
SF13940,Karnataka,Rajkot,Chilli,Zaid,6.03,428.1,27.7,64.5,8.4,7.57,20.7,108.9,73.7,160.3,Sprinkler,203.8,3.9,0.67,1.01,6.09,104489,346744,636338.0,289594.0,3368,1.808,47.1,48025.54,57503.15,105528.69
SF13941,Madhya Pradesh,Nalgonda,Sugarcane,Zaid,2.11,398.4,31.1,37.8,8.8,6.1,14.5,132.2,62.6,121.7,Flood,119.2,0.5,1.0,35.88,75.71,3367,124124,254916.0,130792.0,4221,17.937,32.0,61986.73,58826.54,120813.27
SF13942,Andhra Pradesh,Raichur,Rice,Zaid,10.51,411.0,30.5,59.4,5.9,5.88,28.4,155.7,32.1,90.1,Sprinkler,231.1,6.51,0.84,1.14,11.98,19488,702019,233466.0,-468553.0,18118,0.661,36.0,-44581.64,66795.34,22213.7
SF13943,Maharashtra,Erode,Chilli,Rabi,2.26,854.2,26.7,41.2,7.3,5.2,31.8,87.4,38.3,144.3,Drip,159.2,6.17,0.93,0.3,0.68,89733,138570,61018.0,-77552.0,1316,0.517,30.1,-34315.04,61314.16,26999.12
SF13944,Punjab,Erode,Pulses,Kharif,6.63,1093.9,32.5,71.7,7.0,7.05,29.3,90.2,42.9,85.6,Sprinkler,137.6,4.93,0.79,1.06,7.03,63475,418547,446229.0,27682.0,2512,2.799,56.5,4175.26,63129.26,67304.52
SF13945,Tamil Nadu,Indore,Cotton,Kharif,5.41,641.3,26.9,69.3,7.5,6.13,28.5,135.4,34.8,80.2,Rainfed,232.0,5.34,0.88,1.45,7.84,65780,345616,515715.0,170099.0,2632,2.979,44.7,31441.59,63884.66,95326.25
SF13946,Punjab,Warangal,Chilli,Rabi,10.33,638.0,24.3,64.9,6.8,6.9,37.8,108.0,56.9,134.9,Flood,80.9,4.63,0.96,3.05,31.51,105747,585484,3332088.0,2746604.0,8762,3.596,49.3,265886.16,56678.03,322564.18
SF13947,Madhya Pradesh,Ludhiana,Chilli,Rabi,5.18,572.1,21.6,69.4,9.1,5.59,19.9,94.3,69.2,104.1,Sprinkler,135.7,5.32,0.84,1.56,8.08,107687,335676,870111.0,534435.0,3646,2.216,42.9,103172.78,64802.32,167975.1
SF13948,Andhra Pradesh,Krishna,Wheat,Rabi,1.73,340.0,25.5,55.0,7.9,6.24,18.6,135.9,54.7,116.6,Rainfed,176.3,3.03,0.84,1.75,3.03,25565,110174,77462.0,-32712.0,460,6.587,36.1,-18908.67,63684.39,44775.72
SF13949,Karnataka,Nashik,Groundnut,Rabi,13.9,493.3,21.4,53.3,8.8,6.02,19.4,69.6,38.5,90.9,Drip,222.8,5.54,0.66,0.91,12.65,48548,1039090,614132.0,-424958.0,5683,2.226,31.5,-30572.52,74754.68,44182.16
SF13950,Madhya Pradesh,Nalgonda,Chilli,Zaid,2.44,132.1,30.4,44.1,8.6,6.59,17.2,140.9,76.6,76.0,Rainfed,192.6,6.26,0.87,1.35,3.29,104792,161746,344766.0,183020.0,805,4.087,24.7,75008.2,66289.34,141297.54
SF13951,Karnataka,Rajkot,Groundnut,Kharif,3.89,929.3,25.6,65.5,7.2,7.0,22.4,80.5,98.2,128.8,Flood,238.8,4.48,0.87,1.95,7.59,45819,301719,347766.0,46047.0,2345,3.237,57.5,11837.28,77562.72,89400.0
SF13952,Madhya Pradesh,Erode,Rice,Zaid,6.2,399.2,33.5,30.0,7.7,5.99,17.9,120.7,60.6,138.6,Drip,183.5,1.71,0.75,1.47,9.11,24294,390632,221318.0,-169314.0,8101,1.125,40.2,-27308.71,63005.16,35696.45
SF13953,Andhra Pradesh,Warangal,Chilli,Kharif,3.88,839.1,26.2,72.9,5.7,6.18,40.5,118.1,60.2,125.8,Sprinkler,223.0,3.37,0.97,2.65,10.28,113362,274339,1165361.0,891022.0,2563,4.011,60.2,229644.85,70705.93,300350.77
SF13954,Karnataka,Nalgonda,Groundnut,Kharif,12.59,740.4,35.4,87.3,8.0,6.94,20.9,116.2,55.9,118.9,Drip,153.8,5.93,0.89,2.15,27.07,54533,710815,1476208.0,765393.0,5211,5.195,58.9,60793.73,56458.7,117252.42
SF13955,Maharashtra,Erode,Maize,Kharif,8.25,708.1,31.9,75.4,7.7,7.65,31.3,80.2,58.9,85.5,Sprinkler,188.6,5.42,0.72,1.28,10.56,21456,522222,226575.0,-295647.0,4824,2.189,52.7,-35836.0,63299.64,27463.64
SF13956,Karnataka,Indore,Rice,Zaid,5.91,301.6,32.2,38.0,5.4,6.33,14.7,207.2,51.6,128.6,Drip,192.9,3.52,0.95,2.36,13.95,24849,397856,346644.0,-51212.0,7022,1.987,31.1,-8665.31,67319.12,58653.81
SF13957,Maharashtra,Krishna,Groundnut,Rabi,6.03,541.5,26.0,55.0,6.4,6.07,28.2,133.4,51.5,103.6,Flood,209.5,5.97,0.96,1.54,9.29,59179,490223,549773.0,59550.0,3913,2.374,36.4,9875.62,81297.35,91172.97
SF13958,Andhra Pradesh,Krishna,Pulses,Rabi,10.25,566.1,24.2,51.7,7.2,6.45,24.6,176.0,84.7,82.3,Flood,161.7,1.92,0.93,1.36,13.94,75814,615132,1056847.0,441715.0,5474,2.547,47.7,43094.15,60012.88,103107.02
SF13959,Tamil Nadu,Raichur,Rice,Rabi,1.79,472.2,18.9,66.7,10.1,6.63,31.3,124.9,34.1,139.7,Rainfed,282.0,7.72,0.79,2.69,4.82,22656,110771,109202.0,-1569.0,1509,3.194,29.0,-876.54,61883.24,61006.7
SF13960,Tamil Nadu,Krishna,Groundnut,Kharif,11.78,1004.4,29.2,67.6,5.9,7.3,34.5,199.2,50.2,136.9,Flood,192.1,4.37,0.81,1.22,14.37,50547,778441,726360.0,-52081.0,6417,2.239,44.2,-4421.14,66081.58,61660.44
SF13961,Karnataka,Nashik,Sugarcane,Kharif,11.63,933.1,25.1,77.9,5.5,8.4,30.2,61.9,61.1,85.6,Rainfed,218.7,0.5,0.83,1.39,16.17,3193,700172,51631.0,-648541.0,12155,1.33,67.8,-55764.49,60203.96,4439.47
SF13962,Gujarat,Erode,Rice,Kharif,12.37,738.2,27.9,66.8,6.5,6.69,37.2,141.0,77.8,103.5,Rainfed,291.6,8.82,0.89,3.71,45.89,22569,875309,1035691.0,160382.0,8381,5.475,29.9,12965.4,70760.63,83726.03
SF13963,Gujarat,Ludhiana,Groundnut,Rabi,6.99,361.3,20.6,79.6,8.6,6.96,29.3,128.8,59.0,129.8,Rainfed,222.3,3.19,0.67,1.4,9.79,55058,525856,539018.0,13162.0,1836,5.332,49.0,1882.98,75229.76,77112.73
SF13964,Telangana,Rajkot,Cotton,Kharif,0.92,1088.4,31.1,73.5,7.6,7.19,32.5,117.0,24.6,117.4,Sprinkler,200.8,6.0,0.97,1.0,0.92,63196,71611,58140.0,-13471.0,584,1.575,73.3,-14642.39,77838.04,63195.65
SF13965,Telangana,Nalgonda,Chilli,Kharif,10.59,661.5,31.0,76.3,7.7,6.38,35.8,146.2,49.1,106.5,Rainfed,108.9,1.94,0.92,2.41,25.52,100522,603318,2565321.0,1962003.0,3738,6.827,47.3,185269.41,56970.54,242239.94
SF13966,Punjab,Rajkot,Groundnut,Rabi,8.36,464.1,23.2,73.5,7.5,7.11,29.4,120.1,59.6,101.9,Rainfed,135.8,7.61,0.92,1.34,11.2,55474,504343,621309.0,116966.0,2248,4.982,32.4,13991.15,60328.11,74319.26
SF13967,Maharashtra,Raichur,Sugarcane,Rabi,7.97,399.2,24.4,54.1,9.1,6.8,20.8,81.8,74.0,99.2,Flood,220.6,4.13,0.65,51.04,406.79,3199,560564,1301321.0,740757.0,19853,20.49,37.3,92943.16,70334.25,163277.42
SF13968,Tamil Nadu,Ludhiana,Maize,Kharif,12.79,590.4,31.5,53.6,5.9,7.98,26.6,164.0,61.8,119.8,Sprinkler,98.8,4.75,0.86,0.66,8.44,15749,873885,132922.0,-740963.0,7779,1.085,43.9,-57932.99,68325.65,10392.65
SF13969,Punjab,Ludhiana,Rice,Rabi,8.27,467.9,23.2,49.7,8.1,6.23,16.5,135.8,94.6,76.4,Flood,252.7,5.29,0.81,3.1,25.64,22526,491408,577567.0,86159.0,16926,1.515,37.3,10418.26,59420.56,69838.81
SF13970,Punjab,Guntur,Pulses,Kharif,10.57,846.8,29.5,70.9,5.3,7.28,27.6,68.4,52.2,104.9,Flood,143.8,5.84,0.81,0.92,9.72,74722,580292,726298.0,146006.0,4537,2.142,47.1,13813.25,54899.91,68713.15
SF13971,Karnataka,Guntur,Chilli,Kharif,13.78,950.1,30.1,60.1,6.9,7.33,34.6,120.3,73.8,123.5,Rainfed,200.4,6.91,0.97,1.39,19.15,94210,1093028,1804121.0,711093.0,4257,4.498,37.7,51603.27,79319.88,130923.15
SF13972,Madhya Pradesh,Warangal,Wheat,Rabi,6.46,667.7,22.5,47.8,6.1,6.75,22.0,85.2,54.1,151.7,Drip,127.5,5.0,0.73,3.87,25.0,25086,443187,627150.0,183963.0,2848,8.778,47.8,28477.24,68604.8,97082.04
SF13973,Andhra Pradesh,Raichur,Maize,Kharif,14.22,861.4000000000001,25.6,67.9,7.9,6.94,33.2,75.4,56.2,145.3,Flood,190.9,6.22,0.74,3.49,49.63,18976,1005620,941779.0,-63841.0,9700,5.116,52.2,-4489.52,70718.71,66229.18
SF13974,Maharashtra,Erode,Rice,Zaid,6.46,372.2,29.0,41.5,8.2,5.2,13.1,112.4,31.1,149.2,Flood,211.3,5.06,0.66,0.3,1.94,22368,465829,43394.0,-422435.0,11412,0.17,36.3,-65392.41,72109.75,6717.34
SF13975,Telangana,Krishna,Chilli,Zaid,11.6,255.7,29.3,55.2,8.6,7.36,23.4,138.7,17.1,101.1,Sprinkler,139.4,5.02,0.84,1.05,12.18,91243,866150,1111340.0,245190.0,6535,1.864,29.6,21137.07,74668.1,95805.17
SF13976,Andhra Pradesh,Guntur,Chilli,Rabi,8.38,267.0,23.5,68.7,7.2,6.37,23.1,106.2,62.3,91.8,Rainfed,261.0,2.89,0.88,1.56,13.07,114449,587194,1495848.0,908654.0,3026,4.319,52.1,108431.26,70070.88,178502.15
SF13977,Telangana,Warangal,Pulses,Rabi,3.15,484.8,16.6,53.3,7.5,6.89,24.8,129.5,55.0,113.0,Rainfed,117.9,3.63,0.78,0.78,2.46,80673,182403,198456.0,16053.0,785,3.134,46.6,5096.19,57905.71,63001.9
SF13978,Telangana,Erode,Cotton,Kharif,4.45,893.7,24.6,56.2,5.2,5.35,28.0,60.9,83.4,102.1,Flood,157.1,6.12,0.96,0.3,1.34,61038,231071,81791.0,-149280.0,4666,0.287,44.0,-33546.07,51926.07,18380.0
SF13979,Gujarat,Erode,Groundnut,Zaid,1.42,110.7,27.3,60.3,6.8,6.92,22.8,180.1,78.7,80.5,Rainfed,136.4,3.61,0.98,1.4,1.99,52328,93799,104133.0,10334.0,389,5.116,45.9,7277.46,66055.63,73333.1
SF13980,Telangana,Raichur,Groundnut,Kharif,0.62,1108.0,30.8,59.8,6.4,5.99,22.6,93.6,38.2,50.7,Flood,174.0,5.8,0.76,0.75,0.46,49117,50638,22594.0,-28044.0,413,1.114,53.1,-45232.26,81674.19,36441.94
SF13981,Gujarat,Nashik,Chilli,Kharif,7.07,736.3,26.0,73.9,7.6,5.53,34.2,111.5,24.0,110.1,Flood,264.1,4.22,0.95,0.52,3.68,98278,601226,361663.0,-239563.0,6331,0.581,45.1,-33884.44,85039.04,51154.6
SF13982,Andhra Pradesh,Guntur,Sugarcane,Kharif,3.13,1153.6,26.5,75.3,6.0,5.66,28.5,181.1,39.5,102.7,Sprinkler,133.1,5.07,0.82,12.74,39.88,3442,203346,137267.0,-66079.0,4931,8.088,63.0,-21111.5,64966.77,43855.27
SF13983,Karnataka,Erode,Sugarcane,Zaid,4.69,242.8,30.9,36.3,9.5,6.71,16.4,78.5,49.4,101.1,Sprinkler,97.0,6.99,0.89,48.95,229.58,4082,354701,937146.0,582445.0,9892,23.209,32.2,124188.7,75629.21,199817.91
SF13984,Gujarat,Nashik,Chilli,Kharif,13.68,717.2,29.3,66.4,7.8,6.66,31.8,100.2,49.9,129.4,Drip,128.9,6.71,0.82,3.02,41.31,98175,844264,4055609.0,3211345.0,7219,5.722,49.6,234747.44,61715.2,296462.65
SF13985,Andhra Pradesh,Ludhiana,Rice,Kharif,10.59,1043.9,34.8,85.4,6.1,5.2,27.2,110.9,36.2,82.4,Sprinkler,222.4,2.25,0.81,0.3,3.18,16682,743032,53049.0,-689983.0,13655,0.233,75.2,-65154.2,70163.55,5009.35
SF13986,Maharashtra,Indore,Cotton,Kharif,14.86,1043.2,24.7,66.2,6.4,6.81,18.9,108.8,43.8,143.2,Rainfed,121.5,5.0,0.99,1.47,21.84,51660,750167,1128254.0,378087.0,5297,4.123,51.8,25443.27,50482.3,75925.57
SF13987,Telangana,Warangal,Groundnut,Kharif,10.16,834.4,32.1,61.3,6.1,7.23,22.7,108.0,87.4,134.9,Drip,141.6,6.05,0.71,1.74,17.68,54627,559423,965805.0,406382.0,4923,3.591,64.0,39998.23,55061.32,95059.55
SF13988,Madhya Pradesh,Guntur,Pulses,Zaid,7.61,279.7,28.8,56.2,8.2,7.9,16.4,126.1,79.2,113.5,Flood,123.8,5.0,0.88,0.3,2.28,67634,479959,154206.0,-325753.0,3331,0.684,52.1,-42805.91,63069.51,20263.6
SF13989,Gujarat,Raichur,Wheat,Rabi,7.6,263.3,21.7,57.7,10.3,7.22,18.4,163.8,69.8,112.4,Flood,131.3,5.89,0.88,1.81,13.76,19668,554624,270632.0,-283992.0,4784,2.876,25.6,-37367.37,72976.84,35609.47
SF13990,Madhya Pradesh,Krishna,Rice,Zaid,10.95,165.8,31.0,58.9,8.9,7.17,18.4,164.9,57.5,135.4,Sprinkler,230.5,4.31,0.7,1.79,19.6,25196,838720,493842.0,-344878.0,18298,1.071,46.0,-31495.71,76595.43,45099.73
SF13991,Tamil Nadu,Indore,Cotton,Kharif,6.58,1072.3,28.0,79.6,7.3,6.46,29.4,121.3,45.4,64.0,Flood,70.7,6.71,0.7,1.62,10.66,72931,388777,777444.0,388667.0,6259,1.703,41.1,59067.93,59084.65,118152.58
SF13992,Telangana,Rajkot,Chilli,Zaid,2.04,338.8,34.4,69.0,7.5,6.29,14.7,61.5,56.3,80.7,Drip,173.8,4.68,0.82,1.07,2.18,80847,137231,176246.0,39015.0,854,2.553,41.8,19125.0,67270.1,86395.1
SF13993,Karnataka,Rajkot,Groundnut,Rabi,2.03,579.9,20.4,56.5,8.0,6.36,26.4,141.1,55.7,102.4,Flood,203.1,5.77,0.66,1.61,3.27,58117,139340,190043.0,50703.0,1416,2.309,38.6,24976.85,68640.39,93617.24
SF13994,Gujarat,Rajkot,Cotton,Rabi,13.48,308.9,25.0,70.8,8.1,6.31,26.3,86.1,40.4,107.8,Sprinkler,164.1,3.91,0.89,1.33,17.93,71268,1053465,1277835.0,224370.0,10589,1.693,43.7,16644.66,78150.22,94794.88
SF13995,Maharashtra,Ludhiana,Wheat,Kharif,9.2,1243.8,27.5,66.5,7.4,7.11,25.4,102.3,49.2,95.4,Flood,263.3,2.59,0.7,2.18,20.06,23314,618838,467679.0,-151159.0,5577,3.597,67.1,-16430.33,67265.0,50834.67
SF13996,Karnataka,Rajkot,Wheat,Kharif,4.72,865.4,27.3,51.4,6.3,7.97,27.3,104.3,44.8,94.0,Drip,271.1,5.45,0.74,0.51,2.41,22717,362917,54748.0,-308169.0,2016,1.195,45.2,-65290.04,76889.19,11599.15
SF13997,Karnataka,Krishna,Chilli,Kharif,8.77,947.5,29.2,85.5,6.1,6.57,33.7,127.8,44.9,91.3,Drip,176.6,4.99,0.8,2.75,24.12,106459,496471,2567791.0,2071320.0,5351,4.508,59.7,236182.44,56610.15,292792.59
SF13998,Andhra Pradesh,Erode,Pulses,Zaid,10.47,80.0,35.4,68.5,8.6,7.25,21.1,126.7,59.9,148.0,Drip,234.7,6.27,0.99,0.62,6.49,66860,785632,433921.0,-351711.0,3392,1.913,29.2,-33592.26,75036.49,41444.22
SF13999,Punjab,Warangal,Cotton,Kharif,1.73,475.0,28.2,61.7,6.4,6.11,30.5,107.5,20.7,91.0,Sprinkler,329.7,2.6,0.98,1.35,2.34,75282,153904,176160.0,22256.0,1220,1.918,50.4,12864.74,88961.85,101826.59
SF14000,Punjab,Nashik,Wheat,Kharif,3.31,984.3,25.8,77.2,5.9,6.16,35.7,137.1,92.6,145.5,Sprinkler,205.9,6.72,0.99,2.36,7.81,28812,263872,225022.0,-38850.0,1800,4.339,62.3,-11737.16,79719.64,67982.48
